"ID","NhietDo","DoAm","TocDoGio","HuongGio","LuongMua","ThoiGian","KHTram","MaTram","P","NguyCo"
15573,27.5000000000,76.2000000000,3.3000000000,106.0000000000,0.0000000000,2025-03-14 15:36:00.000,SocSon,"2",0.0000000000,I
15572,27.6000000000,76.7000000000,1.8000000000,156.0000000000,0.0000000000,2025-03-14 15:35:00.000,SocSon,"2",0.0000000000,I
15571,27.6000000000,76.3000000000,2.4000000000,159.0000000000,0.0000000000,2025-03-14 15:34:00.000,SocSon,"2",0.0000000000,I
15570,27.7000000000,75.2000000000,3.3000000000,149.0000000000,0.0000000000,2025-03-14 15:33:00.000,SocSon,"2",0.0000000000,I
15569,27.7000000000,75.7000000000,2.5000000000,138.0000000000,0.0000000000,2025-03-14 15:32:00.000,SocSon,"2",0.0000000000,I
15568,27.7000000000,75.8000000000,1.4000000000,133.0000000000,0.0000000000,2025-03-14 15:31:00.000,SocSon,"2",0.0000000000,I
15567,27.8000000000,75.1000000000,2.6000000000,157.0000000000,0.0000000000,2025-03-14 15:30:00.000,SocSon,"2",0.0000000000,I
15566,27.8000000000,76.1000000000,2.3000000000,109.0000000000,0.0000000000,2025-03-14 15:29:00.000,SocSon,"2",0.0000000000,I
15565,27.7000000000,76.0000000000,1.4000000000,111.0000000000,0.0000000000,2025-03-14 15:28:00.000,SocSon,"2",0.0000000000,I
15564,27.7000000000,75.5000000000,2.0000000000,138.0000000000,0.0000000000,2025-03-14 15:27:00.000,SocSon,"2",0.0000000000,I
15563,27.7000000000,75.4000000000,1.4000000000,157.0000000000,0.0000000000,2025-03-14 15:26:00.000,SocSon,"2",0.0000000000,I
15562,27.8000000000,75.9000000000,2.0000000000,177.0000000000,0.0000000000,2025-03-14 15:25:00.000,SocSon,"2",0.0000000000,I
15561,27.8000000000,75.7000000000,2.7000000000,120.0000000000,0.0000000000,2025-03-14 15:24:00.000,SocSon,"2",0.0000000000,I
15560,27.9000000000,75.1000000000,2.9000000000,156.0000000000,0.0000000000,2025-03-14 15:23:00.000,SocSon,"2",0.0000000000,I
15559,27.8000000000,75.2000000000,2.2000000000,131.0000000000,0.0000000000,2025-03-14 15:22:00.000,SocSon,"2",0.0000000000,I
15558,27.8000000000,76.5000000000,3.8000000000,128.0000000000,0.0000000000,2025-03-14 15:21:00.000,SocSon,"2",0.0000000000,I
15557,27.8000000000,75.8000000000,0.8000000000,121.0000000000,0.0000000000,2025-03-14 15:20:00.000,SocSon,"2",0.0000000000,I
15556,27.8000000000,75.3000000000,4.5000000000,145.0000000000,0.0000000000,2025-03-14 15:19:00.000,SocSon,"2",0.0000000000,I
15555,27.8000000000,75.6000000000,1.2000000000,168.0000000000,0.0000000000,2025-03-14 15:18:00.000,SocSon,"2",0.0000000000,I
15554,27.9000000000,74.6000000000,3.8000000000,42.0000000000,0.0000000000,2025-03-14 15:17:00.000,SocSon,"2",0.0000000000,I
15553,28.0000000000,75.7000000000,3.5000000000,116.0000000000,0.0000000000,2025-03-14 15:16:00.000,SocSon,"2",0.0000000000,I
15552,28.0000000000,76.1000000000,1.6000000000,192.0000000000,0.0000000000,2025-03-14 15:15:00.000,SocSon,"2",0.0000000000,I
15551,27.9000000000,75.9000000000,1.8000000000,189.0000000000,0.0000000000,2025-03-14 15:14:00.000,SocSon,"2",0.0000000000,I
15550,27.9000000000,76.5000000000,1.0000000000,25.0000000000,0.0000000000,2025-03-14 15:13:00.000,SocSon,"2",0.0000000000,I
15549,27.8000000000,75.6000000000,2.8000000000,115.0000000000,0.0000000000,2025-03-14 15:12:00.000,SocSon,"2",0.0000000000,I
15548,27.8000000000,75.0000000000,1.8000000000,153.0000000000,0.0000000000,2025-03-14 15:11:00.000,SocSon,"2",0.0000000000,I
15547,27.8000000000,75.2000000000,2.2000000000,146.0000000000,0.0000000000,2025-03-14 15:10:00.000,SocSon,"2",0.0000000000,I
15546,27.8000000000,74.8000000000,1.6000000000,138.0000000000,0.0000000000,2025-03-14 15:09:00.000,SocSon,"2",0.0000000000,I
15545,27.9000000000,74.4000000000,2.3000000000,82.0000000000,0.0000000000,2025-03-14 15:08:00.000,SocSon,"2",0.0000000000,I
15544,27.9000000000,75.1000000000,2.2000000000,120.0000000000,0.0000000000,2025-03-14 15:07:00.000,SocSon,"2",0.0000000000,I
15543,28.1000000000,75.8000000000,0.7000000000,129.0000000000,0.0000000000,2025-03-14 13:41:00.000,SocSon,"2",0.0000000000,I
15542,28.1000000000,74.4000000000,2.2000000000,72.0000000000,0.0000000000,2025-03-14 13:40:00.000,SocSon,"2",0.0000000000,I
15541,28.3000000000,73.9000000000,6.2000000000,123.0000000000,0.0000000000,2025-03-14 13:39:00.000,SocSon,"2",0.0000000000,I
15540,28.4000000000,74.8000000000,1.2000000000,104.0000000000,0.0000000000,2025-03-14 13:38:00.000,SocSon,"2",0.0000000000,I
15539,28.3000000000,75.1000000000,3.0000000000,113.0000000000,0.0000000000,2025-03-14 13:37:00.000,SocSon,"2",0.0000000000,I
15538,28.3000000000,75.1000000000,1.8000000000,127.0000000000,0.0000000000,2025-03-14 13:36:00.000,SocSon,"2",0.0000000000,I
15537,28.4000000000,74.2000000000,3.1000000000,156.0000000000,0.0000000000,2025-03-14 13:35:00.000,SocSon,"2",0.0000000000,I
15536,28.2000000000,76.3000000000,1.0000000000,150.0000000000,0.0000000000,2025-03-14 13:34:00.000,SocSon,"2",0.0000000000,I
15535,28.1000000000,75.0000000000,1.4000000000,188.0000000000,0.0000000000,2025-03-14 13:33:00.000,SocSon,"2",0.0000000000,I
15534,28.2000000000,74.0000000000,3.4000000000,110.0000000000,0.0000000000,2025-03-14 13:32:00.000,SocSon,"2",0.0000000000,I
15533,28.2000000000,75.1000000000,2.8000000000,132.0000000000,0.0000000000,2025-03-14 13:31:00.000,SocSon,"2",0.0000000000,I
15532,28.2000000000,74.5000000000,3.0000000000,129.0000000000,0.0000000000,2025-03-14 13:30:00.000,SocSon,"2",0.0000000000,I
15531,28.2000000000,74.3000000000,1.3000000000,126.0000000000,0.0000000000,2025-03-14 13:29:00.000,SocSon,"2",0.0000000000,I
15530,28.2000000000,75.7000000000,2.4000000000,121.0000000000,0.0000000000,2025-03-14 13:28:00.000,SocSon,"2",0.0000000000,I
15529,28.0000000000,77.0000000000,0.5000000000,361.0000000000,0.0000000000,2025-03-14 13:27:00.000,SocSon,"2",0.0000000000,I
15528,28.0000000000,76.1000000000,1.6000000000,65.0000000000,0.0000000000,2025-03-14 13:26:00.000,SocSon,"2",0.0000000000,I
15527,28.2000000000,74.7000000000,3.4000000000,145.0000000000,0.0000000000,2025-03-14 13:25:00.000,SocSon,"2",0.0000000000,I
15526,28.3000000000,74.3000000000,4.5000000000,121.0000000000,0.0000000000,2025-03-14 13:24:00.000,SocSon,"2",0.0000000000,I
15525,28.3000000000,76.0000000000,1.4000000000,64.0000000000,0.0000000000,2025-03-14 13:23:00.000,SocSon,"2",0.0000000000,I
15524,28.4000000000,74.1000000000,3.1000000000,138.0000000000,0.0000000000,2025-03-14 13:22:00.000,SocSon,"2",0.0000000000,I
15523,28.5000000000,73.2000000000,3.7000000000,120.0000000000,0.0000000000,2025-03-14 13:21:00.000,SocSon,"2",0.0000000000,I
15522,28.6000000000,73.3000000000,3.4000000000,163.0000000000,0.0000000000,2025-03-14 13:20:00.000,SocSon,"2",0.0000000000,I
15521,28.8000000000,70.8000000000,2.3000000000,144.0000000000,0.0000000000,2025-03-14 13:19:00.000,SocSon,"2",0.0000000000,I
15520,29.1000000000,71.0000000000,3.7000000000,125.0000000000,0.0000000000,2025-03-14 13:18:00.000,SocSon,"2",0.0000000000,I
15519,29.1000000000,72.0000000000,1.7000000000,166.0000000000,0.0000000000,2025-03-14 13:17:00.000,SocSon,"2",0.0000000000,I
15518,28.9000000000,72.7000000000,1.2000000000,111.0000000000,0.0000000000,2025-03-14 13:16:00.000,SocSon,"2",0.0000000000,I
15517,28.8000000000,72.8000000000,1.0000000000,144.0000000000,0.0000000000,2025-03-14 13:15:00.000,SocSon,"2",0.0000000000,I
15516,28.8000000000,73.5000000000,1.2000000000,49.0000000000,0.0000000000,2025-03-14 13:14:00.000,SocSon,"2",0.0000000000,I
15515,28.8000000000,70.8000000000,3.3000000000,86.0000000000,0.0000000000,2025-03-14 13:13:00.000,SocSon,"2",0.0000000000,I
15514,28.7000000000,73.4000000000,1.2000000000,121.0000000000,0.0000000000,2025-03-14 13:12:00.000,SocSon,"2",0.0000000000,I
15513,28.6000000000,74.6000000000,0.8000000000,139.0000000000,0.0000000000,2025-03-14 13:11:00.000,SocSon,"2",0.0000000000,I
15512,28.5000000000,73.1000000000,1.5000000000,157.0000000000,0.0000000000,2025-03-14 13:10:00.000,SocSon,"2",0.0000000000,I
15511,28.4000000000,73.6000000000,3.7000000000,122.0000000000,0.0000000000,2025-03-14 13:09:00.000,SocSon,"2",0.0000000000,I
15510,28.5000000000,71.9000000000,3.6000000000,122.0000000000,0.0000000000,2025-03-14 13:08:00.000,SocSon,"2",0.0000000000,I
15509,28.7000000000,71.8000000000,3.2000000000,175.0000000000,0.0000000000,2025-03-14 13:07:00.000,SocSon,"2",0.0000000000,I
15508,28.8000000000,73.1000000000,3.9000000000,166.0000000000,0.0000000000,2025-03-14 13:06:00.000,SocSon,"2",0.0000000000,I
15507,28.7000000000,72.6000000000,2.9000000000,137.0000000000,0.0000000000,2025-03-14 13:05:00.000,SocSon,"2",0.0000000000,I
15506,28.8000000000,71.2000000000,2.6000000000,132.0000000000,0.0000000000,2025-03-14 13:04:00.000,SocSon,"2",0.0000000000,I
15505,29.0000000000,70.8000000000,2.4000000000,128.0000000000,0.0000000000,2025-03-14 13:03:00.000,SocSon,"2",0.0000000000,I
15504,29.1000000000,70.5000000000,2.0000000000,93.0000000000,0.0000000000,2025-03-14 13:02:00.000,SocSon,"2",0.0000000000,I
15503,29.2000000000,69.7000000000,2.4000000000,159.0000000000,0.0000000000,2025-03-14 13:01:00.000,SocSon,"2",0.0000000000,I
15502,29.2000000000,70.4000000000,1.9000000000,96.0000000000,0.0000000000,2025-03-14 13:00:00.000,SocSon,"2",0.0000000000,I
15501,29.2000000000,70.3000000000,2.5000000000,118.0000000000,0.0000000000,2025-03-14 12:59:00.000,SocSon,"2",0.0000000000,I
15500,29.1000000000,70.5000000000,1.2000000000,189.0000000000,0.0000000000,2025-03-14 12:58:00.000,SocSon,"2",0.0000000000,I
15499,29.1000000000,73.0000000000,1.6000000000,121.0000000000,0.0000000000,2025-03-14 12:57:00.000,SocSon,"2",0.0000000000,I
15498,29.1000000000,72.4000000000,1.6000000000,213.0000000000,0.0000000000,2025-03-14 12:56:00.000,SocSon,"2",0.0000000000,I
15497,29.0000000000,72.1000000000,1.2000000000,173.0000000000,0.0000000000,2025-03-14 12:55:00.000,SocSon,"2",0.0000000000,I
15496,29.0000000000,71.2000000000,3.3000000000,122.0000000000,0.0000000000,2025-03-14 12:54:00.000,SocSon,"2",0.0000000000,I
15495,28.8000000000,73.2000000000,2.0000000000,139.0000000000,0.0000000000,2025-03-14 12:53:00.000,SocSon,"2",0.0000000000,I
15494,28.7000000000,72.7000000000,1.6000000000,156.0000000000,0.0000000000,2025-03-14 12:52:00.000,SocSon,"2",0.0000000000,I
15493,28.6000000000,72.2000000000,1.0000000000,73.0000000000,0.0000000000,2025-03-14 12:51:00.000,SocSon,"2",0.0000000000,I
15492,28.7000000000,72.0000000000,3.7000000000,121.0000000000,0.0000000000,2025-03-14 12:50:00.000,SocSon,"2",0.0000000000,I
15491,28.6000000000,72.6000000000,1.0000000000,73.0000000000,0.0000000000,2025-03-14 12:49:00.000,SocSon,"2",0.0000000000,I
15490,28.5000000000,73.7000000000,1.6000000000,120.0000000000,0.0000000000,2025-03-14 12:48:00.000,SocSon,"2",0.0000000000,I
15489,28.5000000000,72.8000000000,2.5000000000,152.0000000000,0.0000000000,2025-03-14 12:47:00.000,SocSon,"2",0.0000000000,I
15488,28.5000000000,71.8000000000,2.4000000000,121.0000000000,0.0000000000,2025-03-14 12:46:00.000,SocSon,"2",0.0000000000,I
15487,28.7000000000,72.8000000000,3.7000000000,138.0000000000,0.0000000000,2025-03-14 12:45:00.000,SocSon,"2",0.0000000000,I
15486,28.8000000000,72.1000000000,2.6000000000,121.0000000000,0.0000000000,2025-03-14 12:44:00.000,SocSon,"2",0.0000000000,I
15485,28.9000000000,73.2000000000,3.5000000000,167.0000000000,0.0000000000,2025-03-14 12:43:00.000,SocSon,"2",0.0000000000,I
15484,28.8000000000,73.9000000000,1.4000000000,94.0000000000,0.0000000000,2025-03-14 12:42:00.000,SocSon,"2",0.0000000000,I
15483,28.8000000000,73.6000000000,1.4000000000,99.0000000000,0.0000000000,2025-03-14 12:41:00.000,SocSon,"2",0.0000000000,I
15482,28.9000000000,72.3000000000,3.2000000000,167.0000000000,0.0000000000,2025-03-14 12:40:00.000,SocSon,"2",0.0000000000,I
15481,28.8000000000,75.4000000000,2.2000000000,115.0000000000,0.0000000000,2025-03-14 12:39:00.000,SocSon,"2",0.0000000000,I
15480,28.5000000000,75.5000000000,1.6000000000,107.0000000000,0.0000000000,2025-03-14 12:38:00.000,SocSon,"2",0.0000000000,I
15479,28.4000000000,74.0000000000,1.8000000000,146.0000000000,0.0000000000,2025-03-14 12:37:00.000,SocSon,"2",0.0000000000,I
15478,28.4000000000,73.5000000000,3.6000000000,156.0000000000,0.0000000000,2025-03-14 12:36:00.000,SocSon,"2",0.0000000000,I
15477,28.5000000000,73.1000000000,3.6000000000,145.0000000000,0.0000000000,2025-03-14 12:35:00.000,SocSon,"2",0.0000000000,I
15476,28.5000000000,73.6000000000,2.4000000000,121.0000000000,0.0000000000,2025-03-14 12:34:00.000,SocSon,"2",0.0000000000,I
15475,28.6000000000,73.0000000000,1.8000000000,185.0000000000,0.0000000000,2025-03-14 12:33:00.000,SocSon,"2",0.0000000000,I
15474,28.6000000000,72.7000000000,3.0000000000,158.0000000000,0.0000000000,2025-03-14 12:32:00.000,SocSon,"2",0.0000000000,I
15473,28.7000000000,71.6000000000,2.6000000000,137.0000000000,0.0000000000,2025-03-14 12:31:00.000,SocSon,"2",0.0000000000,I
15472,28.5000000000,76.8000000000,0.9000000000,121.0000000000,0.0000000000,2025-03-14 12:30:00.000,SocSon,"2",0.0000000000,I
15471,28.3000000000,75.0000000000,1.2000000000,119.0000000000,0.0000000000,2025-03-14 12:29:00.000,SocSon,"2",0.0000000000,I
15470,28.3000000000,73.7000000000,2.2000000000,160.0000000000,0.0000000000,2025-03-14 12:28:00.000,SocSon,"2",0.0000000000,I
15469,28.3000000000,75.5000000000,2.2000000000,198.0000000000,0.0000000000,2025-03-14 12:27:00.000,SocSon,"2",0.0000000000,I
15468,28.1000000000,75.5000000000,2.7000000000,107.0000000000,0.0000000000,2025-03-14 12:26:00.000,SocSon,"2",0.0000000000,I
15467,28.0000000000,74.8000000000,1.6000000000,122.0000000000,0.0000000000,2025-03-14 12:25:00.000,SocSon,"2",0.0000000000,I
15466,28.0000000000,75.5000000000,2.6000000000,155.0000000000,0.0000000000,2025-03-14 12:24:00.000,SocSon,"2",0.0000000000,I
15465,27.8000000000,76.1000000000,4.5000000000,148.0000000000,0.0000000000,2025-03-14 12:23:00.000,SocSon,"2",0.0000000000,I
15464,27.7000000000,76.1000000000,1.5000000000,140.0000000000,0.0000000000,2025-03-14 12:22:00.000,SocSon,"2",0.0000000000,I
15463,27.9000000000,73.4000000000,3.4000000000,150.0000000000,0.0000000000,2025-03-14 12:21:00.000,SocSon,"2",0.0000000000,I
15462,27.9000000000,73.7000000000,4.0000000000,123.0000000000,0.0000000000,2025-03-14 12:20:00.000,SocSon,"2",0.0000000000,I
15461,27.9000000000,75.4000000000,2.0000000000,145.0000000000,0.0000000000,2025-03-14 12:19:00.000,SocSon,"2",0.0000000000,I
15460,27.9000000000,75.3000000000,2.0000000000,150.0000000000,0.0000000000,2025-03-14 12:18:00.000,SocSon,"2",0.0000000000,I
15459,28.0000000000,74.3000000000,2.8000000000,121.0000000000,0.0000000000,2025-03-14 12:17:00.000,SocSon,"2",0.0000000000,I
15458,28.1000000000,74.9000000000,2.6000000000,95.0000000000,0.0000000000,2025-03-14 12:16:00.000,SocSon,"2",0.0000000000,I
15457,28.0000000000,74.8000000000,1.2000000000,121.0000000000,0.0000000000,2025-03-14 12:15:00.000,SocSon,"2",0.0000000000,I
15456,27.9000000000,76.8000000000,1.6000000000,74.0000000000,0.0000000000,2025-03-14 12:14:00.000,SocSon,"2",0.0000000000,I
15455,27.9000000000,75.6000000000,0.8000000000,73.0000000000,0.0000000000,2025-03-14 12:13:00.000,SocSon,"2",0.0000000000,I
15454,27.8000000000,75.9000000000,2.6000000000,120.0000000000,0.0000000000,2025-03-14 12:12:00.000,SocSon,"2",0.0000000000,I
15453,27.8000000000,75.4000000000,1.8000000000,194.0000000000,0.0000000000,2025-03-14 12:11:00.000,SocSon,"2",0.0000000000,I
15452,27.8000000000,75.5000000000,2.2000000000,155.0000000000,0.0000000000,2025-03-14 12:10:00.000,SocSon,"2",0.0000000000,I
15451,27.8000000000,74.3000000000,2.6000000000,137.0000000000,0.0000000000,2025-03-14 12:09:00.000,SocSon,"2",0.0000000000,I
15450,27.9000000000,75.9000000000,3.2000000000,167.0000000000,0.0000000000,2025-03-14 12:08:00.000,SocSon,"2",0.0000000000,I
15449,28.0000000000,74.6000000000,1.0000000000,140.0000000000,0.0000000000,2025-03-14 12:07:00.000,SocSon,"2",0.0000000000,I
15448,28.0000000000,74.7000000000,1.6000000000,148.0000000000,0.0000000000,2025-03-14 12:06:00.000,SocSon,"2",0.0000000000,I
15447,27.9000000000,75.0000000000,1.4000000000,172.0000000000,0.0000000000,2025-03-14 12:05:00.000,SocSon,"2",0.0000000000,I
15446,27.8000000000,75.2000000000,1.8000000000,106.0000000000,0.0000000000,2025-03-14 12:04:00.000,SocSon,"2",0.0000000000,I
15445,27.7000000000,76.3000000000,1.6000000000,143.0000000000,0.0000000000,2025-03-14 12:03:00.000,SocSon,"2",0.0000000000,I
15444,27.6000000000,78.2000000000,1.2000000000,125.0000000000,0.0000000000,2025-03-14 12:02:00.000,SocSon,"2",0.0000000000,I
15443,27.4000000000,76.8000000000,0.8000000000,104.0000000000,0.0000000000,2025-03-14 12:01:00.000,SocSon,"2",0.0000000000,I
15442,27.2000000000,78.1000000000,1.2000000000,142.0000000000,0.0000000000,2025-03-14 12:00:00.000,SocSon,"2",0.0000000000,I
15441,27.1000000000,78.5000000000,1.0000000000,87.0000000000,0.0000000000,2025-03-14 11:59:00.000,SocSon,"2",0.0000000000,I
15440,27.0000000000,78.2000000000,1.4000000000,145.0000000000,0.0000000000,2025-03-14 11:58:00.000,SocSon,"2",0.0000000000,I
15439,26.9000000000,79.2000000000,0.8000000000,145.0000000000,0.0000000000,2025-03-14 11:57:00.000,SocSon,"2",0.0000000000,I
15438,26.8000000000,78.0000000000,1.6000000000,169.0000000000,0.0000000000,2025-03-14 11:56:00.000,SocSon,"2",0.0000000000,I
15437,26.8000000000,78.2000000000,0.9000000000,140.0000000000,0.0000000000,2025-03-14 11:55:00.000,SocSon,"2",0.0000000000,I
15436,26.7000000000,78.1000000000,1.5000000000,169.0000000000,0.0000000000,2025-03-14 11:54:00.000,SocSon,"2",0.0000000000,I
15435,26.7000000000,78.1000000000,1.4000000000,131.0000000000,0.0000000000,2025-03-14 11:53:00.000,SocSon,"2",0.0000000000,I
15434,26.7000000000,77.6000000000,0.8000000000,169.0000000000,0.0000000000,2025-03-14 11:52:00.000,SocSon,"2",0.0000000000,I
15433,26.8000000000,79.1000000000,1.4000000000,169.0000000000,0.0000000000,2025-03-14 11:51:00.000,SocSon,"2",0.0000000000,I
15432,26.8000000000,77.7000000000,0.6000000000,169.0000000000,0.0000000000,2025-03-14 11:50:00.000,SocSon,"2",0.0000000000,I
15431,26.8000000000,78.3000000000,0.3000000000,169.0000000000,0.0000000000,2025-03-14 11:49:00.000,SocSon,"2",0.0000000000,I
15430,26.7000000000,78.7000000000,0.4000000000,169.0000000000,0.0000000000,2025-03-14 11:48:00.000,SocSon,"2",0.0000000000,I
15429,26.6000000000,78.8000000000,0.4000000000,73.0000000000,0.0000000000,2025-03-14 11:47:00.000,SocSon,"2",0.0000000000,I
15428,26.6000000000,78.7000000000,0.6000000000,73.0000000000,0.0000000000,2025-03-14 11:46:00.000,SocSon,"2",0.0000000000,I
15427,26.6000000000,78.4000000000,1.4000000000,94.0000000000,0.0000000000,2025-03-14 11:45:00.000,SocSon,"2",0.0000000000,I
15426,26.7000000000,79.2000000000,1.2000000000,116.0000000000,0.0000000000,2025-03-14 11:44:00.000,SocSon,"2",0.0000000000,I
15425,26.6000000000,79.4000000000,0.1000000000,60.0000000000,0.0000000000,2025-03-14 11:43:00.000,SocSon,"2",0.0000000000,I
15424,26.6000000000,78.5000000000,0.4000000000,121.0000000000,0.0000000000,2025-03-14 11:42:00.000,SocSon,"2",0.0000000000,I
15423,26.6000000000,77.6000000000,0.4000000000,120.0000000000,0.0000000000,2025-03-14 11:41:00.000,SocSon,"2",0.0000000000,I
15422,26.6000000000,78.1000000000,0.8000000000,51.0000000000,0.0000000000,2025-03-14 11:40:00.000,SocSon,"2",0.0000000000,I
15421,26.7000000000,77.9000000000,1.0000000000,121.0000000000,0.0000000000,2025-03-14 11:39:00.000,SocSon,"2",0.0000000000,I
15420,26.7000000000,79.3000000000,1.4000000000,115.0000000000,0.0000000000,2025-03-14 11:38:00.000,SocSon,"2",0.0000000000,I
15419,26.6000000000,79.4000000000,1.3000000000,121.0000000000,0.0000000000,2025-03-14 11:37:00.000,SocSon,"2",0.0000000000,I
15418,26.6000000000,78.7000000000,0.4000000000,121.0000000000,0.0000000000,2025-03-14 11:36:00.000,SocSon,"2",0.0000000000,I
15417,26.5000000000,79.3000000000,0.6000000000,169.0000000000,0.0000000000,2025-03-14 11:35:00.000,SocSon,"2",0.0000000000,I
15416,26.5000000000,79.1000000000,0.8000000000,121.0000000000,0.0000000000,2025-03-14 11:34:00.000,SocSon,"2",0.0000000000,I
15415,26.5000000000,78.5000000000,1.2000000000,162.0000000000,0.0000000000,2025-03-14 11:33:00.000,SocSon,"2",0.0000000000,I
15414,26.5000000000,78.8000000000,1.2000000000,121.0000000000,0.0000000000,2025-03-14 11:32:00.000,SocSon,"2",0.0000000000,I
15413,26.6000000000,77.6000000000,1.0000000000,168.0000000000,0.0000000000,2025-03-14 11:31:00.000,SocSon,"2",0.0000000000,I
15412,26.7000000000,78.9000000000,0.2000000000,168.0000000000,0.0000000000,2025-03-14 11:30:00.000,SocSon,"2",0.0000000000,I
15411,26.6000000000,78.8000000000,0.1000000000,169.0000000000,0.0000000000,2025-03-14 11:29:00.000,SocSon,"2",0.0000000000,I
15410,26.5000000000,78.3000000000,0.6000000000,145.0000000000,0.0000000000,2025-03-14 11:28:00.000,SocSon,"2",0.0000000000,I
15409,26.5000000000,78.9000000000,0.4000000000,97.0000000000,0.0000000000,2025-03-14 11:27:00.000,SocSon,"2",0.0000000000,I
15408,26.5000000000,78.8000000000,0.8000000000,169.0000000000,0.0000000000,2025-03-14 11:26:00.000,SocSon,"2",0.0000000000,I
15407,26.4000000000,78.4000000000,1.2000000000,126.0000000000,0.0000000000,2025-03-14 11:25:00.000,SocSon,"2",0.0000000000,I
15406,26.5000000000,80.1000000000,0.8000000000,193.0000000000,0.0000000000,2025-03-14 11:24:00.000,SocSon,"2",0.0000000000,I
15405,26.4000000000,78.4000000000,0.4000000000,217.0000000000,0.0000000000,2025-03-14 11:23:00.000,SocSon,"2",0.0000000000,I
15404,26.5000000000,79.5000000000,0.4000000000,233.0000000000,0.0000000000,2025-03-14 11:22:00.000,SocSon,"2",0.0000000000,I
15403,26.5000000000,79.7000000000,0.4000000000,169.0000000000,0.0000000000,2025-03-14 11:21:00.000,SocSon,"2",0.0000000000,I
15402,26.4000000000,78.9000000000,0.9000000000,193.0000000000,0.0000000000,2025-03-14 11:20:00.000,SocSon,"2",0.0000000000,I
15401,26.5000000000,78.8000000000,1.2000000000,73.0000000000,0.0000000000,2025-03-14 11:19:00.000,SocSon,"2",0.0000000000,I
15400,26.5000000000,79.0000000000,0.8000000000,145.0000000000,0.0000000000,2025-03-14 11:18:00.000,SocSon,"2",0.0000000000,I
15399,26.4000000000,79.9000000000,0.8000000000,145.0000000000,0.0000000000,2025-03-14 11:17:00.000,SocSon,"2",0.0000000000,I
15398,26.4000000000,80.5000000000,0.1000000000,169.0000000000,0.0000000000,2025-03-14 11:16:00.000,SocSon,"2",0.0000000000,I
15397,26.3000000000,80.8000000000,0.1000000000,193.0000000000,0.0000000000,2025-03-14 11:15:00.000,SocSon,"2",0.0000000000,I
15396,26.2000000000,80.5000000000,0.2000000000,193.0000000000,0.0000000000,2025-03-14 11:14:00.000,SocSon,"2",0.0000000000,I
15395,26.2000000000,80.0000000000,0.8000000000,217.0000000000,0.0000000000,2025-03-14 11:13:00.000,SocSon,"2",0.0000000000,I
15394,26.1000000000,81.0000000000,0.2000000000,73.0000000000,0.0000000000,2025-03-14 11:12:00.000,SocSon,"2",0.0000000000,I
15393,26.0000000000,81.1000000000,0.6000000000,169.0000000000,0.0000000000,2025-03-14 11:11:00.000,SocSon,"2",0.0000000000,I
15392,26.0000000000,80.4000000000,1.8000000000,184.0000000000,0.0000000000,2025-03-14 11:10:00.000,SocSon,"2",0.0000000000,I
15391,26.0000000000,80.6000000000,2.0000000000,153.0000000000,0.0000000000,2025-03-14 11:09:00.000,SocSon,"2",0.0000000000,I
15390,26.0000000000,80.9000000000,1.1000000000,169.0000000000,0.0000000000,2025-03-14 11:08:00.000,SocSon,"2",0.0000000000,I
15389,26.0000000000,80.4000000000,1.2000000000,119.0000000000,0.0000000000,2025-03-14 11:07:00.000,SocSon,"2",0.0000000000,I
15388,25.9000000000,81.5000000000,1.0000000000,121.0000000000,0.0000000000,2025-03-14 11:06:00.000,SocSon,"2",0.0000000000,I
15387,25.9000000000,81.0000000000,1.4000000000,145.0000000000,0.0000000000,2025-03-14 11:05:00.000,SocSon,"2",0.0000000000,I
15386,25.9000000000,80.7000000000,1.4000000000,139.0000000000,0.0000000000,2025-03-14 11:04:00.000,SocSon,"2",0.0000000000,I
15385,25.9000000000,81.0000000000,1.8000000000,140.0000000000,0.0000000000,2025-03-14 11:03:00.000,SocSon,"2",0.0000000000,I
15384,25.9000000000,82.2000000000,1.0000000000,213.0000000000,0.0000000000,2025-03-14 11:02:00.000,SocSon,"2",0.0000000000,I
15383,25.9000000000,81.8000000000,0.8000000000,97.0000000000,0.0000000000,2025-03-14 11:01:00.000,SocSon,"2",0.0000000000,I
15382,25.9000000000,80.7000000000,1.4000000000,129.0000000000,0.0000000000,2025-03-14 11:00:00.000,SocSon,"2",0.0000000000,I
15381,25.9000000000,81.0000000000,1.4000000000,135.0000000000,0.0000000000,2025-03-14 10:59:00.000,SocSon,"2",0.0000000000,I
15380,25.8000000000,81.4000000000,1.4000000000,147.0000000000,0.0000000000,2025-03-14 10:58:00.000,SocSon,"2",0.0000000000,I
15379,25.8000000000,81.3000000000,1.6000000000,131.0000000000,0.0000000000,2025-03-14 10:57:00.000,SocSon,"2",0.0000000000,I
15378,25.8000000000,81.5000000000,1.2000000000,179.0000000000,0.0000000000,2025-03-14 10:56:00.000,SocSon,"2",0.0000000000,I
15377,25.8000000000,81.2000000000,2.7000000000,129.0000000000,0.0000000000,2025-03-14 10:55:00.000,SocSon,"2",0.0000000000,I
15376,25.9000000000,81.4000000000,2.0000000000,162.0000000000,0.0000000000,2025-03-14 10:54:00.000,SocSon,"2",0.0000000000,I
15375,25.9000000000,81.8000000000,1.5000000000,175.0000000000,0.0000000000,2025-03-14 10:53:00.000,SocSon,"2",0.0000000000,I
15374,25.9000000000,81.5000000000,1.0000000000,165.0000000000,0.0000000000,2025-03-14 10:52:00.000,SocSon,"2",0.0000000000,I
15373,25.9000000000,81.7000000000,0.8000000000,193.0000000000,0.0000000000,2025-03-14 10:51:00.000,SocSon,"2",0.0000000000,I
15372,25.9000000000,81.4000000000,1.2000000000,171.0000000000,0.0000000000,2025-03-14 10:50:00.000,SocSon,"2",0.0000000000,I
15371,25.9000000000,80.7000000000,0.9000000000,197.0000000000,0.0000000000,2025-03-14 10:49:00.000,SocSon,"2",0.0000000000,I
15370,25.9000000000,81.6000000000,0.4000000000,262.0000000000,0.0000000000,2025-03-14 10:48:00.000,SocSon,"2",0.0000000000,I
15369,25.8000000000,81.3000000000,0.8000000000,137.0000000000,0.0000000000,2025-03-14 10:47:00.000,SocSon,"2",0.0000000000,I
15368,25.8000000000,81.2000000000,1.0000000000,229.0000000000,0.0000000000,2025-03-14 10:46:00.000,SocSon,"2",0.0000000000,I
15367,25.8000000000,82.1000000000,1.6000000000,136.0000000000,0.0000000000,2025-03-14 10:45:00.000,SocSon,"2",0.0000000000,I
15366,25.8000000000,82.6000000000,0.5000000000,207.0000000000,0.0000000000,2025-03-14 10:44:00.000,SocSon,"2",0.0000000000,I
15365,25.7000000000,82.4000000000,0.2000000000,169.0000000000,0.0000000000,2025-03-14 10:43:00.000,SocSon,"2",0.0000000000,I
15364,25.6000000000,82.2000000000,0.8000000000,143.0000000000,0.0000000000,2025-03-14 10:42:00.000,SocSon,"2",0.0000000000,I
15363,25.6000000000,82.1000000000,0.8000000000,177.0000000000,0.0000000000,2025-03-14 10:41:00.000,SocSon,"2",0.0000000000,I
15362,25.6000000000,82.1000000000,1.4000000000,156.0000000000,0.0000000000,2025-03-14 10:40:00.000,SocSon,"2",0.0000000000,I
15361,25.7000000000,81.6000000000,1.4000000000,189.0000000000,0.0000000000,2025-03-14 10:39:00.000,SocSon,"2",0.0000000000,I
15360,25.7000000000,81.9000000000,0.6000000000,176.0000000000,0.0000000000,2025-03-14 10:38:00.000,SocSon,"2",0.0000000000,I
15359,25.7000000000,82.4000000000,1.1000000000,178.0000000000,0.0000000000,2025-03-14 10:37:00.000,SocSon,"2",0.0000000000,I
15358,25.6000000000,82.4000000000,1.6000000000,98.0000000000,0.0000000000,2025-03-14 10:36:00.000,SocSon,"2",0.0000000000,I
15357,25.6000000000,82.6000000000,0.8000000000,121.0000000000,0.0000000000,2025-03-14 10:35:00.000,SocSon,"2",0.0000000000,I
15356,25.6000000000,82.5000000000,1.8000000000,144.0000000000,0.0000000000,2025-03-14 10:34:00.000,SocSon,"2",0.0000000000,I
15355,25.5000000000,82.7000000000,1.0000000000,122.0000000000,0.0000000000,2025-03-14 10:33:00.000,SocSon,"2",0.0000000000,I
15354,25.5000000000,82.9000000000,0.6000000000,169.0000000000,0.0000000000,2025-03-14 10:32:00.000,SocSon,"2",0.0000000000,I
15353,25.4000000000,83.0000000000,1.4000000000,121.0000000000,0.0000000000,2025-03-14 10:31:00.000,SocSon,"2",0.0000000000,I
15352,25.4000000000,83.7000000000,1.2000000000,80.0000000000,0.0000000000,2025-03-14 10:30:00.000,SocSon,"2",0.0000000000,I
15351,25.3000000000,83.5000000000,0.8000000000,144.0000000000,0.0000000000,2025-03-14 10:29:00.000,SocSon,"2",0.0000000000,I
15350,25.3000000000,84.2000000000,1.6000000000,166.0000000000,0.0000000000,2025-03-14 10:28:00.000,SocSon,"2",0.0000000000,I
15349,25.2000000000,83.7000000000,1.0000000000,122.0000000000,0.0000000000,2025-03-14 10:27:00.000,SocSon,"2",0.0000000000,I
15348,25.2000000000,83.5000000000,2.4000000000,108.0000000000,0.0000000000,2025-03-14 10:26:00.000,SocSon,"2",0.0000000000,I
15347,25.2000000000,83.5000000000,0.8000000000,169.0000000000,0.0000000000,2025-03-14 10:25:00.000,SocSon,"2",0.0000000000,I
15346,25.2000000000,83.4000000000,2.2000000000,197.0000000000,0.0000000000,2025-03-14 10:24:00.000,SocSon,"2",0.0000000000,I
15345,25.2000000000,83.6000000000,1.6000000000,131.0000000000,0.0000000000,2025-03-14 10:23:00.000,SocSon,"2",0.0000000000,I
15344,25.2000000000,83.3000000000,1.6000000000,141.0000000000,0.0000000000,2025-03-14 10:22:00.000,SocSon,"2",0.0000000000,I
15343,25.2000000000,83.3000000000,1.6000000000,186.0000000000,0.0000000000,2025-03-14 10:21:00.000,SocSon,"2",0.0000000000,I
15342,25.2000000000,83.4000000000,1.2000000000,124.0000000000,0.0000000000,2025-03-14 10:20:00.000,SocSon,"2",0.0000000000,I
15341,25.2000000000,83.4000000000,1.4000000000,173.0000000000,0.0000000000,2025-03-14 10:19:00.000,SocSon,"2",0.0000000000,I
15340,25.2000000000,83.7000000000,1.2000000000,150.0000000000,0.0000000000,2025-03-14 10:18:00.000,SocSon,"2",0.0000000000,I
15339,25.2000000000,83.7000000000,2.1000000000,121.0000000000,0.0000000000,2025-03-14 10:17:00.000,SocSon,"2",0.0000000000,I
15338,25.2000000000,83.9000000000,1.6000000000,124.0000000000,0.0000000000,2025-03-14 10:16:00.000,SocSon,"2",0.0000000000,I
15337,25.2000000000,83.8000000000,2.3000000000,165.0000000000,0.0000000000,2025-03-14 10:15:00.000,SocSon,"2",0.0000000000,I
15336,25.2000000000,84.3000000000,0.6000000000,121.0000000000,0.0000000000,2025-03-14 10:14:00.000,SocSon,"2",0.0000000000,I
15335,25.1000000000,84.1000000000,1.4000000000,176.0000000000,0.0000000000,2025-03-14 10:13:00.000,SocSon,"2",0.0000000000,I
15334,25.1000000000,83.5000000000,1.2000000000,134.0000000000,0.0000000000,2025-03-14 10:12:00.000,SocSon,"2",0.0000000000,I
15333,25.1000000000,83.7000000000,1.9000000000,121.0000000000,0.0000000000,2025-03-14 10:11:00.000,SocSon,"2",0.0000000000,I
15332,25.1000000000,84.0000000000,1.2000000000,169.0000000000,0.0000000000,2025-03-14 10:10:00.000,SocSon,"2",0.0000000000,I
15331,25.1000000000,84.2000000000,0.6000000000,162.0000000000,0.0000000000,2025-03-14 10:09:00.000,SocSon,"2",0.0000000000,I
15330,25.0000000000,84.2000000000,1.2000000000,188.0000000000,0.0000000000,2025-03-14 10:08:00.000,SocSon,"2",0.0000000000,I
15329,25.0000000000,84.2000000000,1.0000000000,146.0000000000,0.0000000000,2025-03-14 10:07:00.000,SocSon,"2",0.0000000000,I
15328,24.9000000000,84.5000000000,1.1000000000,168.0000000000,0.0000000000,2025-03-14 10:06:00.000,SocSon,"2",0.0000000000,I
15327,24.9000000000,84.5000000000,0.6000000000,167.0000000000,0.0000000000,2025-03-14 10:05:00.000,SocSon,"2",0.0000000000,I
15326,24.9000000000,84.5000000000,0.4000000000,137.0000000000,0.0000000000,2025-03-14 10:04:00.000,SocSon,"2",0.0000000000,I
15325,24.9000000000,84.2000000000,1.4000000000,160.0000000000,0.0000000000,2025-03-14 10:03:00.000,SocSon,"2",0.0000000000,I
15324,24.9000000000,84.7000000000,1.6000000000,153.0000000000,0.0000000000,2025-03-14 10:02:00.000,SocSon,"2",0.0000000000,I
15323,24.9000000000,84.2000000000,1.0000000000,169.0000000000,0.0000000000,2025-03-14 10:01:00.000,SocSon,"2",0.0000000000,I
15322,25.0000000000,84.2000000000,1.4000000000,169.0000000000,0.0000000000,2025-03-14 10:00:00.000,SocSon,"2",0.0000000000,I
15321,25.0000000000,84.4000000000,1.0000000000,168.0000000000,0.0000000000,2025-03-14 09:59:00.000,SocSon,"2",0.0000000000,I
15320,24.9000000000,84.2000000000,1.6000000000,166.0000000000,0.0000000000,2025-03-14 09:58:00.000,SocSon,"2",0.0000000000,I
15319,25.0000000000,84.4000000000,2.0000000000,137.0000000000,0.0000000000,2025-03-14 09:57:00.000,SocSon,"2",0.0000000000,I
15318,25.0000000000,84.2000000000,1.0000000000,169.0000000000,0.0000000000,2025-03-14 09:56:00.000,SocSon,"2",0.0000000000,I
15317,25.0000000000,84.2000000000,1.6000000000,139.0000000000,0.0000000000,2025-03-14 09:55:00.000,SocSon,"2",0.0000000000,I
15316,25.0000000000,83.8000000000,1.4000000000,214.0000000000,0.0000000000,2025-03-14 09:54:00.000,SocSon,"2",0.0000000000,I
15315,25.0000000000,83.7000000000,2.9000000000,163.0000000000,0.0000000000,2025-03-14 09:53:00.000,SocSon,"2",0.0000000000,I
15314,25.1000000000,83.7000000000,2.1000000000,145.0000000000,0.0000000000,2025-03-14 09:52:00.000,SocSon,"2",0.0000000000,I
15313,25.1000000000,84.2000000000,1.2000000000,123.0000000000,0.0000000000,2025-03-14 09:51:00.000,SocSon,"2",0.0000000000,I
15312,25.0000000000,84.3000000000,0.5000000000,87.0000000000,0.0000000000,2025-03-14 09:50:00.000,SocSon,"2",0.0000000000,I
15311,25.0000000000,84.1000000000,0.7000000000,70.0000000000,0.0000000000,2025-03-14 09:49:00.000,SocSon,"2",0.0000000000,I
15310,25.0000000000,84.4000000000,1.8000000000,120.0000000000,0.0000000000,2025-03-14 09:48:00.000,SocSon,"2",0.0000000000,I
15309,25.0000000000,84.2000000000,1.6000000000,116.0000000000,0.0000000000,2025-03-14 09:47:00.000,SocSon,"2",0.0000000000,I
15308,25.0000000000,84.4000000000,0.8000000000,121.0000000000,0.0000000000,2025-03-14 09:46:00.000,SocSon,"2",0.0000000000,I
15307,25.0000000000,84.8000000000,1.2000000000,140.0000000000,0.0000000000,2025-03-14 09:45:00.000,SocSon,"2",0.0000000000,I
15306,24.9000000000,84.8000000000,1.8000000000,121.0000000000,0.0000000000,2025-03-14 09:44:00.000,SocSon,"2",0.0000000000,I
15305,24.9000000000,84.7000000000,1.0000000000,126.0000000000,0.0000000000,2025-03-14 09:43:00.000,SocSon,"2",0.0000000000,I
15304,24.9000000000,84.9000000000,1.0000000000,143.0000000000,0.0000000000,2025-03-14 09:42:00.000,SocSon,"2",0.0000000000,I
15303,24.9000000000,85.2000000000,0.9000000000,144.0000000000,0.0000000000,2025-03-14 09:41:00.000,SocSon,"2",0.0000000000,I
15302,24.8000000000,85.3000000000,0.6000000000,154.0000000000,0.0000000000,2025-03-14 09:40:00.000,SocSon,"2",0.0000000000,I
15301,24.8000000000,85.1000000000,1.0000000000,121.0000000000,0.0000000000,2025-03-14 09:39:00.000,SocSon,"2",0.0000000000,I
15300,24.7000000000,84.7000000000,0.8000000000,193.0000000000,0.0000000000,2025-03-14 09:38:00.000,SocSon,"2",0.0000000000,I
15299,24.8000000000,85.0000000000,1.7000000000,90.0000000000,0.0000000000,2025-03-14 09:37:00.000,SocSon,"2",0.0000000000,I
15298,24.8000000000,84.5000000000,1.2000000000,169.0000000000,0.0000000000,2025-03-14 09:36:00.000,SocSon,"2",0.0000000000,I
15297,24.8000000000,85.2000000000,1.6000000000,162.0000000000,0.0000000000,2025-03-14 09:35:00.000,SocSon,"2",0.0000000000,I
15296,24.8000000000,85.3000000000,1.4000000000,151.0000000000,0.0000000000,2025-03-14 09:34:00.000,SocSon,"2",0.0000000000,I
15295,24.7000000000,85.6000000000,0.6000000000,125.0000000000,0.0000000000,2025-03-14 09:33:00.000,SocSon,"2",0.0000000000,I
15294,24.7000000000,85.6000000000,0.6000000000,115.0000000000,0.0000000000,2025-03-14 09:32:00.000,SocSon,"2",0.0000000000,I
15293,24.6000000000,85.3000000000,1.2000000000,174.0000000000,0.0000000000,2025-03-14 09:31:00.000,SocSon,"2",0.0000000000,I
15292,24.6000000000,85.1000000000,1.4000000000,184.0000000000,0.0000000000,2025-03-14 09:30:00.000,SocSon,"2",0.0000000000,I
15291,24.7000000000,84.9000000000,2.5000000000,164.0000000000,0.0000000000,2025-03-14 09:29:00.000,SocSon,"2",0.0000000000,I
15290,24.6000000000,85.2000000000,2.8000000000,166.0000000000,0.0000000000,2025-03-14 09:28:00.000,SocSon,"2",0.0000000000,I
15289,24.7000000000,85.6000000000,2.3000000000,118.0000000000,0.0000000000,2025-03-14 09:27:00.000,SocSon,"2",0.0000000000,I
15288,24.6000000000,85.1000000000,1.6000000000,113.0000000000,0.0000000000,2025-03-14 09:26:00.000,SocSon,"2",0.0000000000,I
15287,24.6000000000,85.1000000000,2.2000000000,168.0000000000,0.0000000000,2025-03-14 09:25:00.000,SocSon,"2",0.0000000000,I
15286,24.6000000000,85.4000000000,1.3000000000,131.0000000000,0.0000000000,2025-03-14 09:24:00.000,SocSon,"2",0.0000000000,I
15285,24.6000000000,85.4000000000,1.8000000000,169.0000000000,0.0000000000,2025-03-14 09:23:00.000,SocSon,"2",0.0000000000,I
15284,24.6000000000,85.2000000000,2.7000000000,169.0000000000,0.0000000000,2025-03-14 09:22:00.000,SocSon,"2",0.0000000000,I
15283,24.6000000000,85.5000000000,1.8000000000,167.0000000000,0.0000000000,2025-03-14 09:21:00.000,SocSon,"2",0.0000000000,I
15282,24.6000000000,86.0000000000,2.0000000000,180.0000000000,0.0000000000,2025-03-14 09:20:00.000,SocSon,"2",0.0000000000,I
15281,24.5000000000,85.7000000000,1.4000000000,117.0000000000,0.0000000000,2025-03-14 09:19:00.000,SocSon,"2",0.0000000000,I
15280,24.5000000000,85.4000000000,1.8000000000,169.0000000000,0.0000000000,2025-03-14 09:18:00.000,SocSon,"2",0.0000000000,I
15279,24.5000000000,85.5000000000,1.8000000000,131.0000000000,0.0000000000,2025-03-14 09:17:00.000,SocSon,"2",0.0000000000,I
15278,24.5000000000,85.4000000000,2.0000000000,135.0000000000,0.0000000000,2025-03-14 09:16:00.000,SocSon,"2",0.0000000000,I
15277,24.5000000000,85.4000000000,2.4000000000,138.0000000000,0.0000000000,2025-03-14 09:15:00.000,SocSon,"2",0.0000000000,I
15276,24.5000000000,85.5000000000,2.6000000000,145.0000000000,0.0000000000,2025-03-14 09:14:00.000,SocSon,"2",0.0000000000,I
15275,24.5000000000,85.4000000000,1.4000000000,210.0000000000,0.0000000000,2025-03-14 09:13:00.000,SocSon,"2",0.0000000000,I
15274,24.5000000000,85.5000000000,1.4000000000,36.0000000000,0.0000000000,2025-03-14 09:12:00.000,SocSon,"2",0.0000000000,I
15273,24.6000000000,85.7000000000,1.4000000000,197.0000000000,0.0000000000,2025-03-14 09:11:00.000,SocSon,"2",0.0000000000,I
15272,24.6000000000,85.9000000000,1.8000000000,178.0000000000,0.0000000000,2025-03-14 09:10:00.000,SocSon,"2",0.0000000000,I
15271,24.5000000000,85.9000000000,1.9000000000,223.0000000000,0.0000000000,2025-03-14 09:09:00.000,SocSon,"2",0.0000000000,I
15270,24.5000000000,85.9000000000,1.0000000000,249.0000000000,0.0000000000,2025-03-14 09:08:00.000,SocSon,"2",0.0000000000,I
15269,24.5000000000,85.8000000000,2.4000000000,92.0000000000,0.0000000000,2025-03-14 09:07:00.000,SocSon,"2",0.0000000000,I
15268,24.5000000000,85.8000000000,2.5000000000,126.0000000000,0.0000000000,2025-03-14 09:06:00.000,SocSon,"2",0.0000000000,I
15267,24.5000000000,86.0000000000,2.0000000000,167.0000000000,0.0000000000,2025-03-14 09:05:00.000,SocSon,"2",0.0000000000,I
15266,24.4000000000,86.4000000000,0.8000000000,73.0000000000,0.0000000000,2025-03-14 09:04:00.000,SocSon,"2",0.0000000000,I
15265,24.4000000000,86.6000000000,1.4000000000,121.0000000000,0.0000000000,2025-03-14 09:03:00.000,SocSon,"2",0.0000000000,I
15264,24.3000000000,86.5000000000,0.4000000000,145.0000000000,0.0000000000,2025-03-14 09:02:00.000,SocSon,"2",0.0000000000,I
15263,24.3000000000,86.6000000000,1.2000000000,121.0000000000,0.0000000000,2025-03-14 09:01:00.000,SocSon,"2",0.0000000000,I
15262,24.3000000000,86.5000000000,1.5000000000,174.0000000000,0.0000000000,2025-03-14 09:00:00.000,SocSon,"2",0.0000000000,I
15261,24.2000000000,86.5000000000,2.2000000000,121.0000000000,0.0000000000,2025-03-14 08:59:00.000,SocSon,"2",0.0000000000,I
15260,24.2000000000,86.4000000000,2.8000000000,162.0000000000,0.0000000000,2025-03-14 08:58:00.000,SocSon,"2",1432.8700000000,I
15259,24.3000000000,87.0000000000,1.8000000000,139.0000000000,0.0000000000,2025-03-14 08:57:00.000,SocSon,"2",1432.8700000000,I
15258,24.2000000000,86.9000000000,1.4000000000,180.0000000000,0.0000000000,2025-03-14 08:56:00.000,SocSon,"2",1432.8700000000,I
15257,24.2000000000,86.8000000000,2.0000000000,136.0000000000,0.0000000000,2025-03-14 08:55:00.000,SocSon,"2",1432.8700000000,I
15256,24.2000000000,86.7000000000,2.9000000000,121.0000000000,0.0000000000,2025-03-14 08:54:00.000,SocSon,"2",1432.8700000000,I
15255,24.2000000000,86.9000000000,1.9000000000,150.0000000000,0.0000000000,2025-03-14 08:53:00.000,SocSon,"2",1432.8700000000,I
15254,24.2000000000,86.9000000000,3.9000000000,129.0000000000,0.0000000000,2025-03-14 08:52:00.000,SocSon,"2",1432.8700000000,I
15253,24.2000000000,86.7000000000,1.6000000000,148.0000000000,0.0000000000,2025-03-14 08:51:00.000,SocSon,"2",1432.8700000000,I
15252,24.1000000000,86.7000000000,2.2000000000,137.0000000000,0.0000000000,2025-03-14 08:50:00.000,SocSon,"2",1432.8700000000,I
15251,24.2000000000,86.7000000000,4.6000000000,138.0000000000,0.0000000000,2025-03-14 08:49:00.000,SocSon,"2",1432.8700000000,I
15250,24.2000000000,86.7000000000,2.8000000000,183.0000000000,0.0000000000,2025-03-14 08:48:00.000,SocSon,"2",1432.8700000000,I
15249,24.2000000000,87.3000000000,2.0000000000,158.0000000000,0.0000000000,2025-03-14 08:47:00.000,SocSon,"2",1432.8700000000,I
15248,24.2000000000,87.3000000000,2.2000000000,156.0000000000,0.0000000000,2025-03-14 08:46:00.000,SocSon,"2",1432.8700000000,I
15247,24.1000000000,87.4000000000,2.2000000000,137.0000000000,0.0000000000,2025-03-14 08:45:00.000,SocSon,"2",1432.8700000000,I
15246,24.1000000000,87.4000000000,2.6000000000,182.0000000000,0.0000000000,2025-03-14 08:44:00.000,SocSon,"2",1432.8700000000,I
15245,24.1000000000,87.3000000000,4.5000000000,129.0000000000,0.0000000000,2025-03-14 08:43:00.000,SocSon,"2",1432.8700000000,I
15244,24.1000000000,87.5000000000,2.9000000000,155.0000000000,0.0000000000,2025-03-14 08:42:00.000,SocSon,"2",1432.8700000000,I
15243,24.1000000000,87.4000000000,2.2000000000,153.0000000000,0.0000000000,2025-03-14 08:41:00.000,SocSon,"2",1432.8700000000,I
15242,24.1000000000,87.3000000000,2.5000000000,171.0000000000,0.0000000000,2025-03-14 08:40:00.000,SocSon,"2",1432.8700000000,I
15241,24.1000000000,87.3000000000,2.1000000000,136.0000000000,0.0000000000,2025-03-14 08:39:00.000,SocSon,"2",1432.8700000000,I
15240,24.2000000000,87.7000000000,2.9000000000,167.0000000000,0.0000000000,2025-03-14 08:38:00.000,SocSon,"2",1432.8700000000,I
15239,24.2000000000,87.8000000000,3.1000000000,121.0000000000,0.0000000000,2025-03-14 08:37:00.000,SocSon,"2",1432.8700000000,I
15238,24.2000000000,87.9000000000,1.8000000000,99.0000000000,0.0000000000,2025-03-14 08:36:00.000,SocSon,"2",1432.8700000000,I
15237,24.2000000000,88.2000000000,3.0000000000,116.0000000000,0.0000000000,2025-03-14 08:35:00.000,SocSon,"2",1432.8700000000,I
15236,24.2000000000,88.2000000000,1.0000000000,193.0000000000,0.0000000000,2025-03-14 08:34:00.000,SocSon,"2",1432.8700000000,I
15235,24.1000000000,88.2000000000,1.4000000000,133.0000000000,0.0000000000,2025-03-14 08:33:00.000,SocSon,"2",1432.8700000000,I
15234,24.1000000000,88.1000000000,1.6000000000,144.0000000000,0.0000000000,2025-03-14 08:32:00.000,SocSon,"2",1432.8700000000,I
15233,24.0000000000,88.0000000000,1.8000000000,154.0000000000,0.0000000000,2025-03-14 08:31:00.000,SocSon,"2",1432.8700000000,I
15232,24.1000000000,88.2000000000,3.6000000000,121.0000000000,0.0000000000,2025-03-14 08:30:00.000,SocSon,"2",1432.8700000000,I
15231,24.0000000000,88.2000000000,1.6000000000,109.0000000000,0.0000000000,2025-03-14 08:29:00.000,SocSon,"2",1432.8700000000,I
15230,24.0000000000,88.3000000000,2.0000000000,149.0000000000,0.0000000000,2025-03-14 08:28:00.000,SocSon,"2",1432.8700000000,I
15229,24.0000000000,88.3000000000,2.3000000000,145.0000000000,0.0000000000,2025-03-14 08:27:00.000,SocSon,"2",1432.8700000000,I
15228,24.0000000000,88.4000000000,1.2000000000,74.0000000000,0.0000000000,2025-03-14 08:26:00.000,SocSon,"2",1432.8700000000,I
15227,24.0000000000,88.6000000000,1.4000000000,169.0000000000,0.0000000000,2025-03-14 08:25:00.000,SocSon,"2",1432.8700000000,I
15226,24.0000000000,88.5000000000,1.0000000000,126.0000000000,0.0000000000,2025-03-14 08:24:00.000,SocSon,"2",1432.8700000000,I
15225,23.9000000000,88.6000000000,1.5000000000,165.0000000000,0.0000000000,2025-03-14 08:23:00.000,SocSon,"2",1432.8700000000,I
15224,23.9000000000,88.7000000000,0.3000000000,145.0000000000,0.0000000000,2025-03-14 08:22:00.000,SocSon,"2",1432.8700000000,I
15223,23.9000000000,88.5000000000,1.2000000000,147.0000000000,0.0000000000,2025-03-14 08:21:00.000,SocSon,"2",1432.8700000000,I
15222,23.9000000000,88.8000000000,1.4000000000,83.0000000000,0.0000000000,2025-03-14 08:20:00.000,SocSon,"2",1432.8700000000,I
15221,23.9000000000,88.9000000000,1.3000000000,121.0000000000,0.0000000000,2025-03-14 08:19:00.000,SocSon,"2",1432.8700000000,I
15220,23.8000000000,88.9000000000,1.2000000000,183.0000000000,0.0000000000,2025-03-14 08:18:00.000,SocSon,"2",1432.8700000000,I
15219,23.8000000000,88.8000000000,2.0000000000,172.0000000000,0.0000000000,2025-03-14 08:17:00.000,SocSon,"2",1432.8700000000,I
15218,23.8000000000,88.8000000000,3.3000000000,141.0000000000,0.0000000000,2025-03-14 08:16:00.000,SocSon,"2",1432.8700000000,I
15217,23.8000000000,88.6000000000,2.4000000000,170.0000000000,0.0000000000,2025-03-14 08:15:00.000,SocSon,"2",1432.8700000000,I
15216,23.8000000000,88.4000000000,3.3000000000,155.0000000000,0.0000000000,2025-03-14 08:14:00.000,SocSon,"2",1432.8700000000,I
15215,23.8000000000,88.6000000000,2.3000000000,200.0000000000,0.0000000000,2025-03-14 08:13:00.000,SocSon,"2",1432.8700000000,I
15214,23.8000000000,88.5000000000,2.3000000000,127.0000000000,0.0000000000,2025-03-14 08:12:00.000,SocSon,"2",1432.8700000000,I
15213,23.9000000000,88.5000000000,3.7000000000,135.0000000000,0.0000000000,2025-03-14 08:11:00.000,SocSon,"2",1432.8700000000,I
15212,23.9000000000,88.6000000000,3.3000000000,169.0000000000,0.0000000000,2025-03-14 08:10:00.000,SocSon,"2",1432.8700000000,I
15211,23.9000000000,88.5000000000,2.2000000000,121.0000000000,0.0000000000,2025-03-14 08:09:00.000,SocSon,"2",1432.8700000000,I
15210,23.9000000000,88.7000000000,1.2000000000,124.0000000000,0.0000000000,2025-03-14 08:08:00.000,SocSon,"2",1432.8700000000,I
15209,23.9000000000,88.7000000000,2.0000000000,130.0000000000,0.0000000000,2025-03-14 08:07:00.000,SocSon,"2",1432.8700000000,I
15208,23.9000000000,88.7000000000,2.0000000000,121.0000000000,0.0000000000,2025-03-14 08:06:00.000,SocSon,"2",1432.8700000000,I
15207,23.9000000000,88.9000000000,1.6000000000,86.0000000000,0.0000000000,2025-03-14 08:05:00.000,SocSon,"2",1432.8700000000,I
15206,23.9000000000,89.0000000000,2.8000000000,138.0000000000,0.0000000000,2025-03-14 08:04:00.000,SocSon,"2",1432.8700000000,I
15205,23.8000000000,89.1000000000,0.9000000000,114.0000000000,0.0000000000,2025-03-14 08:03:00.000,SocSon,"2",1432.8700000000,I
15204,23.8000000000,89.0000000000,1.6000000000,148.0000000000,0.0000000000,2025-03-14 08:02:00.000,SocSon,"2",1432.8700000000,I
15203,23.8000000000,89.1000000000,2.2000000000,140.0000000000,0.0000000000,2025-03-14 08:01:00.000,SocSon,"2",1432.8700000000,I
15202,23.8000000000,89.2000000000,3.9000000000,141.0000000000,0.0000000000,2025-03-14 08:00:00.000,SocSon,"2",1432.8700000000,I
15201,23.7000000000,89.1000000000,1.4000000000,220.0000000000,0.0000000000,2025-03-14 07:59:00.000,SocSon,"2",1432.8700000000,I
15200,23.7000000000,89.1000000000,3.0000000000,110.0000000000,0.0000000000,2025-03-14 07:58:00.000,SocSon,"2",1432.8700000000,I
15199,23.7000000000,88.9000000000,3.1000000000,121.0000000000,0.0000000000,2025-03-14 07:57:00.000,SocSon,"2",1432.8700000000,I
15198,23.7000000000,89.0000000000,4.9000000000,156.0000000000,0.0000000000,2025-03-14 07:56:00.000,SocSon,"2",1432.8700000000,I
15197,23.6000000000,88.9000000000,2.5000000000,158.0000000000,0.0000000000,2025-03-14 07:55:00.000,SocSon,"2",1432.8700000000,I
15196,23.6000000000,88.8000000000,3.3000000000,140.0000000000,0.0000000000,2025-03-14 07:54:00.000,SocSon,"2",1432.8700000000,I
15195,23.7000000000,88.8000000000,2.5000000000,121.0000000000,0.0000000000,2025-03-14 07:53:00.000,SocSon,"2",1432.8700000000,I
15194,23.7000000000,88.6000000000,4.5000000000,140.0000000000,0.0000000000,2025-03-14 07:52:00.000,SocSon,"2",1432.8700000000,I
15193,23.7000000000,88.6000000000,4.0000000000,165.0000000000,0.0000000000,2025-03-14 07:51:00.000,SocSon,"2",1432.8700000000,I
15192,23.8000000000,88.6000000000,2.2000000000,167.0000000000,0.0000000000,2025-03-14 07:50:00.000,SocSon,"2",1432.8700000000,I
15191,23.8000000000,88.3000000000,2.8000000000,104.0000000000,0.0000000000,2025-03-14 07:49:00.000,SocSon,"2",1432.8700000000,I
15190,23.8000000000,88.4000000000,1.4000000000,169.0000000000,0.0000000000,2025-03-14 07:48:00.000,SocSon,"2",1432.8700000000,I
15189,23.8000000000,88.4000000000,0.8000000000,150.0000000000,0.0000000000,2025-03-14 07:47:00.000,SocSon,"2",1432.8700000000,I
15188,23.9000000000,88.4000000000,1.0000000000,73.0000000000,0.0000000000,2025-03-14 07:46:00.000,SocSon,"2",1432.8700000000,I
15187,23.9000000000,88.7000000000,0.0000000000,121.0000000000,0.0000000000,2025-03-14 07:45:00.000,SocSon,"2",1432.8700000000,I
15186,23.8000000000,88.7000000000,0.0000000000,169.0000000000,0.0000000000,2025-03-14 07:43:00.000,SocSon,"2",1432.8700000000,I
15185,23.8000000000,88.6000000000,0.0000000000,169.0000000000,0.0000000000,2025-03-14 07:42:00.000,SocSon,"2",1432.8700000000,I
15184,23.8000000000,88.7000000000,0.2000000000,169.0000000000,0.0000000000,2025-03-14 07:41:00.000,SocSon,"2",1432.8700000000,I
15183,23.7000000000,88.6000000000,0.4000000000,173.0000000000,0.0000000000,2025-03-14 07:40:00.000,SocSon,"2",1432.8700000000,I
15182,23.7000000000,88.7000000000,0.8000000000,152.0000000000,0.0000000000,2025-03-14 07:39:00.000,SocSon,"2",1432.8700000000,I
15181,23.7000000000,88.6000000000,2.0000000000,136.0000000000,0.0000000000,2025-03-14 07:38:00.000,SocSon,"2",1432.8700000000,I
15180,23.7000000000,88.5000000000,1.8000000000,95.0000000000,0.0000000000,2025-03-14 07:37:00.000,SocSon,"2",1432.8700000000,I
15179,23.7000000000,88.5000000000,1.4000000000,142.0000000000,0.0000000000,2025-03-14 07:36:00.000,SocSon,"2",1432.8700000000,I
15178,23.8000000000,88.3000000000,2.0000000000,121.0000000000,0.0000000000,2025-03-14 07:35:00.000,SocSon,"2",1432.8700000000,I
15177,23.8000000000,88.1000000000,2.5000000000,122.0000000000,0.0000000000,2025-03-14 07:34:00.000,SocSon,"2",1432.8700000000,I
15176,23.9000000000,88.2000000000,1.2000000000,124.0000000000,0.0000000000,2025-03-14 07:33:00.000,SocSon,"2",1432.8700000000,I
15175,23.8000000000,88.1000000000,1.6000000000,142.0000000000,0.0000000000,2025-03-14 07:32:00.000,SocSon,"2",1432.8700000000,I
15174,23.9000000000,88.1000000000,2.2000000000,121.0000000000,0.0000000000,2025-03-14 07:31:00.000,SocSon,"2",1432.8700000000,I
15173,23.9000000000,88.0000000000,0.8000000000,192.0000000000,0.0000000000,2025-03-14 07:30:00.000,SocSon,"2",1432.8700000000,I
15172,23.9000000000,88.1000000000,0.6000000000,123.0000000000,0.0000000000,2025-03-14 07:29:00.000,SocSon,"2",1432.8700000000,I
15171,23.9000000000,88.1000000000,0.8000000000,120.0000000000,0.0000000000,2025-03-14 07:28:00.000,SocSon,"2",1432.8700000000,I
15170,23.9000000000,88.1000000000,0.6000000000,172.0000000000,0.0000000000,2025-03-14 07:27:00.000,SocSon,"2",1432.8700000000,I
15169,23.9000000000,88.2000000000,1.0000000000,130.0000000000,0.0000000000,2025-03-14 07:26:00.000,SocSon,"2",1432.8700000000,I
15168,23.8000000000,88.2000000000,0.8000000000,144.0000000000,0.0000000000,2025-03-14 07:25:00.000,SocSon,"2",1432.8700000000,I
15167,23.8000000000,88.2000000000,1.0000000000,121.0000000000,0.0000000000,2025-03-14 07:24:00.000,SocSon,"2",1432.8700000000,I
15166,23.8000000000,88.1000000000,1.0000000000,119.0000000000,0.0000000000,2025-03-14 07:23:00.000,SocSon,"2",1432.8700000000,I
15165,23.8000000000,88.2000000000,1.4000000000,167.0000000000,0.0000000000,2025-03-14 07:22:00.000,SocSon,"2",1432.8700000000,I
15164,23.8000000000,88.3000000000,1.2000000000,150.0000000000,0.0000000000,2025-03-14 07:21:00.000,SocSon,"2",1432.8700000000,I
15163,23.8000000000,88.3000000000,0.6000000000,121.0000000000,0.0000000000,2025-03-14 07:20:00.000,SocSon,"2",1432.8700000000,I
15162,23.8000000000,88.4000000000,0.0000000000,121.0000000000,0.0000000000,2025-03-14 07:19:00.000,SocSon,"2",1432.8700000000,I
15161,23.7000000000,88.4000000000,0.4000000000,121.0000000000,0.0000000000,2025-03-14 07:18:00.000,SocSon,"2",1432.8700000000,I
15160,23.7000000000,88.5000000000,0.6000000000,145.0000000000,0.0000000000,2025-03-14 07:17:00.000,SocSon,"2",1432.8700000000,I
15159,23.7000000000,88.4000000000,0.4000000000,121.0000000000,0.0000000000,2025-03-14 07:16:00.000,SocSon,"2",1432.8700000000,I
15158,23.7000000000,88.4000000000,0.8000000000,121.0000000000,0.0000000000,2025-03-14 07:15:00.000,SocSon,"2",1432.8700000000,I
15157,23.7000000000,88.5000000000,1.0000000000,144.0000000000,0.0000000000,2025-03-14 07:14:00.000,SocSon,"2",1432.8700000000,I
15156,23.7000000000,88.6000000000,1.2000000000,121.0000000000,0.0000000000,2025-03-14 07:13:00.000,SocSon,"2",1432.8700000000,I
15155,23.7000000000,88.6000000000,1.0000000000,144.0000000000,0.0000000000,2025-03-14 07:12:00.000,SocSon,"2",1432.8700000000,I
15154,23.6000000000,88.6000000000,1.6000000000,121.0000000000,0.0000000000,2025-03-14 07:11:00.000,SocSon,"2",1432.8700000000,I
15153,23.6000000000,88.6000000000,0.4000000000,127.0000000000,0.0000000000,2025-03-14 07:10:00.000,SocSon,"2",1432.8700000000,I
15152,23.6000000000,88.5000000000,0.8000000000,193.0000000000,0.0000000000,2025-03-14 07:09:00.000,SocSon,"2",1432.8700000000,I
15151,23.7000000000,88.5000000000,1.0000000000,193.0000000000,0.0000000000,2025-03-14 07:08:00.000,SocSon,"2",1432.8700000000,I
15150,23.7000000000,88.5000000000,0.8000000000,192.0000000000,0.0000000000,2025-03-14 07:07:00.000,SocSon,"2",1432.8700000000,I
15149,23.7000000000,88.5000000000,1.0000000000,139.0000000000,0.0000000000,2025-03-14 07:06:00.000,SocSon,"2",1432.8700000000,I
15148,23.6000000000,88.6000000000,1.6000000000,154.0000000000,0.0000000000,2025-03-14 07:05:00.000,SocSon,"2",1432.8700000000,I
15147,23.6000000000,88.6000000000,0.8000000000,121.0000000000,0.0000000000,2025-03-14 07:04:00.000,SocSon,"2",1432.8700000000,I
15146,23.7000000000,88.4000000000,1.4000000000,121.0000000000,0.0000000000,2025-03-14 07:03:00.000,SocSon,"2",1432.8700000000,I
15145,23.6000000000,88.5000000000,1.3000000000,194.0000000000,0.0000000000,2025-03-14 07:02:00.000,SocSon,"2",1432.8700000000,I
15144,23.7000000000,88.4000000000,1.6000000000,122.0000000000,0.0000000000,2025-03-14 07:01:00.000,SocSon,"2",1432.8700000000,I
15143,23.7000000000,88.4000000000,1.2000000000,138.0000000000,0.0000000000,2025-03-14 07:00:00.000,SocSon,"2",1432.8700000000,I
15142,23.7000000000,88.4000000000,2.0000000000,147.0000000000,0.0000000000,2025-03-14 06:59:00.000,SocSon,"2",1432.8700000000,I
15141,23.7000000000,88.5000000000,1.6000000000,121.0000000000,0.0000000000,2025-03-14 06:58:00.000,SocSon,"2",1432.8700000000,I
15140,23.7000000000,88.4000000000,1.0000000000,168.0000000000,0.0000000000,2025-03-14 06:57:00.000,SocSon,"2",1432.8700000000,I
15139,23.7000000000,88.4000000000,0.6000000000,124.0000000000,0.0000000000,2025-03-14 06:56:00.000,SocSon,"2",1432.8700000000,I
15138,23.7000000000,88.6000000000,1.0000000000,187.0000000000,0.0000000000,2025-03-14 06:55:00.000,SocSon,"2",1432.8700000000,I
15137,23.7000000000,88.6000000000,0.6000000000,122.0000000000,0.0000000000,2025-03-14 06:54:00.000,SocSon,"2",1432.8700000000,I
15136,23.6000000000,88.5000000000,0.2000000000,122.0000000000,0.0000000000,2025-03-14 06:53:00.000,SocSon,"2",1432.8700000000,I
15135,23.6000000000,88.4000000000,0.6000000000,217.0000000000,0.0000000000,2025-03-14 06:52:00.000,SocSon,"2",1432.8700000000,I
15134,23.7000000000,88.4000000000,0.9000000000,169.0000000000,0.0000000000,2025-03-14 06:51:00.000,SocSon,"2",1432.8700000000,I
15133,23.7000000000,88.6000000000,2.0000000000,154.0000000000,0.0000000000,2025-03-14 06:50:00.000,SocSon,"2",1432.8700000000,I
15132,23.6000000000,88.7000000000,0.6000000000,97.0000000000,0.0000000000,2025-03-14 06:49:00.000,SocSon,"2",1432.8700000000,I
15131,23.6000000000,88.7000000000,0.4000000000,193.0000000000,0.0000000000,2025-03-14 06:48:00.000,SocSon,"2",1432.8700000000,I
15130,23.6000000000,88.7000000000,1.4000000000,105.0000000000,0.0000000000,2025-03-14 06:47:00.000,SocSon,"2",1432.8700000000,I
15129,23.6000000000,88.7000000000,0.4000000000,169.0000000000,0.0000000000,2025-03-14 06:46:00.000,SocSon,"2",1432.8700000000,I
15128,23.6000000000,88.8000000000,1.0000000000,161.0000000000,0.0000000000,2025-03-14 06:45:00.000,SocSon,"2",1432.8700000000,I
15127,23.6000000000,88.7000000000,1.0000000000,142.0000000000,0.0000000000,2025-03-14 06:44:00.000,SocSon,"2",1432.8700000000,I
15126,23.5000000000,88.7000000000,1.4000000000,158.0000000000,0.0000000000,2025-03-14 06:43:00.000,SocSon,"2",1432.8700000000,I
15125,23.6000000000,88.7000000000,0.8000000000,121.0000000000,0.0000000000,2025-03-14 06:42:00.000,SocSon,"2",1432.8700000000,I
15124,23.6000000000,88.7000000000,1.1000000000,169.0000000000,0.0000000000,2025-03-14 06:41:00.000,SocSon,"2",1432.8700000000,I
15123,23.6000000000,88.7000000000,0.8000000000,145.0000000000,0.0000000000,2025-03-14 06:40:00.000,SocSon,"2",1432.8700000000,I
15122,23.6000000000,88.7000000000,0.8000000000,145.0000000000,0.0000000000,2025-03-14 06:39:00.000,SocSon,"2",1432.8700000000,I
15121,23.6000000000,88.6000000000,1.0000000000,145.0000000000,0.0000000000,2025-03-14 06:38:00.000,SocSon,"2",1432.8700000000,I
15120,23.6000000000,88.6000000000,1.4000000000,150.0000000000,0.0000000000,2025-03-14 06:37:00.000,SocSon,"2",1432.8700000000,I
15119,23.6000000000,88.6000000000,1.0000000000,191.0000000000,0.0000000000,2025-03-14 06:36:00.000,SocSon,"2",1432.8700000000,I
15118,23.6000000000,88.5000000000,1.7000000000,168.0000000000,0.0000000000,2025-03-14 06:35:00.000,SocSon,"2",1432.8700000000,I
15117,23.6000000000,88.6000000000,2.0000000000,130.0000000000,0.0000000000,2025-03-14 06:34:00.000,SocSon,"2",1432.8700000000,I
15116,23.6000000000,88.6000000000,1.4000000000,167.0000000000,0.0000000000,2025-03-14 06:33:00.000,SocSon,"2",1432.8700000000,I
15115,23.6000000000,88.6000000000,0.0000000000,217.0000000000,0.0000000000,2025-03-14 06:32:00.000,SocSon,"2",1432.8700000000,I
15114,23.5000000000,88.6000000000,0.4000000000,241.0000000000,0.0000000000,2025-03-14 06:31:00.000,SocSon,"2",1432.8700000000,I
15113,23.6000000000,88.6000000000,0.6000000000,169.0000000000,0.0000000000,2025-03-14 06:30:00.000,SocSon,"2",1432.8700000000,I
15112,23.6000000000,88.6000000000,0.4000000000,169.0000000000,0.0000000000,2025-03-14 06:29:00.000,SocSon,"2",1432.8700000000,I
15111,23.5000000000,88.6000000000,0.6000000000,169.0000000000,0.0000000000,2025-03-14 06:28:00.000,SocSon,"2",1432.8700000000,I
15110,23.5000000000,88.7000000000,0.5000000000,146.0000000000,0.0000000000,2025-03-14 06:27:00.000,SocSon,"2",1432.8700000000,I
15109,23.5000000000,88.7000000000,0.9000000000,193.0000000000,0.0000000000,2025-03-14 06:26:00.000,SocSon,"2",1432.8700000000,I
15108,23.5000000000,88.6000000000,0.9000000000,167.0000000000,0.0000000000,2025-03-14 06:25:00.000,SocSon,"2",1432.8700000000,I
15107,23.5000000000,88.6000000000,1.0000000000,151.0000000000,0.0000000000,2025-03-14 06:24:00.000,SocSon,"2",1432.8700000000,I
15106,23.5000000000,88.6000000000,1.6000000000,168.0000000000,0.0000000000,2025-03-14 06:23:00.000,SocSon,"2",1432.8700000000,I
15105,23.5000000000,88.6000000000,1.8000000000,118.0000000000,0.0000000000,2025-03-14 06:22:00.000,SocSon,"2",1432.8700000000,I
15104,23.5000000000,88.6000000000,1.0000000000,151.0000000000,0.0000000000,2025-03-14 06:21:00.000,SocSon,"2",1432.8700000000,I
15103,23.5000000000,88.6000000000,1.2000000000,121.0000000000,0.0000000000,2025-03-14 06:20:00.000,SocSon,"2",1432.8700000000,I
15102,23.5000000000,88.6000000000,0.4000000000,199.0000000000,0.0000000000,2025-03-14 06:19:00.000,SocSon,"2",1432.8700000000,I
15101,23.5000000000,88.6000000000,1.2000000000,149.0000000000,0.0000000000,2025-03-14 06:18:00.000,SocSon,"2",1432.8700000000,I
15100,23.5000000000,88.6000000000,1.0000000000,169.0000000000,0.0000000000,2025-03-14 06:17:00.000,SocSon,"2",1432.8700000000,I
15099,23.5000000000,88.7000000000,0.8000000000,146.0000000000,0.0000000000,2025-03-14 06:16:00.000,SocSon,"2",1432.8700000000,I
15098,23.5000000000,88.7000000000,1.6000000000,111.0000000000,0.0000000000,2025-03-14 06:15:00.000,SocSon,"2",1432.8700000000,I
15097,23.5000000000,88.7000000000,0.4000000000,121.0000000000,0.0000000000,2025-03-14 06:14:00.000,SocSon,"2",1432.8700000000,I
15096,23.5000000000,88.6000000000,0.6000000000,169.0000000000,0.0000000000,2025-03-14 06:13:00.000,SocSon,"2",1432.8700000000,I
15095,23.5000000000,88.6000000000,1.0000000000,169.0000000000,0.0000000000,2025-03-14 06:12:00.000,SocSon,"2",1432.8700000000,I
15094,23.5000000000,88.7000000000,1.0000000000,125.0000000000,0.0000000000,2025-03-14 06:11:00.000,SocSon,"2",1432.8700000000,I
15093,23.5000000000,88.7000000000,0.4000000000,122.0000000000,0.0000000000,2025-03-14 06:10:00.000,SocSon,"2",1432.8700000000,I
15092,23.5000000000,88.6000000000,0.2000000000,169.0000000000,0.0000000000,2025-03-14 06:09:00.000,SocSon,"2",1432.8700000000,I
15091,23.5000000000,88.6000000000,1.1000000000,169.0000000000,0.0000000000,2025-03-14 06:08:00.000,SocSon,"2",1432.8700000000,I
15090,23.5000000000,88.6000000000,1.6000000000,170.0000000000,0.0000000000,2025-03-14 06:07:00.000,SocSon,"2",1432.8700000000,I
15089,23.5000000000,88.7000000000,0.6000000000,217.0000000000,0.0000000000,2025-03-14 06:06:00.000,SocSon,"2",1432.8700000000,I
15088,23.5000000000,88.7000000000,0.6000000000,121.0000000000,0.0000000000,2025-03-14 06:05:00.000,SocSon,"2",1432.8700000000,I
15087,23.5000000000,88.8000000000,0.4000000000,75.0000000000,0.0000000000,2025-03-14 06:04:00.000,SocSon,"2",1432.8700000000,I
15086,23.5000000000,88.7000000000,0.8000000000,189.0000000000,0.0000000000,2025-03-14 06:03:00.000,SocSon,"2",1432.8700000000,I
15085,23.5000000000,88.6000000000,0.8000000000,123.0000000000,0.0000000000,2025-03-14 06:02:00.000,SocSon,"2",1432.8700000000,I
15084,23.5000000000,88.6000000000,1.0000000000,169.0000000000,0.0000000000,2025-03-14 06:01:00.000,SocSon,"2",1432.8700000000,I
15083,23.5000000000,88.6000000000,1.9000000000,144.0000000000,0.0000000000,2025-03-14 06:00:00.000,SocSon,"2",1432.8700000000,I
15082,23.5000000000,88.6000000000,1.2000000000,153.0000000000,0.0000000000,2025-03-14 05:59:00.000,SocSon,"2",1432.8700000000,I
15081,23.5000000000,88.5000000000,1.2000000000,121.0000000000,0.0000000000,2025-03-14 05:58:00.000,SocSon,"2",1432.8700000000,I
15080,23.6000000000,88.6000000000,1.2000000000,145.0000000000,0.0000000000,2025-03-14 05:57:00.000,SocSon,"2",1432.8700000000,I
15079,23.5000000000,88.5000000000,0.8000000000,148.0000000000,0.0000000000,2025-03-14 05:56:00.000,SocSon,"2",1432.8700000000,I
15078,23.5000000000,88.4000000000,1.2000000000,145.0000000000,0.0000000000,2025-03-14 05:55:00.000,SocSon,"2",1432.8700000000,I
15077,23.6000000000,88.4000000000,1.1000000000,145.0000000000,0.0000000000,2025-03-14 05:54:00.000,SocSon,"2",1432.8700000000,I
15076,23.6000000000,88.4000000000,1.0000000000,169.0000000000,0.0000000000,2025-03-14 05:53:00.000,SocSon,"2",1432.8700000000,I
15075,23.6000000000,88.3000000000,0.8000000000,169.0000000000,0.0000000000,2025-03-14 05:52:00.000,SocSon,"2",1432.8700000000,I
15074,23.6000000000,88.2000000000,0.8000000000,155.0000000000,0.0000000000,2025-03-14 05:51:00.000,SocSon,"2",1432.8700000000,I
15073,23.6000000000,88.1000000000,0.8000000000,169.0000000000,0.0000000000,2025-03-14 05:50:00.000,SocSon,"2",1432.8700000000,I
15072,23.6000000000,88.0000000000,0.6000000000,169.0000000000,0.0000000000,2025-03-14 05:49:00.000,SocSon,"2",1432.8700000000,I
15071,23.7000000000,88.0000000000,0.6000000000,169.0000000000,0.0000000000,2025-03-14 05:48:00.000,SocSon,"2",1432.8700000000,I
15070,23.7000000000,87.9000000000,0.6000000000,169.0000000000,0.0000000000,2025-03-14 05:47:00.000,SocSon,"2",1432.8700000000,I
15069,23.7000000000,87.8000000000,0.0000000000,169.0000000000,0.0000000000,2025-03-14 05:46:00.000,SocSon,"2",1432.8700000000,I
15068,23.7000000000,87.7000000000,0.0000000000,169.0000000000,0.0000000000,2025-03-14 05:45:00.000,SocSon,"2",1432.8700000000,I
15067,23.8000000000,87.7000000000,0.0000000000,169.0000000000,0.0000000000,2025-03-14 05:44:00.000,SocSon,"2",1432.8700000000,I
15066,23.8000000000,87.7000000000,0.0000000000,169.0000000000,0.0000000000,2025-03-14 05:43:00.000,SocSon,"2",1432.8700000000,I
15065,23.8000000000,87.8000000000,0.0000000000,169.0000000000,0.0000000000,2025-03-14 05:42:00.000,SocSon,"2",1432.8700000000,I
15064,23.8000000000,87.9000000000,0.0000000000,169.0000000000,0.0000000000,2025-03-14 05:41:00.000,SocSon,"2",1432.8700000000,I
15063,23.8000000000,88.0000000000,0.0000000000,169.0000000000,0.0000000000,2025-03-14 05:40:00.000,SocSon,"2",1432.8700000000,I
15062,23.7000000000,88.1000000000,0.0000000000,169.0000000000,0.0000000000,2025-03-14 05:39:00.000,SocSon,"2",1432.8700000000,I
15061,23.7000000000,88.1000000000,0.0000000000,169.0000000000,0.0000000000,2025-03-14 05:38:00.000,SocSon,"2",1432.8700000000,I
15060,23.7000000000,88.0000000000,0.0000000000,169.0000000000,0.0000000000,2025-03-14 05:37:00.000,SocSon,"2",1432.8700000000,I
15059,23.7000000000,88.0000000000,0.0000000000,169.0000000000,0.0000000000,2025-03-14 05:36:00.000,SocSon,"2",1432.8700000000,I
15058,23.7000000000,88.0000000000,0.0000000000,169.0000000000,0.0000000000,2025-03-14 05:35:00.000,SocSon,"2",1432.8700000000,I
15057,23.7000000000,88.0000000000,0.0000000000,169.0000000000,0.0000000000,2025-03-14 05:34:00.000,SocSon,"2",1432.8700000000,I
15056,23.7000000000,88.1000000000,0.0000000000,169.0000000000,0.0000000000,2025-03-14 05:33:00.000,SocSon,"2",1432.8700000000,I
15055,23.7000000000,88.1000000000,0.0000000000,169.0000000000,0.0000000000,2025-03-14 05:32:00.000,SocSon,"2",1432.8700000000,I
15054,23.6000000000,88.2000000000,0.0000000000,169.0000000000,0.0000000000,2025-03-14 05:31:00.000,SocSon,"2",1432.8700000000,I
15053,23.6000000000,88.1000000000,0.0000000000,169.0000000000,0.0000000000,2025-03-14 05:30:00.000,SocSon,"2",1432.8700000000,I
15052,23.6000000000,88.1000000000,0.0000000000,193.0000000000,0.0000000000,2025-03-14 05:29:00.000,SocSon,"2",1432.8700000000,I
15051,23.6000000000,88.1000000000,0.0000000000,193.0000000000,0.0000000000,2025-03-14 05:28:00.000,SocSon,"2",1432.8700000000,I
15050,23.6000000000,88.1000000000,0.2000000000,193.0000000000,0.0000000000,2025-03-14 05:27:00.000,SocSon,"2",1432.8700000000,I
15049,23.7000000000,88.1000000000,0.8000000000,145.0000000000,0.0000000000,2025-03-14 05:26:00.000,SocSon,"2",1432.8700000000,I
15048,23.7000000000,88.0000000000,0.6000000000,169.0000000000,0.0000000000,2025-03-14 05:25:00.000,SocSon,"2",1432.8700000000,I
15047,23.7000000000,88.0000000000,0.6000000000,169.0000000000,0.0000000000,2025-03-14 05:24:00.000,SocSon,"2",1432.8700000000,I
15046,23.7000000000,88.0000000000,0.0000000000,129.0000000000,0.0000000000,2025-03-14 05:23:00.000,SocSon,"2",1432.8700000000,I
15045,23.7000000000,88.1000000000,0.0000000000,145.0000000000,0.0000000000,2025-03-14 05:22:00.000,SocSon,"2",1432.8700000000,I
15044,23.7000000000,88.0000000000,0.0000000000,179.0000000000,0.0000000000,2025-03-14 05:21:00.000,SocSon,"2",1432.8700000000,I
15043,23.6000000000,88.2000000000,0.0000000000,217.0000000000,0.0000000000,2025-03-14 05:20:00.000,SocSon,"2",1432.8700000000,I
15042,23.6000000000,88.0000000000,0.0000000000,193.0000000000,0.0000000000,2025-03-14 05:19:00.000,SocSon,"2",1432.8700000000,I
15041,23.6000000000,88.0000000000,0.8000000000,169.0000000000,0.0000000000,2025-03-14 05:18:00.000,SocSon,"2",1432.8700000000,I
15040,23.7000000000,88.0000000000,0.0000000000,121.0000000000,0.0000000000,2025-03-14 05:17:00.000,SocSon,"2",1432.8700000000,I
15039,23.6000000000,88.1000000000,0.8000000000,166.0000000000,0.0000000000,2025-03-14 05:16:00.000,SocSon,"2",1432.8700000000,I
15038,23.6000000000,88.0000000000,1.2000000000,142.0000000000,0.0000000000,2025-03-14 05:15:00.000,SocSon,"2",1432.8700000000,I
15037,23.6000000000,88.0000000000,0.8000000000,145.0000000000,0.0000000000,2025-03-14 05:14:00.000,SocSon,"2",1432.8700000000,I
15036,23.7000000000,87.9000000000,0.8000000000,169.0000000000,0.0000000000,2025-03-14 05:13:00.000,SocSon,"2",1432.8700000000,I
15035,23.7000000000,88.0000000000,0.8000000000,145.0000000000,0.0000000000,2025-03-14 05:12:00.000,SocSon,"2",1432.8700000000,I
15034,23.7000000000,88.1000000000,0.6000000000,97.0000000000,0.0000000000,2025-03-14 05:11:00.000,SocSon,"2",1432.8700000000,I
15033,23.7000000000,88.0000000000,0.0000000000,192.0000000000,0.0000000000,2025-03-14 05:10:00.000,SocSon,"2",1432.8700000000,I
15032,23.6000000000,88.0000000000,0.4000000000,169.0000000000,0.0000000000,2025-03-14 05:09:00.000,SocSon,"2",1432.8700000000,I
15031,23.6000000000,88.0000000000,0.6000000000,169.0000000000,0.0000000000,2025-03-14 05:08:00.000,SocSon,"2",1432.8700000000,I
15030,23.7000000000,88.0000000000,0.4000000000,121.0000000000,0.0000000000,2025-03-14 05:07:00.000,SocSon,"2",1432.8700000000,I
15029,23.7000000000,88.0000000000,0.8000000000,145.0000000000,0.0000000000,2025-03-14 05:06:00.000,SocSon,"2",1432.8700000000,I
15028,23.7000000000,87.9000000000,0.0000000000,121.0000000000,0.0000000000,2025-03-14 05:05:00.000,SocSon,"2",1432.8700000000,I
15027,23.6000000000,88.0000000000,0.0000000000,169.0000000000,0.0000000000,2025-03-14 05:04:00.000,SocSon,"2",1432.8700000000,I
15026,23.6000000000,88.0000000000,0.0000000000,217.0000000000,0.0000000000,2025-03-14 05:03:00.000,SocSon,"2",1432.8700000000,I
15025,23.6000000000,88.0000000000,0.2000000000,193.0000000000,0.0000000000,2025-03-14 05:02:00.000,SocSon,"2",1432.8700000000,I
15024,23.7000000000,88.1000000000,0.3000000000,169.0000000000,0.0000000000,2025-03-14 05:01:00.000,SocSon,"2",1432.8700000000,I
15023,23.6000000000,88.1000000000,0.2000000000,169.0000000000,0.0000000000,2025-03-14 05:00:00.000,SocSon,"2",1432.8700000000,I
15022,23.6000000000,88.2000000000,0.1000000000,217.0000000000,0.0000000000,2025-03-14 04:59:00.000,SocSon,"2",1432.8700000000,I
15021,23.6000000000,88.1000000000,0.8000000000,193.0000000000,0.0000000000,2025-03-14 04:58:00.000,SocSon,"2",1432.8700000000,I
15020,23.6000000000,88.1000000000,0.6000000000,217.0000000000,0.0000000000,2025-03-14 04:57:00.000,SocSon,"2",1432.8700000000,I
15019,23.6000000000,88.1000000000,0.2000000000,217.0000000000,0.0000000000,2025-03-14 04:56:00.000,SocSon,"2",1432.8700000000,I
15018,23.6000000000,88.1000000000,0.8000000000,241.0000000000,0.0000000000,2025-03-14 04:55:00.000,SocSon,"2",1432.8700000000,I
15017,23.6000000000,88.0000000000,0.6000000000,148.0000000000,0.0000000000,2025-03-14 04:54:00.000,SocSon,"2",1432.8700000000,I
15016,23.6000000000,88.0000000000,0.8000000000,193.0000000000,0.0000000000,2025-03-14 04:53:00.000,SocSon,"2",1432.8700000000,I
15015,23.6000000000,88.0000000000,0.6000000000,241.0000000000,0.0000000000,2025-03-14 04:52:00.000,SocSon,"2",1432.8700000000,I
15014,23.6000000000,88.0000000000,1.2000000000,139.0000000000,0.0000000000,2025-03-14 04:51:00.000,SocSon,"2",1432.8700000000,I
15013,23.6000000000,87.9000000000,1.5000000000,168.0000000000,0.0000000000,2025-03-14 04:50:00.000,SocSon,"2",1432.8700000000,I
15012,23.6000000000,87.8000000000,0.4000000000,169.0000000000,0.0000000000,2025-03-14 04:49:00.000,SocSon,"2",1432.8700000000,I
15011,23.7000000000,87.8000000000,0.0000000000,217.0000000000,0.0000000000,2025-03-14 04:48:00.000,SocSon,"2",1432.8700000000,I
15010,23.7000000000,87.9000000000,0.0000000000,193.0000000000,0.0000000000,2025-03-14 04:47:00.000,SocSon,"2",1432.8700000000,I
15009,23.7000000000,88.0000000000,0.0000000000,193.0000000000,0.0000000000,2025-03-14 04:46:00.000,SocSon,"2",1432.8700000000,I
15008,23.6000000000,88.2000000000,0.0000000000,193.0000000000,0.0000000000,2025-03-14 04:45:00.000,SocSon,"2",1432.8700000000,I
15007,23.6000000000,88.1000000000,0.0000000000,193.0000000000,0.0000000000,2025-03-14 04:44:00.000,SocSon,"2",1432.8700000000,I
15006,23.6000000000,88.0000000000,0.8000000000,145.0000000000,0.0000000000,2025-03-14 04:43:00.000,SocSon,"2",1432.8700000000,I
15005,23.6000000000,88.0000000000,1.4000000000,145.0000000000,0.0000000000,2025-03-14 04:42:00.000,SocSon,"2",1432.8700000000,I
15004,23.6000000000,87.9000000000,1.6000000000,143.0000000000,0.0000000000,2025-03-14 04:41:00.000,SocSon,"2",1432.8700000000,I
15003,23.6000000000,88.0000000000,1.9000000000,145.0000000000,0.0000000000,2025-03-14 04:40:00.000,SocSon,"2",1432.8700000000,I
15002,23.6000000000,88.0000000000,0.5000000000,169.0000000000,0.0000000000,2025-03-14 04:39:00.000,SocSon,"2",1432.8700000000,I
15001,23.6000000000,88.0000000000,0.6000000000,193.0000000000,0.0000000000,2025-03-14 04:38:00.000,SocSon,"2",1432.8700000000,I
15000,23.6000000000,88.0000000000,1.0000000000,134.0000000000,0.0000000000,2025-03-14 04:37:00.000,SocSon,"2",1432.8700000000,I
14999,23.6000000000,88.0000000000,0.7000000000,193.0000000000,0.0000000000,2025-03-14 04:36:00.000,SocSon,"2",1432.8700000000,I
14998,23.6000000000,88.0000000000,0.8000000000,190.0000000000,0.0000000000,2025-03-14 04:35:00.000,SocSon,"2",1432.8700000000,I
14997,23.6000000000,88.0000000000,0.4000000000,193.0000000000,0.0000000000,2025-03-14 04:34:00.000,SocSon,"2",1432.8700000000,I
14996,23.6000000000,88.0000000000,0.6000000000,169.0000000000,0.0000000000,2025-03-14 04:33:00.000,SocSon,"2",1432.8700000000,I
14995,23.6000000000,87.9000000000,0.8000000000,169.0000000000,0.0000000000,2025-03-14 04:32:00.000,SocSon,"2",1432.8700000000,I
14994,23.6000000000,87.9000000000,1.8000000000,121.0000000000,0.0000000000,2025-03-14 04:31:00.000,SocSon,"2",1432.8700000000,I
14993,23.6000000000,87.9000000000,1.6000000000,169.0000000000,0.0000000000,2025-03-14 04:30:00.000,SocSon,"2",1432.8700000000,I
14992,23.6000000000,87.9000000000,0.8000000000,169.0000000000,0.0000000000,2025-03-14 04:29:00.000,SocSon,"2",1432.8700000000,I
14991,23.6000000000,87.9000000000,0.6000000000,169.0000000000,0.0000000000,2025-03-14 04:28:00.000,SocSon,"2",1432.8700000000,I
14990,23.7000000000,87.8000000000,1.2000000000,169.0000000000,0.0000000000,2025-03-14 04:27:00.000,SocSon,"2",1432.8700000000,I
14989,23.7000000000,87.8000000000,1.2000000000,156.0000000000,0.0000000000,2025-03-14 04:26:00.000,SocSon,"2",1432.8700000000,I
14988,23.7000000000,87.7000000000,0.9000000000,86.0000000000,0.0000000000,2025-03-14 04:25:00.000,SocSon,"2",1432.8700000000,I
14987,23.7000000000,87.7000000000,1.6000000000,152.0000000000,0.0000000000,2025-03-14 04:24:00.000,SocSon,"2",1432.8700000000,I
14986,23.7000000000,87.6000000000,2.6000000000,127.0000000000,0.0000000000,2025-03-14 04:23:00.000,SocSon,"2",1432.8700000000,I
14985,23.7000000000,87.7000000000,1.2000000000,169.0000000000,0.0000000000,2025-03-14 04:22:00.000,SocSon,"2",1432.8700000000,I
14984,23.7000000000,87.7000000000,0.2000000000,169.0000000000,0.0000000000,2025-03-14 04:21:00.000,SocSon,"2",1432.8700000000,I
14983,23.7000000000,87.7000000000,0.0000000000,73.0000000000,0.0000000000,2025-03-14 04:20:00.000,SocSon,"2",1432.8700000000,I
14982,23.7000000000,87.8000000000,0.3000000000,39.0000000000,0.0000000000,2025-03-14 04:19:00.000,SocSon,"2",1432.8700000000,I
14981,23.7000000000,87.7000000000,0.0000000000,241.0000000000,0.0000000000,2025-03-14 04:18:00.000,SocSon,"2",1432.8700000000,I
14980,23.7000000000,87.8000000000,0.0000000000,241.0000000000,0.0000000000,2025-03-14 04:17:00.000,SocSon,"2",1432.8700000000,I
14979,23.7000000000,87.8000000000,0.6000000000,117.0000000000,0.0000000000,2025-03-14 04:16:00.000,SocSon,"2",1432.8700000000,I
14978,23.7000000000,87.9000000000,0.2000000000,145.0000000000,0.0000000000,2025-03-14 04:15:00.000,SocSon,"2",1432.8700000000,I
14977,23.7000000000,88.1000000000,0.0000000000,217.0000000000,0.0000000000,2025-03-14 04:14:00.000,SocSon,"2",1432.8700000000,I
14976,23.7000000000,88.1000000000,0.2000000000,97.0000000000,0.0000000000,2025-03-14 04:13:00.000,SocSon,"2",1432.8700000000,I
14975,23.6000000000,88.2000000000,0.4000000000,73.0000000000,0.0000000000,2025-03-14 04:12:00.000,SocSon,"2",1432.8700000000,I
14974,23.6000000000,88.3000000000,0.2000000000,145.0000000000,0.0000000000,2025-03-14 04:11:00.000,SocSon,"2",1432.8700000000,I
14973,23.6000000000,88.3000000000,0.6000000000,121.0000000000,0.0000000000,2025-03-14 04:10:00.000,SocSon,"2",1432.8700000000,I
14972,23.6000000000,88.3000000000,0.8000000000,171.0000000000,0.0000000000,2025-03-14 04:09:00.000,SocSon,"2",1432.8700000000,I
14971,23.6000000000,88.4000000000,0.6000000000,168.0000000000,0.0000000000,2025-03-14 04:08:00.000,SocSon,"2",1432.8700000000,I
14970,23.5000000000,88.4000000000,0.8000000000,169.0000000000,0.0000000000,2025-03-14 04:07:00.000,SocSon,"2",1432.8700000000,I
14969,23.5000000000,88.4000000000,1.0000000000,169.0000000000,0.0000000000,2025-03-14 04:06:00.000,SocSon,"2",1432.8700000000,I
14968,23.6000000000,88.5000000000,1.4000000000,121.0000000000,0.0000000000,2025-03-14 04:05:00.000,SocSon,"2",1432.8700000000,I
14967,23.5000000000,88.4000000000,0.6000000000,121.0000000000,0.0000000000,2025-03-14 04:04:00.000,SocSon,"2",1432.8700000000,I
14966,23.5000000000,88.4000000000,1.0000000000,169.0000000000,0.0000000000,2025-03-14 04:03:00.000,SocSon,"2",1432.8700000000,I
14965,23.5000000000,88.5000000000,1.5000000000,125.0000000000,0.0000000000,2025-03-14 04:02:00.000,SocSon,"2",1432.8700000000,I
14964,23.5000000000,88.5000000000,1.2000000000,121.0000000000,0.0000000000,2025-03-14 04:01:00.000,SocSon,"2",1432.8700000000,I
14963,23.5000000000,88.4000000000,1.0000000000,159.0000000000,0.0000000000,2025-03-14 04:00:00.000,SocSon,"2",1432.8700000000,I
14962,23.5000000000,88.4000000000,1.6000000000,146.0000000000,0.0000000000,2025-03-14 03:59:00.000,SocSon,"2",1432.8700000000,I
14961,23.5000000000,88.5000000000,0.6000000000,169.0000000000,0.0000000000,2025-03-14 03:58:00.000,SocSon,"2",1432.8700000000,I
14960,23.5000000000,88.4000000000,1.6000000000,169.0000000000,0.0000000000,2025-03-14 03:57:00.000,SocSon,"2",1432.8700000000,I
14959,23.5000000000,88.4000000000,1.2000000000,121.0000000000,0.0000000000,2025-03-14 03:56:00.000,SocSon,"2",1432.8700000000,I
14958,23.5000000000,88.5000000000,1.8000000000,127.0000000000,0.0000000000,2025-03-14 03:55:00.000,SocSon,"2",1432.8700000000,I
14957,23.5000000000,88.4000000000,1.2000000000,126.0000000000,0.0000000000,2025-03-14 03:54:00.000,SocSon,"2",1432.8700000000,I
14956,23.5000000000,88.4000000000,1.0000000000,213.0000000000,0.0000000000,2025-03-14 03:53:00.000,SocSon,"2",1432.8700000000,I
14955,23.5000000000,88.5000000000,0.6000000000,192.0000000000,0.0000000000,2025-03-14 03:52:00.000,SocSon,"2",1432.8700000000,I
14954,23.5000000000,88.4000000000,1.4000000000,169.0000000000,0.0000000000,2025-03-14 03:51:00.000,SocSon,"2",1432.8700000000,I
14953,23.6000000000,88.4000000000,1.4000000000,150.0000000000,0.0000000000,2025-03-14 03:50:00.000,SocSon,"2",1432.8700000000,I
14952,23.6000000000,88.4000000000,1.0000000000,125.0000000000,0.0000000000,2025-03-14 03:49:00.000,SocSon,"2",1432.8700000000,I
14951,23.6000000000,88.5000000000,1.2000000000,145.0000000000,0.0000000000,2025-03-14 03:48:00.000,SocSon,"2",1432.8700000000,I
14950,23.5000000000,88.5000000000,1.4000000000,144.0000000000,0.0000000000,2025-03-14 03:47:00.000,SocSon,"2",1432.8700000000,I
14949,23.5000000000,88.5000000000,1.8000000000,121.0000000000,0.0000000000,2025-03-14 03:46:00.000,SocSon,"2",1432.8700000000,I
14948,23.5000000000,88.5000000000,1.0000000000,167.0000000000,0.0000000000,2025-03-14 03:45:00.000,SocSon,"2",1432.8700000000,I
14947,23.5000000000,88.5000000000,0.8000000000,217.0000000000,0.0000000000,2025-03-14 03:44:00.000,SocSon,"2",1432.8700000000,I
14946,23.5000000000,88.5000000000,0.8000000000,128.0000000000,0.0000000000,2025-03-14 03:43:00.000,SocSon,"2",1432.8700000000,I
14945,23.5000000000,88.5000000000,2.1000000000,169.0000000000,0.0000000000,2025-03-14 03:42:00.000,SocSon,"2",1432.8700000000,I
14944,23.5000000000,88.5000000000,2.9000000000,169.0000000000,0.0000000000,2025-03-14 03:41:00.000,SocSon,"2",1432.8700000000,I
14943,23.5000000000,88.5000000000,1.8000000000,165.0000000000,0.0000000000,2025-03-14 03:40:00.000,SocSon,"2",1432.8700000000,I
14942,23.6000000000,88.5000000000,1.2000000000,169.0000000000,0.0000000000,2025-03-14 03:39:00.000,SocSon,"2",1432.8700000000,I
14941,23.5000000000,88.4000000000,1.0000000000,169.0000000000,0.0000000000,2025-03-14 03:38:00.000,SocSon,"2",1432.8700000000,I
14940,23.5000000000,88.4000000000,1.0000000000,145.0000000000,0.0000000000,2025-03-14 03:37:00.000,SocSon,"2",1432.8700000000,I
14939,23.6000000000,88.4000000000,1.0000000000,146.0000000000,0.0000000000,2025-03-14 03:36:00.000,SocSon,"2",1432.8700000000,I
14938,23.6000000000,88.5000000000,1.8000000000,141.0000000000,0.0000000000,2025-03-14 03:35:00.000,SocSon,"2",1432.8700000000,I
14937,23.6000000000,88.4000000000,0.8000000000,193.0000000000,0.0000000000,2025-03-14 03:34:00.000,SocSon,"2",1432.8700000000,I
14936,23.6000000000,88.5000000000,0.5000000000,145.0000000000,0.0000000000,2025-03-14 03:33:00.000,SocSon,"2",1432.8700000000,I
14935,23.5000000000,88.5000000000,0.6000000000,180.0000000000,0.0000000000,2025-03-14 03:32:00.000,SocSon,"2",1432.8700000000,I
14934,23.5000000000,88.5000000000,1.2000000000,142.0000000000,0.0000000000,2025-03-14 03:31:00.000,SocSon,"2",1432.8700000000,I
14933,23.5000000000,88.4000000000,1.4000000000,170.0000000000,0.0000000000,2025-03-14 03:30:00.000,SocSon,"2",1432.8700000000,I
14932,23.5000000000,88.4000000000,1.4000000000,153.0000000000,0.0000000000,2025-03-14 03:29:00.000,SocSon,"2",1432.8700000000,I
14931,23.6000000000,88.4000000000,2.0000000000,145.0000000000,0.0000000000,2025-03-14 03:28:00.000,SocSon,"2",1432.8700000000,I
14930,23.6000000000,88.4000000000,1.2000000000,169.0000000000,0.0000000000,2025-03-14 03:27:00.000,SocSon,"2",1432.8700000000,I
14929,23.6000000000,88.4000000000,2.0000000000,121.0000000000,0.0000000000,2025-03-14 03:26:00.000,SocSon,"2",1432.8700000000,I
14928,23.6000000000,88.4000000000,1.1000000000,145.0000000000,0.0000000000,2025-03-14 03:25:00.000,SocSon,"2",1432.8700000000,I
14927,23.6000000000,88.4000000000,1.7000000000,149.0000000000,0.0000000000,2025-03-14 03:24:00.000,SocSon,"2",1432.8700000000,I
14926,23.6000000000,88.4000000000,1.0000000000,186.0000000000,0.0000000000,2025-03-14 03:23:00.000,SocSon,"2",1432.8700000000,I
14925,23.6000000000,88.4000000000,1.0000000000,145.0000000000,0.0000000000,2025-03-14 03:22:00.000,SocSon,"2",1432.8700000000,I
14924,23.6000000000,88.4000000000,0.8000000000,169.0000000000,0.0000000000,2025-03-14 03:21:00.000,SocSon,"2",1432.8700000000,I
14923,23.6000000000,88.4000000000,0.6000000000,145.0000000000,0.0000000000,2025-03-14 03:20:00.000,SocSon,"2",1432.8700000000,I
14922,23.6000000000,88.3000000000,1.0000000000,133.0000000000,0.0000000000,2025-03-14 03:19:00.000,SocSon,"2",1432.8700000000,I
14921,23.6000000000,88.3000000000,1.2000000000,121.0000000000,0.0000000000,2025-03-14 03:18:00.000,SocSon,"2",1432.8700000000,I
14920,23.6000000000,88.3000000000,1.0000000000,139.0000000000,0.0000000000,2025-03-14 03:17:00.000,SocSon,"2",1432.8700000000,I
14919,23.6000000000,88.2000000000,1.6000000000,143.0000000000,0.0000000000,2025-03-14 03:16:00.000,SocSon,"2",1432.8700000000,I
14918,23.6000000000,88.1000000000,1.8000000000,135.0000000000,0.0000000000,2025-03-14 03:15:00.000,SocSon,"2",1432.8700000000,I
14917,23.6000000000,88.1000000000,2.7000000000,121.0000000000,0.0000000000,2025-03-14 03:14:00.000,SocSon,"2",1432.8700000000,I
14916,23.7000000000,88.1000000000,1.2000000000,130.0000000000,0.0000000000,2025-03-14 03:13:00.000,SocSon,"2",1432.8700000000,I
14915,23.7000000000,88.0000000000,2.1000000000,73.0000000000,0.0000000000,2025-03-14 03:12:00.000,SocSon,"2",1432.8700000000,I
14914,23.7000000000,88.0000000000,1.4000000000,141.0000000000,0.0000000000,2025-03-14 03:11:00.000,SocSon,"2",1432.8700000000,I
14913,23.8000000000,87.9000000000,1.8000000000,118.0000000000,0.0000000000,2025-03-14 03:10:00.000,SocSon,"2",1432.8700000000,I
14912,23.8000000000,88.0000000000,0.5000000000,121.0000000000,0.0000000000,2025-03-14 03:09:00.000,SocSon,"2",1432.8700000000,I
14911,23.8000000000,87.9000000000,0.0000000000,217.0000000000,0.0000000000,2025-03-14 03:08:00.000,SocSon,"2",1432.8700000000,I
14910,23.8000000000,88.0000000000,0.0000000000,217.0000000000,0.0000000000,2025-03-14 03:07:00.000,SocSon,"2",1432.8700000000,I
14909,23.7000000000,88.0000000000,0.5000000000,169.0000000000,0.0000000000,2025-03-14 03:06:00.000,SocSon,"2",1432.8700000000,I
14908,23.8000000000,87.9000000000,0.0000000000,169.0000000000,0.0000000000,2025-03-14 03:05:00.000,SocSon,"2",1432.8700000000,I
14907,23.8000000000,87.9000000000,0.4000000000,169.0000000000,0.0000000000,2025-03-14 03:04:00.000,SocSon,"2",1432.8700000000,I
14906,23.8000000000,88.0000000000,0.0000000000,121.0000000000,0.0000000000,2025-03-14 03:03:00.000,SocSon,"2",1432.8700000000,I
14905,23.8000000000,88.2000000000,0.0000000000,121.0000000000,0.0000000000,2025-03-14 03:02:00.000,SocSon,"2",1432.8700000000,I
14904,23.7000000000,88.2000000000,0.0000000000,121.0000000000,0.0000000000,2025-03-14 03:01:00.000,SocSon,"2",1432.8700000000,I
14903,23.7000000000,88.4000000000,0.0000000000,121.0000000000,0.0000000000,2025-03-14 03:00:00.000,SocSon,"2",1432.8700000000,I
14902,23.6000000000,88.5000000000,0.0000000000,121.0000000000,0.0000000000,2025-03-14 02:59:00.000,SocSon,"2",1432.8700000000,I
14901,23.6000000000,88.5000000000,0.2000000000,121.0000000000,0.0000000000,2025-03-14 02:58:00.000,SocSon,"2",1432.8700000000,I
14900,23.6000000000,88.4000000000,0.9000000000,169.0000000000,0.0000000000,2025-03-14 02:57:00.000,SocSon,"2",1432.8700000000,I
14899,23.6000000000,88.5000000000,1.4000000000,168.0000000000,0.0000000000,2025-03-14 02:56:00.000,SocSon,"2",1432.8700000000,I
14898,23.6000000000,88.5000000000,0.7000000000,145.0000000000,0.0000000000,2025-03-14 02:55:00.000,SocSon,"2",1432.8700000000,I
14897,23.6000000000,88.5000000000,0.8000000000,145.0000000000,0.0000000000,2025-03-14 02:54:00.000,SocSon,"2",1432.8700000000,I
14896,23.6000000000,88.6000000000,0.4000000000,144.0000000000,0.0000000000,2025-03-14 02:53:00.000,SocSon,"2",1432.8700000000,I
14895,23.6000000000,88.6000000000,0.6000000000,121.0000000000,0.0000000000,2025-03-14 02:52:00.000,SocSon,"2",1432.8700000000,I
14894,23.6000000000,88.6000000000,0.9000000000,159.0000000000,0.0000000000,2025-03-14 02:51:00.000,SocSon,"2",1432.8700000000,I
14893,23.6000000000,88.7000000000,1.0000000000,121.0000000000,0.0000000000,2025-03-14 02:50:00.000,SocSon,"2",1432.8700000000,I
14892,23.6000000000,88.8000000000,0.8000000000,121.0000000000,0.0000000000,2025-03-14 02:49:00.000,SocSon,"2",1432.8700000000,I
14891,23.5000000000,88.7000000000,0.0000000000,133.0000000000,0.0000000000,2025-03-14 02:48:00.000,SocSon,"2",1432.8700000000,I
14890,23.5000000000,88.8000000000,0.6000000000,145.0000000000,0.0000000000,2025-03-14 02:47:00.000,SocSon,"2",1432.8700000000,I
14889,23.5000000000,88.7000000000,1.2000000000,169.0000000000,0.0000000000,2025-03-14 02:46:00.000,SocSon,"2",1432.8700000000,I
14888,23.5000000000,88.7000000000,1.2000000000,169.0000000000,0.0000000000,2025-03-14 02:45:00.000,SocSon,"2",1432.8700000000,I
14887,23.5000000000,88.7000000000,1.4000000000,169.0000000000,0.0000000000,2025-03-14 02:44:00.000,SocSon,"2",1432.8700000000,I
14886,23.5000000000,88.7000000000,1.0000000000,168.0000000000,0.0000000000,2025-03-14 02:43:00.000,SocSon,"2",1432.8700000000,I
14885,23.5000000000,88.7000000000,1.6000000000,157.0000000000,0.0000000000,2025-03-14 02:42:00.000,SocSon,"2",1432.8700000000,I
14884,23.5000000000,88.7000000000,1.2000000000,169.0000000000,0.0000000000,2025-03-14 02:41:00.000,SocSon,"2",1432.8700000000,I
14883,23.5000000000,88.6000000000,0.6000000000,169.0000000000,0.0000000000,2025-03-14 02:40:00.000,SocSon,"2",1432.8700000000,I
14882,23.6000000000,88.6000000000,0.6000000000,169.0000000000,0.0000000000,2025-03-14 02:39:00.000,SocSon,"2",1432.8700000000,I
14881,23.6000000000,88.6000000000,1.8000000000,145.0000000000,0.0000000000,2025-03-14 02:38:00.000,SocSon,"2",1432.8700000000,I
14880,23.6000000000,88.6000000000,1.2000000000,126.0000000000,0.0000000000,2025-03-14 02:37:00.000,SocSon,"2",1432.8700000000,I
14879,23.6000000000,88.6000000000,0.8000000000,148.0000000000,0.0000000000,2025-03-14 02:36:00.000,SocSon,"2",1432.8700000000,I
14878,23.6000000000,88.5000000000,1.4000000000,172.0000000000,0.0000000000,2025-03-14 02:35:00.000,SocSon,"2",1432.8700000000,I
14877,23.6000000000,88.5000000000,1.2000000000,176.0000000000,0.0000000000,2025-03-14 02:34:00.000,SocSon,"2",1432.8700000000,I
14876,23.6000000000,88.6000000000,1.6000000000,109.0000000000,0.0000000000,2025-03-14 02:33:00.000,SocSon,"2",1432.8700000000,I
14875,23.6000000000,88.6000000000,1.0000000000,172.0000000000,0.0000000000,2025-03-14 02:32:00.000,SocSon,"2",1432.8700000000,I
14874,23.6000000000,88.6000000000,1.2000000000,145.0000000000,0.0000000000,2025-03-14 02:31:00.000,SocSon,"2",1432.8700000000,I
14873,23.6000000000,88.6000000000,1.4000000000,169.0000000000,0.0000000000,2025-03-14 02:30:00.000,SocSon,"2",1432.8700000000,I
14872,23.6000000000,88.7000000000,1.4000000000,123.0000000000,0.0000000000,2025-03-14 02:29:00.000,SocSon,"2",1432.8700000000,I
14871,23.5000000000,88.7000000000,0.8000000000,169.0000000000,0.0000000000,2025-03-14 02:28:00.000,SocSon,"2",1432.8700000000,I
14870,23.6000000000,88.7000000000,1.5000000000,169.0000000000,0.0000000000,2025-03-14 02:27:00.000,SocSon,"2",1432.8700000000,I
14869,23.6000000000,88.7000000000,1.6000000000,113.0000000000,0.0000000000,2025-03-14 02:26:00.000,SocSon,"2",1432.8700000000,I
14868,23.5000000000,88.7000000000,1.2000000000,122.0000000000,0.0000000000,2025-03-14 02:25:00.000,SocSon,"2",1432.8700000000,I
14867,23.6000000000,88.7000000000,2.4000000000,136.0000000000,0.0000000000,2025-03-14 02:24:00.000,SocSon,"2",1432.8700000000,I
14866,23.6000000000,88.7000000000,1.8000000000,112.0000000000,0.0000000000,2025-03-14 02:23:00.000,SocSon,"2",1432.8700000000,I
14865,23.6000000000,88.7000000000,1.8000000000,168.0000000000,0.0000000000,2025-03-14 02:22:00.000,SocSon,"2",1432.8700000000,I
14864,23.5000000000,88.8000000000,0.8000000000,125.0000000000,0.0000000000,2025-03-14 02:21:00.000,SocSon,"2",1432.8700000000,I
14863,23.5000000000,88.7000000000,2.0000000000,129.0000000000,0.0000000000,2025-03-14 02:20:00.000,SocSon,"2",1432.8700000000,I
14862,23.5000000000,88.7000000000,2.2000000000,127.0000000000,0.0000000000,2025-03-14 02:19:00.000,SocSon,"2",1432.8700000000,I
14861,23.5000000000,88.8000000000,1.4000000000,169.0000000000,0.0000000000,2025-03-14 02:18:00.000,SocSon,"2",1432.8700000000,I
14860,23.5000000000,88.8000000000,1.4000000000,169.0000000000,0.0000000000,2025-03-14 02:17:00.000,SocSon,"2",1432.8700000000,I
14859,23.5000000000,88.8000000000,1.4000000000,149.0000000000,0.0000000000,2025-03-14 02:16:00.000,SocSon,"2",1432.8700000000,I
14858,23.5000000000,88.8000000000,1.0000000000,168.0000000000,0.0000000000,2025-03-14 02:15:00.000,SocSon,"2",1432.8700000000,I
14857,23.5000000000,88.7000000000,2.3000000000,130.0000000000,0.0000000000,2025-03-14 02:14:00.000,SocSon,"2",1432.8700000000,I
14856,23.5000000000,88.7000000000,1.6000000000,152.0000000000,0.0000000000,2025-03-14 02:13:00.000,SocSon,"2",1432.8700000000,I
14855,23.6000000000,88.7000000000,2.1000000000,151.0000000000,0.0000000000,2025-03-14 02:12:00.000,SocSon,"2",1432.8700000000,I
14854,23.6000000000,88.7000000000,1.6000000000,217.0000000000,0.0000000000,2025-03-14 02:11:00.000,SocSon,"2",1432.8700000000,I
14853,23.6000000000,88.7000000000,1.0000000000,169.0000000000,0.0000000000,2025-03-14 02:10:00.000,SocSon,"2",1432.8700000000,I
14852,23.6000000000,88.7000000000,0.8000000000,169.0000000000,0.0000000000,2025-03-14 02:09:00.000,SocSon,"2",1432.8700000000,I
14851,23.6000000000,88.8000000000,1.2000000000,121.0000000000,0.0000000000,2025-03-14 02:08:00.000,SocSon,"2",1432.8700000000,I
14850,23.5000000000,88.8000000000,0.8000000000,121.0000000000,0.0000000000,2025-03-14 02:07:00.000,SocSon,"2",1432.8700000000,I
14849,23.5000000000,88.9000000000,0.8000000000,121.0000000000,0.0000000000,2025-03-14 02:06:00.000,SocSon,"2",1432.8700000000,I
14848,23.5000000000,88.9000000000,1.8000000000,122.0000000000,0.0000000000,2025-03-14 02:05:00.000,SocSon,"2",1432.8700000000,I
14847,23.5000000000,88.9000000000,1.0000000000,235.0000000000,0.0000000000,2025-03-14 02:04:00.000,SocSon,"2",1432.8700000000,I
14846,23.5000000000,89.0000000000,0.7000000000,145.0000000000,0.0000000000,2025-03-14 02:03:00.000,SocSon,"2",1432.8700000000,I
14845,23.5000000000,89.0000000000,0.8000000000,169.0000000000,0.0000000000,2025-03-14 02:02:00.000,SocSon,"2",1432.8700000000,I
14844,23.5000000000,89.0000000000,1.4000000000,121.0000000000,0.0000000000,2025-03-14 02:01:00.000,SocSon,"2",1432.8700000000,I
14843,23.5000000000,89.0000000000,1.0000000000,121.0000000000,0.0000000000,2025-03-14 02:00:00.000,SocSon,"2",1432.8700000000,I
14842,23.5000000000,89.0000000000,2.2000000000,121.0000000000,0.0000000000,2025-03-14 01:59:00.000,SocSon,"2",1432.8700000000,I
14841,23.5000000000,89.0000000000,1.7000000000,145.0000000000,0.0000000000,2025-03-14 01:58:00.000,SocSon,"2",1432.8700000000,I
14840,23.5000000000,88.9000000000,3.9000000000,154.0000000000,0.0000000000,2025-03-14 01:57:00.000,SocSon,"2",1432.8700000000,I
14839,23.5000000000,88.9000000000,1.0000000000,169.0000000000,0.0000000000,2025-03-14 01:56:00.000,SocSon,"2",1432.8700000000,I
14838,23.5000000000,89.0000000000,1.0000000000,169.0000000000,0.0000000000,2025-03-14 01:55:00.000,SocSon,"2",1432.8700000000,I
14837,23.5000000000,89.0000000000,1.0000000000,169.0000000000,0.0000000000,2025-03-14 01:54:00.000,SocSon,"2",1432.8700000000,I
14836,23.5000000000,88.9000000000,1.7000000000,116.0000000000,0.0000000000,2025-03-14 01:53:00.000,SocSon,"2",1432.8700000000,I
14835,23.5000000000,88.9000000000,1.8000000000,145.0000000000,0.0000000000,2025-03-14 01:52:00.000,SocSon,"2",1432.8700000000,I
14834,23.5000000000,88.9000000000,2.5000000000,155.0000000000,0.0000000000,2025-03-14 01:51:00.000,SocSon,"2",1432.8700000000,I
14833,23.5000000000,89.0000000000,1.2000000000,165.0000000000,0.0000000000,2025-03-14 01:50:00.000,SocSon,"2",1432.8700000000,I
14832,23.5000000000,88.9000000000,1.8000000000,169.0000000000,0.0000000000,2025-03-14 01:49:00.000,SocSon,"2",1432.8700000000,I
14831,23.5000000000,88.8000000000,2.9000000000,169.0000000000,0.0000000000,2025-03-14 01:48:00.000,SocSon,"2",1432.8700000000,I
14830,23.5000000000,88.9000000000,2.5000000000,128.0000000000,0.0000000000,2025-03-14 01:47:00.000,SocSon,"2",1432.8700000000,I
14829,23.5000000000,88.9000000000,3.7000000000,163.0000000000,0.0000000000,2025-03-14 01:46:00.000,SocSon,"2",1432.8700000000,I
14828,23.5000000000,88.9000000000,2.3000000000,144.0000000000,0.0000000000,2025-03-14 01:45:00.000,SocSon,"2",1432.8700000000,I
14827,23.5000000000,88.8000000000,1.8000000000,137.0000000000,0.0000000000,2025-03-14 01:44:00.000,SocSon,"2",1432.8700000000,I
14826,23.5000000000,88.7000000000,2.9000000000,169.0000000000,0.0000000000,2025-03-14 01:43:00.000,SocSon,"2",1432.8700000000,I
14825,23.5000000000,88.7000000000,2.0000000000,145.0000000000,0.0000000000,2025-03-14 01:42:00.000,SocSon,"2",1432.8700000000,I
14824,23.6000000000,88.6000000000,2.7000000000,167.0000000000,0.0000000000,2025-03-14 01:41:00.000,SocSon,"2",1432.8700000000,I
14823,23.6000000000,88.6000000000,2.2000000000,163.0000000000,0.0000000000,2025-03-14 01:40:00.000,SocSon,"2",1432.8700000000,I
14822,23.6000000000,88.6000000000,2.3000000000,120.0000000000,0.0000000000,2025-03-14 01:39:00.000,SocSon,"2",1432.8700000000,I
14821,23.6000000000,88.7000000000,0.4000000000,121.0000000000,0.0000000000,2025-03-14 01:38:00.000,SocSon,"2",1432.8700000000,I
14820,23.5000000000,88.8000000000,1.5000000000,142.0000000000,0.0000000000,2025-03-14 01:37:00.000,SocSon,"2",1432.8700000000,I
14819,23.5000000000,88.6000000000,1.2000000000,217.0000000000,0.0000000000,2025-03-14 01:36:00.000,SocSon,"2",1432.8700000000,I
14818,23.5000000000,88.6000000000,1.8000000000,121.0000000000,0.0000000000,2025-03-14 01:35:00.000,SocSon,"2",1432.8700000000,I
14817,23.5000000000,88.7000000000,0.6000000000,181.0000000000,0.0000000000,2025-03-14 01:34:00.000,SocSon,"2",1432.8700000000,I
14816,23.6000000000,88.6000000000,1.2000000000,169.0000000000,0.0000000000,2025-03-14 01:33:00.000,SocSon,"2",1432.8700000000,I
14815,23.5000000000,88.7000000000,1.8000000000,121.0000000000,0.0000000000,2025-03-14 01:32:00.000,SocSon,"2",1432.8700000000,I
14814,23.6000000000,88.6000000000,0.6000000000,31.0000000000,0.0000000000,2025-03-14 01:31:00.000,SocSon,"2",1432.8700000000,I
14813,23.6000000000,88.6000000000,1.8000000000,116.0000000000,0.0000000000,2025-03-14 01:30:00.000,SocSon,"2",1432.8700000000,I
14812,23.6000000000,88.6000000000,2.5000000000,99.0000000000,0.0000000000,2025-03-14 01:29:00.000,SocSon,"2",1432.8700000000,I
14811,23.6000000000,88.6000000000,1.0000000000,165.0000000000,0.0000000000,2025-03-14 01:28:00.000,SocSon,"2",1432.8700000000,I
14810,23.6000000000,88.5000000000,0.8000000000,121.0000000000,0.0000000000,2025-03-14 01:27:00.000,SocSon,"2",1432.8700000000,I
14809,23.6000000000,88.5000000000,1.3000000000,142.0000000000,0.0000000000,2025-03-14 01:26:00.000,SocSon,"2",1432.8700000000,I
14808,23.6000000000,88.5000000000,1.2000000000,123.0000000000,0.0000000000,2025-03-14 01:25:00.000,SocSon,"2",1432.8700000000,I
14807,23.6000000000,88.5000000000,1.0000000000,141.0000000000,0.0000000000,2025-03-14 01:24:00.000,SocSon,"2",1432.8700000000,I
14806,23.6000000000,88.5000000000,1.8000000000,159.0000000000,0.0000000000,2025-03-14 01:23:00.000,SocSon,"2",1432.8700000000,I
14805,23.6000000000,88.4000000000,1.3000000000,121.0000000000,0.0000000000,2025-03-14 01:22:00.000,SocSon,"2",1432.8700000000,I
14804,23.6000000000,88.4000000000,2.0000000000,169.0000000000,0.0000000000,2025-03-14 01:21:00.000,SocSon,"2",1432.8700000000,I
14803,23.6000000000,88.4000000000,1.0000000000,121.0000000000,0.0000000000,2025-03-14 01:20:00.000,SocSon,"2",1432.8700000000,I
14802,23.6000000000,88.4000000000,0.4000000000,160.0000000000,0.0000000000,2025-03-14 01:19:00.000,SocSon,"2",1432.8700000000,I
14801,23.6000000000,88.4000000000,1.0000000000,169.0000000000,0.0000000000,2025-03-14 01:18:00.000,SocSon,"2",1432.8700000000,I
14800,23.6000000000,88.5000000000,1.4000000000,154.0000000000,0.0000000000,2025-03-14 01:17:00.000,SocSon,"2",1432.8700000000,I
14799,23.6000000000,88.5000000000,0.8000000000,121.0000000000,0.0000000000,2025-03-14 01:16:00.000,SocSon,"2",1432.8700000000,I
14798,23.6000000000,88.4000000000,1.6000000000,104.0000000000,0.0000000000,2025-03-14 01:15:00.000,SocSon,"2",1432.8700000000,I
14797,23.6000000000,88.3000000000,2.4000000000,121.0000000000,0.0000000000,2025-03-14 01:14:00.000,SocSon,"2",1432.8700000000,I
14796,23.7000000000,88.3000000000,0.6000000000,214.0000000000,0.0000000000,2025-03-14 01:13:00.000,SocSon,"2",1432.8700000000,I
14795,23.7000000000,88.4000000000,1.2000000000,73.0000000000,0.0000000000,2025-03-14 01:12:00.000,SocSon,"2",1432.8700000000,I
14794,23.6000000000,88.5000000000,0.2000000000,79.0000000000,0.0000000000,2025-03-14 01:11:00.000,SocSon,"2",1432.8700000000,I
14793,23.6000000000,88.5000000000,0.6000000000,145.0000000000,0.0000000000,2025-03-14 01:10:00.000,SocSon,"2",1432.8700000000,I
14792,23.6000000000,88.6000000000,0.4000000000,145.0000000000,0.0000000000,2025-03-14 01:09:00.000,SocSon,"2",1432.8700000000,I
14791,23.6000000000,88.6000000000,0.0000000000,145.0000000000,0.0000000000,2025-03-14 01:08:00.000,SocSon,"2",1432.8700000000,I
14790,23.6000000000,88.6000000000,0.8000000000,145.0000000000,0.0000000000,2025-03-14 01:07:00.000,SocSon,"2",1432.8700000000,I
14789,23.6000000000,88.6000000000,1.2000000000,136.0000000000,0.0000000000,2025-03-14 01:06:00.000,SocSon,"2",1432.8700000000,I
14788,23.6000000000,88.6000000000,1.7000000000,133.0000000000,0.0000000000,2025-03-14 01:05:00.000,SocSon,"2",1432.8700000000,I
14787,23.6000000000,88.7000000000,0.6000000000,109.0000000000,0.0000000000,2025-03-14 01:04:00.000,SocSon,"2",1432.8700000000,I
14786,23.5000000000,88.6000000000,0.2000000000,25.0000000000,0.0000000000,2025-03-14 01:03:00.000,SocSon,"2",1432.8700000000,I
14785,23.5000000000,88.5000000000,1.0000000000,145.0000000000,0.0000000000,2025-03-14 01:02:00.000,SocSon,"2",1432.8700000000,I
14784,23.6000000000,88.5000000000,1.0000000000,169.0000000000,0.0000000000,2025-03-14 01:01:00.000,SocSon,"2",1432.8700000000,I
14783,23.6000000000,88.5000000000,1.5000000000,169.0000000000,0.0000000000,2025-03-14 01:00:00.000,SocSon,"2",1432.8700000000,I
14782,23.6000000000,88.6000000000,1.0000000000,135.0000000000,0.0000000000,2025-03-14 00:59:00.000,SocSon,"2",1432.8700000000,I
14781,23.6000000000,88.6000000000,0.2000000000,169.0000000000,0.0000000000,2025-03-14 00:58:00.000,SocSon,"2",1432.8700000000,I
14780,23.6000000000,88.5000000000,0.9000000000,169.0000000000,0.0000000000,2025-03-14 00:57:00.000,SocSon,"2",1432.8700000000,I
14779,23.6000000000,88.5000000000,0.8000000000,169.0000000000,0.0000000000,2025-03-14 00:56:00.000,SocSon,"2",1432.8700000000,I
14778,23.6000000000,88.5000000000,1.6000000000,72.0000000000,0.0000000000,2025-03-14 00:55:00.000,SocSon,"2",1432.8700000000,I
14777,23.6000000000,88.6000000000,0.0000000000,169.0000000000,0.0000000000,2025-03-14 00:54:00.000,SocSon,"2",1432.8700000000,I
14776,23.6000000000,88.6000000000,0.0000000000,169.0000000000,0.0000000000,2025-03-14 00:53:00.000,SocSon,"2",1432.8700000000,I
14775,23.5000000000,88.7000000000,0.0000000000,169.0000000000,0.0000000000,2025-03-14 00:52:00.000,SocSon,"2",1432.8700000000,I
14774,23.5000000000,88.8000000000,0.2000000000,169.0000000000,0.0000000000,2025-03-14 00:51:00.000,SocSon,"2",1432.8700000000,I
14773,23.5000000000,88.7000000000,0.8000000000,110.0000000000,0.0000000000,2025-03-14 00:50:00.000,SocSon,"2",1432.8700000000,I
14772,23.5000000000,88.8000000000,0.8000000000,169.0000000000,0.0000000000,2025-03-14 00:49:00.000,SocSon,"2",1432.8700000000,I
14771,23.5000000000,88.8000000000,0.8000000000,165.0000000000,0.0000000000,2025-03-14 00:48:00.000,SocSon,"2",1432.8700000000,I
14770,23.5000000000,88.7000000000,1.2000000000,145.0000000000,0.0000000000,2025-03-14 00:47:00.000,SocSon,"2",1432.8700000000,I
14769,23.5000000000,88.6000000000,1.8000000000,121.0000000000,0.0000000000,2025-03-14 00:46:00.000,SocSon,"2",1432.8700000000,I
14768,23.5000000000,88.6000000000,1.4000000000,97.0000000000,0.0000000000,2025-03-14 00:45:00.000,SocSon,"2",1432.8700000000,I
14767,23.5000000000,88.7000000000,0.6000000000,168.0000000000,0.0000000000,2025-03-14 00:44:00.000,SocSon,"2",1432.8700000000,I
14766,23.5000000000,88.7000000000,0.5000000000,113.0000000000,0.0000000000,2025-03-14 00:43:00.000,SocSon,"2",1432.8700000000,I
14765,23.5000000000,88.8000000000,0.4000000000,145.0000000000,0.0000000000,2025-03-14 00:42:00.000,SocSon,"2",1432.8700000000,I
14764,23.5000000000,88.8000000000,0.2000000000,241.0000000000,0.0000000000,2025-03-14 00:41:00.000,SocSon,"2",1432.8700000000,I
14763,23.5000000000,88.7000000000,1.3000000000,144.0000000000,0.0000000000,2025-03-14 00:40:00.000,SocSon,"2",1432.8700000000,I
14762,23.5000000000,88.7000000000,0.3000000000,191.0000000000,0.0000000000,2025-03-14 00:39:00.000,SocSon,"2",1432.8700000000,I
14761,23.5000000000,88.8000000000,0.4000000000,193.0000000000,0.0000000000,2025-03-14 00:38:00.000,SocSon,"2",1432.8700000000,I
14760,23.4000000000,88.8000000000,0.6000000000,141.0000000000,0.0000000000,2025-03-14 00:37:00.000,SocSon,"2",1432.8700000000,I
14759,23.5000000000,88.8000000000,1.1000000000,121.0000000000,0.0000000000,2025-03-14 00:36:00.000,SocSon,"2",1432.8700000000,I
14758,23.4000000000,88.8000000000,0.6000000000,193.0000000000,0.0000000000,2025-03-14 00:35:00.000,SocSon,"2",1432.8700000000,I
14757,23.4000000000,88.8000000000,1.4000000000,133.0000000000,0.0000000000,2025-03-14 00:34:00.000,SocSon,"2",1432.8700000000,I
14756,23.4000000000,88.7000000000,0.8000000000,145.0000000000,0.0000000000,2025-03-14 00:33:00.000,SocSon,"2",1432.8700000000,I
14755,23.5000000000,88.7000000000,0.6000000000,187.0000000000,0.0000000000,2025-03-14 00:32:00.000,SocSon,"2",1432.8700000000,I
14754,23.5000000000,88.6000000000,0.8000000000,217.0000000000,0.0000000000,2025-03-14 00:31:00.000,SocSon,"2",1432.8700000000,I
14753,23.5000000000,88.6000000000,1.1000000000,169.0000000000,0.0000000000,2025-03-14 00:30:00.000,SocSon,"2",1432.8700000000,I
14752,23.5000000000,88.7000000000,0.4000000000,169.0000000000,0.0000000000,2025-03-14 00:29:00.000,SocSon,"2",1432.8700000000,I
14751,23.5000000000,88.7000000000,0.8000000000,145.0000000000,0.0000000000,2025-03-14 00:28:00.000,SocSon,"2",1432.8700000000,I
14750,23.5000000000,88.7000000000,0.8000000000,121.0000000000,0.0000000000,2025-03-14 00:27:00.000,SocSon,"2",1432.8700000000,I
14749,23.4000000000,88.7000000000,1.5000000000,145.0000000000,0.0000000000,2025-03-14 00:26:00.000,SocSon,"2",1432.8700000000,I
14748,23.5000000000,88.7000000000,1.4000000000,145.0000000000,0.0000000000,2025-03-14 00:25:00.000,SocSon,"2",1432.8700000000,I
14747,23.5000000000,88.7000000000,0.6000000000,148.0000000000,0.0000000000,2025-03-14 00:24:00.000,SocSon,"2",1432.8700000000,I
14746,23.4000000000,88.7000000000,0.9000000000,135.0000000000,0.0000000000,2025-03-14 00:23:00.000,SocSon,"2",1432.8700000000,I
14745,23.5000000000,88.7000000000,0.6000000000,145.0000000000,0.0000000000,2025-03-14 00:22:00.000,SocSon,"2",1432.8700000000,I
14744,23.4000000000,88.8000000000,0.3000000000,169.0000000000,0.0000000000,2025-03-14 00:21:00.000,SocSon,"2",1432.8700000000,I
14743,23.4000000000,88.7000000000,0.8000000000,121.0000000000,0.0000000000,2025-03-14 00:20:00.000,SocSon,"2",1432.8700000000,I
14742,23.5000000000,88.6000000000,0.6000000000,168.0000000000,0.0000000000,2025-03-14 00:19:00.000,SocSon,"2",1432.8700000000,I
14741,23.5000000000,88.6000000000,1.2000000000,151.0000000000,0.0000000000,2025-03-14 00:18:00.000,SocSon,"2",1432.8700000000,I
14740,23.5000000000,88.6000000000,0.8000000000,169.0000000000,0.0000000000,2025-03-14 00:17:00.000,SocSon,"2",1432.8700000000,I
14739,23.5000000000,88.7000000000,0.8000000000,121.0000000000,0.0000000000,2025-03-14 00:16:00.000,SocSon,"2",1432.8700000000,I
14738,23.5000000000,88.6000000000,1.0000000000,169.0000000000,0.0000000000,2025-03-14 00:15:00.000,SocSon,"2",1432.8700000000,I
14737,23.5000000000,88.6000000000,1.0000000000,169.0000000000,0.0000000000,2025-03-14 00:14:00.000,SocSon,"2",1432.8700000000,I
14736,23.5000000000,88.6000000000,0.6000000000,182.0000000000,0.0000000000,2025-03-14 00:13:00.000,SocSon,"2",1432.8700000000,I
14735,23.5000000000,88.6000000000,0.7000000000,121.0000000000,0.0000000000,2025-03-14 00:12:00.000,SocSon,"2",1432.8700000000,I
14734,23.5000000000,88.6000000000,0.6000000000,193.0000000000,0.0000000000,2025-03-14 00:11:00.000,SocSon,"2",1432.8700000000,I
14733,23.5000000000,88.6000000000,0.8000000000,121.0000000000,0.0000000000,2025-03-14 00:10:00.000,SocSon,"2",1432.8700000000,I
14732,23.4000000000,88.5000000000,1.0000000000,166.0000000000,0.0000000000,2025-03-14 00:09:00.000,SocSon,"2",1432.8700000000,I
14731,23.5000000000,88.5000000000,0.6000000000,194.0000000000,0.0000000000,2025-03-14 00:08:00.000,SocSon,"2",1432.8700000000,I
14730,23.5000000000,88.5000000000,0.4000000000,169.0000000000,0.0000000000,2025-03-14 00:07:00.000,SocSon,"2",1432.8700000000,I
14729,23.5000000000,88.5000000000,1.1000000000,124.0000000000,0.0000000000,2025-03-14 00:06:00.000,SocSon,"2",1432.8700000000,I
14728,23.5000000000,88.4000000000,1.4000000000,155.0000000000,0.0000000000,2025-03-14 00:05:00.000,SocSon,"2",1432.8700000000,I
14727,23.5000000000,88.4000000000,1.0000000000,145.0000000000,0.0000000000,2025-03-14 00:04:00.000,SocSon,"2",1432.8700000000,I
14726,23.5000000000,88.4000000000,0.8000000000,169.0000000000,0.0000000000,2025-03-14 00:03:00.000,SocSon,"2",1432.8700000000,I
14725,23.5000000000,88.3000000000,1.4000000000,137.0000000000,0.0000000000,2025-03-14 00:02:00.000,SocSon,"2",1432.8700000000,I
14724,23.5000000000,88.3000000000,0.6000000000,169.0000000000,0.0000000000,2025-03-14 00:01:00.000,SocSon,"2",1432.8700000000,I
14723,23.5000000000,88.3000000000,1.0000000000,169.0000000000,0.0000000000,2025-03-14 00:00:00.000,SocSon,"2",1432.8700000000,I
14722,23.5000000000,88.3000000000,1.0000000000,158.0000000000,0.0000000000,2025-03-13 23:59:00.000,SocSon,"2",1432.8700000000,I
14721,23.5000000000,88.3000000000,0.0000000000,169.0000000000,0.0000000000,2025-03-13 23:58:00.000,SocSon,"2",1432.8700000000,I
14720,23.5000000000,88.3000000000,0.8000000000,217.0000000000,0.0000000000,2025-03-13 23:57:00.000,SocSon,"2",1432.8700000000,I
14719,23.5000000000,88.3000000000,0.8000000000,169.0000000000,0.0000000000,2025-03-13 23:56:00.000,SocSon,"2",1432.8700000000,I
14718,23.5000000000,88.3000000000,0.8000000000,169.0000000000,0.0000000000,2025-03-13 23:55:00.000,SocSon,"2",1432.8700000000,I
14717,23.5000000000,88.2000000000,0.6000000000,145.0000000000,0.0000000000,2025-03-13 23:54:00.000,SocSon,"2",1432.8700000000,I
14716,23.5000000000,88.2000000000,0.4000000000,169.0000000000,0.0000000000,2025-03-13 23:53:00.000,SocSon,"2",1432.8700000000,I
14715,23.5000000000,88.1000000000,1.0000000000,169.0000000000,0.0000000000,2025-03-13 23:52:00.000,SocSon,"2",1432.8700000000,I
14714,23.5000000000,88.1000000000,0.4000000000,180.0000000000,0.0000000000,2025-03-13 23:51:00.000,SocSon,"2",1432.8700000000,I
14713,23.6000000000,88.1000000000,1.2000000000,169.0000000000,0.0000000000,2025-03-13 23:50:00.000,SocSon,"2",1432.8700000000,I
14712,23.6000000000,88.1000000000,0.8000000000,169.0000000000,0.0000000000,2025-03-13 23:49:00.000,SocSon,"2",1432.8700000000,I
14711,23.6000000000,88.0000000000,1.0000000000,169.0000000000,0.0000000000,2025-03-13 23:48:00.000,SocSon,"2",1432.8700000000,I
14710,23.6000000000,88.0000000000,0.8000000000,169.0000000000,0.0000000000,2025-03-13 23:47:00.000,SocSon,"2",1432.8700000000,I
14709,23.6000000000,88.1000000000,1.4000000000,169.0000000000,0.0000000000,2025-03-13 23:46:00.000,SocSon,"2",1432.8700000000,I
14708,23.6000000000,88.1000000000,0.4000000000,145.0000000000,0.0000000000,2025-03-13 23:45:00.000,SocSon,"2",1432.8700000000,I
14707,23.5000000000,88.2000000000,0.9000000000,169.0000000000,0.0000000000,2025-03-13 23:44:00.000,SocSon,"2",1432.8700000000,I
14706,23.5000000000,88.1000000000,1.1000000000,149.0000000000,0.0000000000,2025-03-13 23:43:00.000,SocSon,"2",1432.8700000000,I
14705,23.5000000000,88.1000000000,1.4000000000,145.0000000000,0.0000000000,2025-03-13 23:42:00.000,SocSon,"2",3503.2200000000,II
14704,23.5000000000,88.0000000000,0.8000000000,172.0000000000,0.0000000000,2025-03-13 23:41:00.000,SocSon,"2",1432.8700000000,I
14703,23.5000000000,88.1000000000,0.6000000000,217.0000000000,0.0000000000,2025-03-13 23:40:00.000,SocSon,"2",1432.8700000000,I
14702,23.5000000000,88.1000000000,0.6000000000,172.0000000000,0.0000000000,2025-03-13 23:39:00.000,SocSon,"2",1432.8700000000,I
14701,23.5000000000,88.0000000000,0.8000000000,169.0000000000,0.0000000000,2025-03-13 23:38:00.000,SocSon,"2",1432.8700000000,I
14700,23.6000000000,87.9000000000,2.0000000000,172.0000000000,0.0000000000,2025-03-13 23:37:00.000,SocSon,"2",1432.8700000000,I
14699,23.6000000000,88.0000000000,0.8000000000,168.0000000000,0.0000000000,2025-03-13 23:36:00.000,SocSon,"2",1432.8700000000,I
14698,23.6000000000,87.9000000000,0.6000000000,169.0000000000,0.0000000000,2025-03-13 23:35:00.000,SocSon,"2",1432.8700000000,I
14697,23.6000000000,87.9000000000,1.0000000000,169.0000000000,0.0000000000,2025-03-13 23:34:00.000,SocSon,"2",1432.8700000000,I
14696,23.6000000000,87.8000000000,0.6000000000,176.0000000000,0.0000000000,2025-03-13 23:33:00.000,SocSon,"2",1432.8700000000,I
14695,23.6000000000,87.8000000000,1.7000000000,121.0000000000,0.0000000000,2025-03-13 23:32:00.000,SocSon,"2",1432.8700000000,I
14694,23.6000000000,87.8000000000,0.8000000000,152.0000000000,0.0000000000,2025-03-13 23:31:00.000,SocSon,"2",3504.9500000000,II
14693,23.7000000000,87.9000000000,0.4000000000,192.0000000000,0.0000000000,2025-03-13 23:30:00.000,SocSon,"2",1432.8700000000,I
14692,23.6000000000,88.0000000000,0.0000000000,193.0000000000,0.0000000000,2025-03-13 23:29:00.000,SocSon,"2",1432.8700000000,I
14691,23.6000000000,87.9000000000,0.4000000000,193.0000000000,0.0000000000,2025-03-13 23:28:00.000,SocSon,"2",1432.8700000000,I
14690,23.6000000000,87.9000000000,0.8000000000,193.0000000000,0.0000000000,2025-03-13 23:27:00.000,SocSon,"2",1432.8700000000,I
14689,23.6000000000,88.0000000000,0.6000000000,145.0000000000,0.0000000000,2025-03-13 23:26:00.000,SocSon,"2",1432.8700000000,I
14688,23.6000000000,87.9000000000,0.8000000000,169.0000000000,0.0000000000,2025-03-13 23:25:00.000,SocSon,"2",1432.8700000000,I
14687,23.6000000000,88.0000000000,1.2000000000,169.0000000000,0.0000000000,2025-03-13 23:24:00.000,SocSon,"2",1432.8700000000,I
14686,23.6000000000,88.1000000000,0.8000000000,170.0000000000,0.0000000000,2025-03-13 23:23:00.000,SocSon,"2",1432.8700000000,I
14685,23.6000000000,88.0000000000,0.8000000000,169.0000000000,0.0000000000,2025-03-13 23:22:00.000,SocSon,"2",1432.8700000000,I
14684,23.6000000000,88.0000000000,0.8000000000,169.0000000000,0.0000000000,2025-03-13 23:21:00.000,SocSon,"2",1432.8700000000,I
14683,23.6000000000,88.0000000000,0.4000000000,217.0000000000,0.0000000000,2025-03-13 23:20:00.000,SocSon,"2",3509.6700000000,II
14682,23.6000000000,88.0000000000,0.6000000000,169.0000000000,0.0000000000,2025-03-13 23:19:00.000,SocSon,"2",1432.8700000000,I
14681,23.6000000000,88.0000000000,1.0000000000,169.0000000000,0.0000000000,2025-03-13 23:18:00.000,SocSon,"2",1432.8700000000,I
14680,23.6000000000,88.0000000000,0.9000000000,169.0000000000,0.0000000000,2025-03-13 23:17:00.000,SocSon,"2",1432.8700000000,I
14679,23.5000000000,88.0000000000,1.1000000000,193.0000000000,0.0000000000,2025-03-13 23:16:00.000,SocSon,"2",1432.8700000000,I
14678,23.5000000000,88.0000000000,1.2000000000,145.0000000000,0.0000000000,2025-03-13 23:15:00.000,SocSon,"2",1432.8700000000,I
14677,23.6000000000,87.9000000000,1.2000000000,165.0000000000,0.0000000000,2025-03-13 23:14:00.000,SocSon,"2",1432.8700000000,I
14676,23.6000000000,87.9000000000,2.2000000000,178.0000000000,0.0000000000,2025-03-13 23:13:00.000,SocSon,"2",1432.8700000000,I
14675,23.6000000000,87.9000000000,0.6000000000,145.0000000000,0.0000000000,2025-03-13 23:12:00.000,SocSon,"2",1432.8700000000,I
14674,23.6000000000,87.9000000000,1.4000000000,169.0000000000,0.0000000000,2025-03-13 23:11:00.000,SocSon,"2",1432.8700000000,I
14673,23.6000000000,88.0000000000,1.0000000000,120.0000000000,0.0000000000,2025-03-13 23:10:00.000,SocSon,"2",1432.8700000000,I
14672,23.6000000000,88.0000000000,1.0000000000,121.0000000000,0.0000000000,2025-03-13 23:09:00.000,SocSon,"2",1432.8700000000,I
14671,23.6000000000,88.0000000000,1.4000000000,156.0000000000,0.0000000000,2025-03-13 23:08:00.000,SocSon,"2",1432.8700000000,I
14670,23.6000000000,87.9000000000,2.2000000000,169.0000000000,0.0000000000,2025-03-13 23:07:00.000,SocSon,"2",1432.8700000000,I
14669,23.6000000000,87.9000000000,1.4000000000,170.0000000000,0.0000000000,2025-03-13 23:06:00.000,SocSon,"2",1432.8700000000,I
14668,23.6000000000,87.9000000000,1.6000000000,169.0000000000,0.0000000000,2025-03-13 23:05:00.000,SocSon,"2",1432.8700000000,I
14667,23.7000000000,87.9000000000,1.0000000000,169.0000000000,0.0000000000,2025-03-13 23:04:00.000,SocSon,"2",1432.8700000000,I
14666,23.6000000000,87.9000000000,0.6000000000,217.0000000000,0.0000000000,2025-03-13 23:03:00.000,SocSon,"2",3507.3100000000,II
14665,23.6000000000,87.9000000000,0.4000000000,193.0000000000,0.0000000000,2025-03-13 23:02:00.000,SocSon,"2",1432.8700000000,I
14664,23.6000000000,87.8000000000,0.4000000000,193.0000000000,0.0000000000,2025-03-13 23:01:00.000,SocSon,"2",1432.8700000000,I
14663,23.7000000000,87.8000000000,0.4000000000,193.0000000000,0.0000000000,2025-03-13 23:00:00.000,SocSon,"2",1432.8700000000,I
14662,23.7000000000,87.8000000000,0.4000000000,217.0000000000,0.0000000000,2025-03-13 22:59:00.000,SocSon,"2",1432.8700000000,I
14661,23.6000000000,87.8000000000,0.2000000000,169.0000000000,0.0000000000,2025-03-13 22:58:00.000,SocSon,"2",1432.8700000000,I
14660,23.7000000000,87.8000000000,0.2000000000,169.0000000000,0.0000000000,2025-03-13 22:57:00.000,SocSon,"2",1432.8700000000,I
14659,23.6000000000,87.9000000000,0.0000000000,217.0000000000,0.0000000000,2025-03-13 22:56:00.000,SocSon,"2",1432.8700000000,I
14658,23.6000000000,88.0000000000,0.2000000000,217.0000000000,0.0000000000,2025-03-13 22:55:00.000,SocSon,"2",1432.8700000000,I
14657,23.6000000000,88.0000000000,1.2000000000,167.0000000000,0.0000000000,2025-03-13 22:54:00.000,SocSon,"2",1432.8700000000,I
14656,23.6000000000,88.0000000000,1.6000000000,121.0000000000,0.0000000000,2025-03-13 22:53:00.000,SocSon,"2",1432.8700000000,I
14655,23.6000000000,88.0000000000,1.0000000000,146.0000000000,0.0000000000,2025-03-13 22:52:00.000,SocSon,"2",1432.8700000000,I
14654,23.6000000000,88.0000000000,1.2000000000,192.0000000000,0.0000000000,2025-03-13 22:51:00.000,SocSon,"2",1432.8700000000,I
14653,23.6000000000,88.0000000000,2.6000000000,168.0000000000,0.0000000000,2025-03-13 22:50:00.000,SocSon,"2",1432.8700000000,I
14652,23.6000000000,88.1000000000,2.2000000000,134.0000000000,0.0000000000,2025-03-13 22:49:00.000,SocSon,"2",1432.8700000000,I
14651,23.6000000000,88.1000000000,1.0000000000,165.0000000000,0.0000000000,2025-03-13 22:48:00.000,SocSon,"2",1432.8700000000,I
14650,23.6000000000,88.2000000000,1.0000000000,194.0000000000,0.0000000000,2025-03-13 22:47:00.000,SocSon,"2",1432.8700000000,I
14649,23.6000000000,88.2000000000,0.8000000000,121.0000000000,0.0000000000,2025-03-13 22:46:00.000,SocSon,"2",1432.8700000000,I
14648,23.6000000000,88.1000000000,1.4000000000,169.0000000000,0.0000000000,2025-03-13 22:45:00.000,SocSon,"2",1432.8700000000,I
14647,23.6000000000,88.1000000000,2.2000000000,168.0000000000,0.0000000000,2025-03-13 22:44:00.000,SocSon,"2",1432.8700000000,I
14646,23.6000000000,88.1000000000,2.6000000000,143.0000000000,0.0000000000,2025-03-13 22:43:00.000,SocSon,"2",1432.8700000000,I
14645,23.6000000000,88.1000000000,1.4000000000,169.0000000000,0.0000000000,2025-03-13 22:42:00.000,SocSon,"2",1432.8700000000,I
14644,23.6000000000,88.2000000000,0.8000000000,169.0000000000,0.0000000000,2025-03-13 22:41:00.000,SocSon,"2",1432.8700000000,I
14643,23.6000000000,88.2000000000,1.7000000000,145.0000000000,0.0000000000,2025-03-13 22:40:00.000,SocSon,"2",1432.8700000000,I
14642,23.6000000000,88.2000000000,1.0000000000,169.0000000000,0.0000000000,2025-03-13 22:39:00.000,SocSon,"2",1432.8700000000,I
14641,23.6000000000,88.2000000000,0.6000000000,217.0000000000,0.0000000000,2025-03-13 22:38:00.000,SocSon,"2",1432.8700000000,I
14640,23.6000000000,88.2000000000,1.0000000000,146.0000000000,0.0000000000,2025-03-13 22:37:00.000,SocSon,"2",3514.3900000000,II
14639,23.6000000000,88.2000000000,0.5000000000,169.0000000000,0.0000000000,2025-03-13 22:36:00.000,SocSon,"2",1432.8700000000,I
14638,23.6000000000,88.3000000000,2.0000000000,125.0000000000,0.0000000000,2025-03-13 22:35:00.000,SocSon,"2",1432.8700000000,I
14637,23.6000000000,88.4000000000,0.3000000000,217.0000000000,0.0000000000,2025-03-13 22:34:00.000,SocSon,"2",1432.8700000000,I
14636,23.6000000000,88.3000000000,2.0000000000,145.0000000000,0.0000000000,2025-03-13 22:33:00.000,SocSon,"2",1432.8700000000,I
14635,23.6000000000,88.4000000000,1.9000000000,145.0000000000,0.0000000000,2025-03-13 22:32:00.000,SocSon,"2",1432.8700000000,I
14634,23.6000000000,88.3000000000,1.6000000000,162.0000000000,0.0000000000,2025-03-13 22:31:00.000,SocSon,"2",1432.8700000000,I
14633,23.6000000000,88.4000000000,1.6000000000,164.0000000000,0.0000000000,2025-03-13 22:30:00.000,SocSon,"2",1432.8700000000,I
14632,23.6000000000,88.3000000000,1.9000000000,120.0000000000,0.0000000000,2025-03-13 22:29:00.000,SocSon,"2",1432.8700000000,I
14631,23.6000000000,88.3000000000,1.4000000000,147.0000000000,0.0000000000,2025-03-13 22:28:00.000,SocSon,"2",1432.8700000000,I
14630,23.6000000000,88.3000000000,1.0000000000,153.0000000000,0.0000000000,2025-03-13 22:27:00.000,SocSon,"2",1432.8700000000,I
14629,23.6000000000,88.4000000000,0.6000000000,203.0000000000,0.0000000000,2025-03-13 22:26:00.000,SocSon,"2",1432.8700000000,I
14628,23.6000000000,88.4000000000,1.4000000000,125.0000000000,0.0000000000,2025-03-13 22:25:00.000,SocSon,"2",1432.8700000000,I
14627,23.6000000000,88.4000000000,1.0000000000,104.0000000000,0.0000000000,2025-03-13 22:24:00.000,SocSon,"2",1432.8700000000,I
14626,23.6000000000,88.5000000000,1.4000000000,145.0000000000,0.0000000000,2025-03-13 22:23:00.000,SocSon,"2",1432.8700000000,I
14625,23.6000000000,88.4000000000,1.5000000000,122.0000000000,0.0000000000,2025-03-13 22:22:00.000,SocSon,"2",1432.8700000000,I
14624,23.6000000000,88.5000000000,0.8000000000,166.0000000000,0.0000000000,2025-03-13 22:21:00.000,SocSon,"2",3521.4700000000,II
14623,23.6000000000,88.5000000000,1.4000000000,136.0000000000,0.0000000000,2025-03-13 22:20:00.000,SocSon,"2",3521.4700000000,II
14622,23.6000000000,88.6000000000,0.0000000000,241.0000000000,0.0000000000,2025-03-13 22:19:00.000,SocSon,"2",1432.8700000000,I
14621,23.6000000000,88.6000000000,0.6000000000,189.0000000000,0.0000000000,2025-03-13 22:18:00.000,SocSon,"2",1432.8700000000,I
14620,23.5000000000,88.7000000000,0.4000000000,145.0000000000,0.0000000000,2025-03-13 22:17:00.000,SocSon,"2",1432.8700000000,I
14619,23.5000000000,88.7000000000,0.8000000000,169.0000000000,0.0000000000,2025-03-13 22:16:00.000,SocSon,"2",1432.8700000000,I
14618,23.5000000000,88.7000000000,0.0000000000,217.0000000000,0.0000000000,2025-03-13 22:15:00.000,SocSon,"2",1432.8700000000,I
14617,23.5000000000,88.7000000000,0.2000000000,217.0000000000,0.0000000000,2025-03-13 22:14:00.000,SocSon,"2",1432.8700000000,I
14616,23.5000000000,88.7000000000,0.6000000000,217.0000000000,0.0000000000,2025-03-13 22:13:00.000,SocSon,"2",1432.8700000000,I
14615,23.5000000000,88.8000000000,0.8000000000,169.0000000000,0.0000000000,2025-03-13 22:12:00.000,SocSon,"2",1432.8700000000,I
14614,23.5000000000,88.7000000000,1.0000000000,169.0000000000,0.0000000000,2025-03-13 22:11:00.000,SocSon,"2",1432.8700000000,I
14613,23.5000000000,88.7000000000,0.2000000000,217.0000000000,0.0000000000,2025-03-13 22:10:00.000,SocSon,"2",1432.8700000000,I
14612,23.5000000000,88.7000000000,0.5000000000,217.0000000000,0.0000000000,2025-03-13 22:09:00.000,SocSon,"2",1432.8700000000,I
14611,23.5000000000,88.7000000000,0.8000000000,216.0000000000,0.0000000000,2025-03-13 22:08:00.000,SocSon,"2",1432.8700000000,I
14610,23.5000000000,88.6000000000,0.8000000000,193.0000000000,0.0000000000,2025-03-13 22:07:00.000,SocSon,"2",1432.8700000000,I
14609,23.5000000000,88.6000000000,1.1000000000,193.0000000000,0.0000000000,2025-03-13 22:06:00.000,SocSon,"2",1432.8700000000,I
14608,23.5000000000,88.6000000000,0.6000000000,217.0000000000,0.0000000000,2025-03-13 22:05:00.000,SocSon,"2",1432.8700000000,I
14607,23.5000000000,88.6000000000,0.4000000000,193.0000000000,0.0000000000,2025-03-13 22:04:00.000,SocSon,"2",1432.8700000000,I
14606,23.5000000000,88.6000000000,0.6000000000,193.0000000000,0.0000000000,2025-03-13 22:03:00.000,SocSon,"2",1432.8700000000,I
14605,23.5000000000,88.5000000000,1.0000000000,169.0000000000,0.0000000000,2025-03-13 22:02:00.000,SocSon,"2",1432.8700000000,I
14604,23.6000000000,88.6000000000,0.4000000000,169.0000000000,0.0000000000,2025-03-13 22:01:00.000,SocSon,"2",1432.8700000000,I
14603,23.5000000000,88.5000000000,0.4000000000,169.0000000000,0.0000000000,2025-03-13 22:00:00.000,SocSon,"2",1432.8700000000,I
14602,23.6000000000,88.5000000000,0.3000000000,217.0000000000,0.0000000000,2025-03-13 21:59:00.000,SocSon,"2",1432.8700000000,I
14601,23.5000000000,88.5000000000,0.0000000000,193.0000000000,0.0000000000,2025-03-13 21:58:00.000,SocSon,"2",1432.8700000000,I
14600,23.5000000000,88.5000000000,0.2000000000,193.0000000000,0.0000000000,2025-03-13 21:57:00.000,SocSon,"2",3512.6200000000,II
14599,23.5000000000,88.6000000000,0.2000000000,169.0000000000,0.0000000000,2025-03-13 21:56:00.000,SocSon,"2",1432.8700000000,I
14598,23.5000000000,88.6000000000,0.6000000000,169.0000000000,0.0000000000,2025-03-13 21:55:00.000,SocSon,"2",1432.8700000000,I
14597,23.5000000000,88.5000000000,1.0000000000,169.0000000000,0.0000000000,2025-03-13 21:54:00.000,SocSon,"2",1432.8700000000,I
14596,23.6000000000,88.5000000000,0.2000000000,217.0000000000,0.0000000000,2025-03-13 21:53:00.000,SocSon,"2",1432.8700000000,I
14595,23.5000000000,88.6000000000,0.3000000000,217.0000000000,0.0000000000,2025-03-13 21:52:00.000,SocSon,"2",1432.8700000000,I
14594,23.6000000000,88.6000000000,0.4000000000,265.0000000000,0.0000000000,2025-03-13 21:51:00.000,SocSon,"2",1432.8700000000,I
14593,23.5000000000,88.6000000000,0.8000000000,212.0000000000,0.0000000000,2025-03-13 21:50:00.000,SocSon,"2",1432.8700000000,I
14592,23.5000000000,88.7000000000,0.2000000000,176.0000000000,0.0000000000,2025-03-13 21:49:00.000,SocSon,"2",1432.8700000000,I
14591,23.5000000000,88.7000000000,0.2000000000,222.0000000000,0.0000000000,2025-03-13 21:48:00.000,SocSon,"2",1432.8700000000,I
14590,23.5000000000,88.7000000000,0.8000000000,228.0000000000,0.0000000000,2025-03-13 21:47:00.000,SocSon,"2",1432.8700000000,I
14589,23.5000000000,88.6000000000,0.9000000000,217.0000000000,0.0000000000,2025-03-13 21:46:00.000,SocSon,"2",1432.8700000000,I
14588,23.5000000000,88.5000000000,0.6000000000,217.0000000000,0.0000000000,2025-03-13 21:45:00.000,SocSon,"2",1432.8700000000,I
14587,23.5000000000,88.5000000000,0.8000000000,224.0000000000,0.0000000000,2025-03-13 21:44:00.000,SocSon,"2",1432.8700000000,I
14586,23.6000000000,88.6000000000,0.0000000000,217.0000000000,0.0000000000,2025-03-13 21:43:00.000,SocSon,"2",1432.8700000000,I
14585,23.5000000000,88.6000000000,0.1000000000,265.0000000000,0.0000000000,2025-03-13 21:42:00.000,SocSon,"2",1432.8700000000,I
14584,23.5000000000,88.5000000000,0.8000000000,265.0000000000,0.0000000000,2025-03-13 21:41:00.000,SocSon,"2",1432.8700000000,I
14583,23.5000000000,88.4000000000,0.8000000000,241.0000000000,0.0000000000,2025-03-13 21:40:00.000,SocSon,"2",1432.8700000000,I
14582,23.5000000000,88.5000000000,0.5000000000,241.0000000000,0.0000000000,2025-03-13 21:39:00.000,SocSon,"2",1432.8700000000,I
14581,23.6000000000,88.4000000000,0.4000000000,228.0000000000,0.0000000000,2025-03-13 21:38:00.000,SocSon,"2",1432.8700000000,I
14580,23.5000000000,88.5000000000,0.6000000000,265.0000000000,0.0000000000,2025-03-13 21:37:00.000,SocSon,"2",1432.8700000000,I
14579,23.6000000000,88.5000000000,0.0000000000,217.0000000000,0.0000000000,2025-03-13 21:36:00.000,SocSon,"2",1432.8700000000,I
14578,23.5000000000,88.6000000000,0.0000000000,217.0000000000,0.0000000000,2025-03-13 21:35:00.000,SocSon,"2",1432.8700000000,I
14577,23.5000000000,88.6000000000,0.0000000000,217.0000000000,0.0000000000,2025-03-13 21:34:00.000,SocSon,"2",1432.8700000000,I
14576,23.5000000000,88.7000000000,0.2000000000,193.0000000000,0.0000000000,2025-03-13 21:33:00.000,SocSon,"2",1432.8700000000,I
14575,23.5000000000,88.7000000000,0.3000000000,193.0000000000,0.0000000000,2025-03-13 21:32:00.000,SocSon,"2",1432.8700000000,I
14574,23.5000000000,88.7000000000,0.4000000000,193.0000000000,0.0000000000,2025-03-13 21:31:00.000,SocSon,"2",1432.8700000000,I
14573,23.5000000000,88.7000000000,0.4000000000,193.0000000000,0.0000000000,2025-03-13 21:30:00.000,SocSon,"2",1432.8700000000,I
14572,23.5000000000,88.8000000000,0.7000000000,217.0000000000,0.0000000000,2025-03-13 21:29:00.000,SocSon,"2",1432.8700000000,I
14571,23.5000000000,88.8000000000,0.7000000000,169.0000000000,0.0000000000,2025-03-13 21:28:00.000,SocSon,"2",1432.8700000000,I
14570,23.5000000000,88.8000000000,1.0000000000,169.0000000000,0.0000000000,2025-03-13 21:27:00.000,SocSon,"2",3519.6700000000,II
14569,23.5000000000,88.8000000000,0.8000000000,184.0000000000,0.0000000000,2025-03-13 21:26:00.000,SocSon,"2",1432.8700000000,I
14568,23.5000000000,88.8000000000,1.1000000000,171.0000000000,0.0000000000,2025-03-13 21:25:00.000,SocSon,"2",1432.8700000000,I
14567,23.5000000000,88.8000000000,0.2000000000,213.0000000000,0.0000000000,2025-03-13 21:24:00.000,SocSon,"2",1432.8700000000,I
14566,23.5000000000,88.9000000000,0.4000000000,217.0000000000,0.0000000000,2025-03-13 21:23:00.000,SocSon,"2",1432.8700000000,I
14565,23.5000000000,88.9000000000,0.6000000000,217.0000000000,0.0000000000,2025-03-13 21:22:00.000,SocSon,"2",1432.8700000000,I
14564,23.5000000000,88.9000000000,0.6000000000,194.0000000000,0.0000000000,2025-03-13 21:21:00.000,SocSon,"2",1432.8700000000,I
14563,23.5000000000,89.0000000000,0.2000000000,217.0000000000,0.0000000000,2025-03-13 21:20:00.000,SocSon,"2",1432.8700000000,I
14562,23.5000000000,89.0000000000,1.0000000000,169.0000000000,0.0000000000,2025-03-13 21:19:00.000,SocSon,"2",1432.8700000000,I
14561,23.5000000000,89.0000000000,0.2000000000,217.0000000000,0.0000000000,2025-03-13 21:18:00.000,SocSon,"2",1432.8700000000,I
14560,23.5000000000,89.0000000000,0.4000000000,217.0000000000,0.0000000000,2025-03-13 21:17:00.000,SocSon,"2",1432.8700000000,I
14559,23.5000000000,89.0000000000,0.4000000000,217.0000000000,0.0000000000,2025-03-13 21:16:00.000,SocSon,"2",1432.8700000000,I
14558,23.5000000000,88.9000000000,0.4000000000,193.0000000000,0.0000000000,2025-03-13 21:15:00.000,SocSon,"2",1432.8700000000,I
14557,23.5000000000,88.9000000000,0.8000000000,190.0000000000,0.0000000000,2025-03-13 21:14:00.000,SocSon,"2",1432.8700000000,I
14556,23.5000000000,88.9000000000,1.0000000000,193.0000000000,0.0000000000,2025-03-13 21:13:00.000,SocSon,"2",1432.8700000000,I
14555,23.5000000000,88.8000000000,1.0000000000,193.0000000000,0.0000000000,2025-03-13 21:12:00.000,SocSon,"2",1432.8700000000,I
14554,23.5000000000,88.8000000000,0.6000000000,169.0000000000,0.0000000000,2025-03-13 21:11:00.000,SocSon,"2",1432.8700000000,I
14553,23.5000000000,88.8000000000,0.8000000000,193.0000000000,0.0000000000,2025-03-13 21:10:00.000,SocSon,"2",1432.8700000000,I
14552,23.5000000000,88.8000000000,0.2000000000,193.0000000000,0.0000000000,2025-03-13 21:08:00.000,SocSon,"2",1432.8700000000,I
14551,23.5000000000,88.7000000000,0.2000000000,193.0000000000,0.0000000000,2025-03-13 21:07:00.000,SocSon,"2",3517.3200000000,II
14550,23.5000000000,88.6000000000,0.6000000000,193.0000000000,0.0000000000,2025-03-13 21:06:00.000,SocSon,"2",1432.8700000000,I
14549,23.6000000000,88.5000000000,0.8000000000,217.0000000000,0.0000000000,2025-03-13 21:05:00.000,SocSon,"2",1432.8700000000,I
14548,23.6000000000,88.3000000000,0.6000000000,217.0000000000,0.0000000000,2025-03-13 21:04:00.000,SocSon,"2",1432.8700000000,I
14547,23.6000000000,88.3000000000,0.6000000000,217.0000000000,0.0000000000,2025-03-13 21:03:00.000,SocSon,"2",1432.8700000000,I
14546,23.7000000000,88.3000000000,0.0000000000,217.0000000000,0.0000000000,2025-03-13 21:02:00.000,SocSon,"2",1432.8700000000,I
14545,23.7000000000,88.2000000000,0.0000000000,204.0000000000,0.0000000000,2025-03-13 21:01:00.000,SocSon,"2",1432.8700000000,I
14544,23.7000000000,88.2000000000,0.0000000000,241.0000000000,0.0000000000,2025-03-13 21:00:00.000,SocSon,"2",1432.8700000000,I
14543,23.7000000000,88.2000000000,0.0000000000,193.0000000000,0.0000000000,2025-03-13 20:59:00.000,SocSon,"2",1432.8700000000,I
14542,23.6000000000,88.2000000000,0.0000000000,193.0000000000,0.0000000000,2025-03-13 20:58:00.000,SocSon,"2",1432.8700000000,I
14541,23.7000000000,88.0000000000,0.0000000000,193.0000000000,0.0000000000,2025-03-13 20:57:00.000,SocSon,"2",1432.8700000000,I
14540,23.7000000000,88.0000000000,0.0000000000,217.0000000000,0.0000000000,2025-03-13 20:56:00.000,SocSon,"2",1432.8700000000,I
14539,23.7000000000,88.0000000000,0.0000000000,217.0000000000,0.0000000000,2025-03-13 20:55:00.000,SocSon,"2",1432.8700000000,I
14538,23.7000000000,88.0000000000,0.0000000000,241.0000000000,0.0000000000,2025-03-13 20:54:00.000,SocSon,"2",1432.8700000000,I
14537,23.7000000000,88.2000000000,0.0000000000,193.0000000000,0.0000000000,2025-03-13 20:53:00.000,SocSon,"2",1432.8700000000,I
14536,23.7000000000,88.1000000000,0.0000000000,193.0000000000,0.0000000000,2025-03-13 20:52:00.000,SocSon,"2",1432.8700000000,I
14535,23.7000000000,88.1000000000,0.4000000000,193.0000000000,0.0000000000,2025-03-13 20:51:00.000,SocSon,"2",1432.8700000000,I
14534,23.7000000000,88.1000000000,0.8000000000,193.0000000000,0.0000000000,2025-03-13 20:50:00.000,SocSon,"2",1432.8700000000,I
14533,23.7000000000,88.1000000000,0.0000000000,193.0000000000,0.0000000000,2025-03-13 20:49:00.000,SocSon,"2",1432.8700000000,I
14532,23.7000000000,88.2000000000,0.0000000000,217.0000000000,0.0000000000,2025-03-13 20:48:00.000,SocSon,"2",1432.8700000000,I
14531,23.7000000000,88.2000000000,0.0000000000,217.0000000000,0.0000000000,2025-03-13 20:47:00.000,SocSon,"2",1432.8700000000,I
14530,23.6000000000,88.2000000000,0.0000000000,217.0000000000,0.0000000000,2025-03-13 20:46:00.000,SocSon,"2",1432.8700000000,I
14529,23.7000000000,88.2000000000,0.1000000000,217.0000000000,0.0000000000,2025-03-13 20:45:00.000,SocSon,"2",1432.8700000000,I
14528,23.7000000000,88.2000000000,0.8000000000,121.0000000000,0.0000000000,2025-03-13 20:44:00.000,SocSon,"2",1432.8700000000,I
14527,23.7000000000,88.2000000000,0.0000000000,218.0000000000,0.0000000000,2025-03-13 20:43:00.000,SocSon,"2",1432.8700000000,I
14526,23.7000000000,88.2000000000,0.0000000000,241.0000000000,0.0000000000,2025-03-13 20:42:00.000,SocSon,"2",1432.8700000000,I
14525,23.7000000000,88.2000000000,0.0000000000,217.0000000000,0.0000000000,2025-03-13 20:41:00.000,SocSon,"2",1432.8700000000,I
14524,23.7000000000,88.3000000000,0.0000000000,193.0000000000,0.0000000000,2025-03-13 20:40:00.000,SocSon,"2",1432.8700000000,I
14523,23.7000000000,88.3000000000,0.0000000000,169.0000000000,0.0000000000,2025-03-13 20:39:00.000,SocSon,"2",1432.8700000000,I
14522,23.7000000000,88.4000000000,0.0000000000,101.0000000000,0.0000000000,2025-03-13 20:38:00.000,SocSon,"2",1432.8700000000,I
14521,23.7000000000,88.4000000000,0.0000000000,193.0000000000,0.0000000000,2025-03-13 20:37:00.000,SocSon,"2",1432.8700000000,I
14520,23.6000000000,88.3000000000,0.8000000000,169.0000000000,0.0000000000,2025-03-13 20:36:00.000,SocSon,"2",1432.8700000000,I
14519,23.7000000000,88.3000000000,1.0000000000,169.0000000000,0.0000000000,2025-03-13 20:35:00.000,SocSon,"2",1432.8700000000,I
14518,23.7000000000,88.4000000000,0.8000000000,120.0000000000,0.0000000000,2025-03-13 20:34:00.000,SocSon,"2",1432.8700000000,I
14517,23.7000000000,88.4000000000,0.0000000000,217.0000000000,0.0000000000,2025-03-13 20:33:00.000,SocSon,"2",1432.8700000000,I
14516,23.6000000000,88.4000000000,0.0000000000,217.0000000000,0.0000000000,2025-03-13 20:32:00.000,SocSon,"2",1432.8700000000,I
14515,23.6000000000,88.4000000000,0.4000000000,241.0000000000,0.0000000000,2025-03-13 20:31:00.000,SocSon,"2",1432.8700000000,I
14514,23.6000000000,88.4000000000,0.4000000000,193.0000000000,0.0000000000,2025-03-13 20:30:00.000,SocSon,"2",1432.8700000000,I
14513,23.6000000000,88.4000000000,0.4000000000,169.0000000000,0.0000000000,2025-03-13 20:29:00.000,SocSon,"2",1432.8700000000,I
14512,23.6000000000,88.5000000000,0.2000000000,217.0000000000,0.0000000000,2025-03-13 20:28:00.000,SocSon,"2",1432.8700000000,I
14511,23.6000000000,88.5000000000,0.6000000000,169.0000000000,0.0000000000,2025-03-13 20:27:00.000,SocSon,"2",1432.8700000000,I
14510,23.6000000000,88.6000000000,0.8000000000,217.0000000000,0.0000000000,2025-03-13 20:26:00.000,SocSon,"2",1432.8700000000,I
14509,23.6000000000,88.7000000000,0.6000000000,170.0000000000,0.0000000000,2025-03-13 20:25:00.000,SocSon,"2",1432.8700000000,I
14508,23.5000000000,88.7000000000,1.4000000000,140.0000000000,0.0000000000,2025-03-13 20:24:00.000,SocSon,"2",1432.8700000000,I
14507,23.6000000000,88.7000000000,1.0000000000,133.0000000000,0.0000000000,2025-03-13 20:23:00.000,SocSon,"2",1432.8700000000,I
14506,23.6000000000,88.8000000000,0.8000000000,129.0000000000,0.0000000000,2025-03-13 20:22:00.000,SocSon,"2",1432.8700000000,I
14505,23.6000000000,88.8000000000,1.6000000000,145.0000000000,0.0000000000,2025-03-13 20:21:00.000,SocSon,"2",1432.8700000000,I
14504,23.6000000000,88.8000000000,1.0000000000,183.0000000000,0.0000000000,2025-03-13 20:20:00.000,SocSon,"2",1432.8700000000,I
14503,23.6000000000,88.9000000000,1.0000000000,180.0000000000,0.0000000000,2025-03-13 20:19:00.000,SocSon,"2",1432.8700000000,I
14502,23.5000000000,89.0000000000,2.2000000000,123.0000000000,0.0000000000,2025-03-13 20:18:00.000,SocSon,"2",1432.8700000000,I
14501,23.6000000000,89.0000000000,0.8000000000,167.0000000000,0.0000000000,2025-03-13 20:17:00.000,SocSon,"2",1432.8700000000,I
14500,23.5000000000,89.0000000000,0.7000000000,217.0000000000,0.0000000000,2025-03-13 20:16:00.000,SocSon,"2",3524.3700000000,II
14499,23.5000000000,89.1000000000,1.7000000000,163.0000000000,0.0000000000,2025-03-13 20:15:00.000,SocSon,"2",1432.8700000000,I
14498,23.5000000000,89.2000000000,0.6000000000,155.0000000000,0.0000000000,2025-03-13 20:14:00.000,SocSon,"2",1432.8700000000,I
14497,23.5000000000,89.2000000000,1.2000000000,169.0000000000,0.0000000000,2025-03-13 20:13:00.000,SocSon,"2",1432.8700000000,I
14496,23.5000000000,89.3000000000,0.8000000000,121.0000000000,0.0000000000,2025-03-13 20:12:00.000,SocSon,"2",1432.8700000000,I
14495,23.5000000000,89.4000000000,0.4000000000,217.0000000000,0.0000000000,2025-03-13 20:11:00.000,SocSon,"2",1432.8700000000,I
14494,23.5000000000,89.4000000000,1.1000000000,209.0000000000,0.0000000000,2025-03-13 20:10:00.000,SocSon,"2",1432.8700000000,I
14493,23.5000000000,89.4000000000,1.0000000000,130.0000000000,0.0000000000,2025-03-13 20:09:00.000,SocSon,"2",1432.8700000000,I
14492,23.5000000000,89.6000000000,0.8000000000,192.0000000000,0.0000000000,2025-03-13 20:08:00.000,SocSon,"2",1432.8700000000,I
14491,23.5000000000,89.7000000000,0.4000000000,169.0000000000,0.0000000000,2025-03-13 20:07:00.000,SocSon,"2",1432.8700000000,I
14490,23.4000000000,89.8000000000,0.2000000000,121.0000000000,0.0000000000,2025-03-13 20:06:00.000,SocSon,"2",1432.8700000000,I
14489,23.4000000000,89.9000000000,0.6000000000,121.0000000000,0.0000000000,2025-03-13 20:05:00.000,SocSon,"2",1432.8700000000,I
14488,23.4000000000,90.0000000000,0.6000000000,169.0000000000,0.0000000000,2025-03-13 20:04:00.000,SocSon,"2",1432.8700000000,I
14487,23.4000000000,90.2000000000,1.0000000000,169.0000000000,0.0000000000,2025-03-13 20:03:00.000,SocSon,"2",1432.8700000000,I
14486,23.3000000000,90.3000000000,1.4000000000,140.0000000000,0.0000000000,2025-03-13 20:02:00.000,SocSon,"2",1432.8700000000,I
14485,23.3000000000,90.5000000000,1.0000000000,146.0000000000,0.0000000000,2025-03-13 20:01:00.000,SocSon,"2",1432.8700000000,I
14484,23.2000000000,90.7000000000,1.4000000000,133.0000000000,0.0000000000,2025-03-13 20:00:00.000,SocSon,"2",1432.8700000000,I
14483,23.2000000000,90.9000000000,1.7000000000,166.0000000000,0.0000000000,2025-03-13 19:59:00.000,SocSon,"2",1432.8700000000,I
14482,23.1000000000,91.2000000000,1.2000000000,164.0000000000,0.0000000000,2025-03-13 19:58:00.000,SocSon,"2",1432.8700000000,I
14481,23.1000000000,91.6000000000,1.7000000000,169.0000000000,0.0000000000,2025-03-13 19:57:00.000,SocSon,"2",1432.8700000000,I
14480,23.6000000000,88.8000000000,1.6000000000,150.0000000000,0.0000000000,2025-03-13 18:35:00.000,SocSon,"2",1432.8700000000,I
14479,23.6000000000,88.8000000000,1.4000000000,126.0000000000,0.0000000000,2025-03-13 18:34:00.000,SocSon,"2",1432.8700000000,I
14478,23.6000000000,88.9000000000,1.6000000000,132.0000000000,0.0000000000,2025-03-13 18:33:00.000,SocSon,"2",1432.8700000000,I
14477,23.6000000000,88.8000000000,1.7000000000,121.0000000000,0.0000000000,2025-03-13 18:32:00.000,SocSon,"2",1432.8700000000,I
14476,23.6000000000,88.8000000000,1.3000000000,130.0000000000,0.0000000000,2025-03-13 18:31:00.000,SocSon,"2",1432.8700000000,I
14475,23.6000000000,88.8000000000,1.0000000000,143.0000000000,0.0000000000,2025-03-13 18:30:00.000,SocSon,"2",3528.5500000000,II
14474,23.6000000000,88.8000000000,1.0000000000,167.0000000000,0.0000000000,2025-03-13 18:29:00.000,SocSon,"2",1432.8700000000,I
14473,23.6000000000,88.7000000000,0.8000000000,122.0000000000,0.0000000000,2025-03-13 18:28:00.000,SocSon,"2",1432.8700000000,I
14472,23.6000000000,88.7000000000,1.7000000000,97.0000000000,0.0000000000,2025-03-13 18:27:00.000,SocSon,"2",1432.8700000000,I
14471,23.6000000000,88.7000000000,1.2000000000,133.0000000000,0.0000000000,2025-03-13 18:26:00.000,SocSon,"2",1432.8700000000,I
14470,23.6000000000,88.6000000000,0.8000000000,146.0000000000,0.0000000000,2025-03-13 18:25:00.000,SocSon,"2",1432.8700000000,I
14469,23.6000000000,88.6000000000,0.8000000000,169.0000000000,0.0000000000,2025-03-13 18:24:00.000,SocSon,"2",1432.8700000000,I
14468,23.6000000000,88.5000000000,1.2000000000,158.0000000000,0.0000000000,2025-03-13 18:23:00.000,SocSon,"2",1432.8700000000,I
14467,23.6000000000,88.5000000000,1.0000000000,143.0000000000,0.0000000000,2025-03-13 18:22:00.000,SocSon,"2",1432.8700000000,I
14466,23.6000000000,88.6000000000,1.2000000000,185.0000000000,0.0000000000,2025-03-13 18:21:00.000,SocSon,"2",1432.8700000000,I
14465,23.6000000000,88.6000000000,0.6000000000,121.0000000000,0.0000000000,2025-03-13 18:20:00.000,SocSon,"2",1432.8700000000,I
14464,23.6000000000,88.5000000000,0.8000000000,169.0000000000,0.0000000000,2025-03-13 18:19:00.000,SocSon,"2",1432.8700000000,I
14463,23.6000000000,88.5000000000,1.9000000000,145.0000000000,0.0000000000,2025-03-13 18:18:00.000,SocSon,"2",1432.8700000000,I
14462,23.7000000000,88.3000000000,1.9000000000,160.0000000000,0.0000000000,2025-03-13 18:17:00.000,SocSon,"2",3525.5800000000,II
14461,23.7000000000,88.3000000000,2.1000000000,168.0000000000,0.0000000000,2025-03-13 18:16:00.000,SocSon,"2",1432.8700000000,I
14460,23.7000000000,88.3000000000,1.0000000000,101.0000000000,0.0000000000,2025-03-13 18:15:00.000,SocSon,"2",3525.5800000000,II
14459,23.7000000000,88.4000000000,0.2000000000,145.0000000000,0.0000000000,2025-03-13 18:14:00.000,SocSon,"2",1432.8700000000,I
14458,23.7000000000,88.4000000000,1.0000000000,136.0000000000,0.0000000000,2025-03-13 18:13:00.000,SocSon,"2",1432.8700000000,I
14457,23.7000000000,88.5000000000,0.0000000000,207.0000000000,0.0000000000,2025-03-13 18:12:00.000,SocSon,"2",1432.8700000000,I
14456,23.7000000000,88.6000000000,0.0000000000,16.0000000000,0.0000000000,2025-03-13 18:11:00.000,SocSon,"2",1432.8700000000,I
14455,23.6000000000,88.6000000000,0.3000000000,193.0000000000,0.0000000000,2025-03-13 18:10:00.000,SocSon,"2",1432.8700000000,I
14454,23.6000000000,88.5000000000,1.3000000000,119.0000000000,0.0000000000,2025-03-13 18:09:00.000,SocSon,"2",1432.8700000000,I
14453,23.7000000000,88.6000000000,1.7000000000,152.0000000000,0.0000000000,2025-03-13 18:08:00.000,SocSon,"2",1432.8700000000,I
14452,23.7000000000,88.6000000000,0.2000000000,120.0000000000,0.0000000000,2025-03-13 18:07:00.000,SocSon,"2",1432.8700000000,I
14451,23.7000000000,88.5000000000,0.4000000000,217.0000000000,0.0000000000,2025-03-13 18:06:00.000,SocSon,"2",1432.8700000000,I
14450,23.6000000000,88.6000000000,0.6000000000,169.0000000000,0.0000000000,2025-03-13 18:05:00.000,SocSon,"2",1432.8700000000,I
14449,23.6000000000,88.5000000000,1.0000000000,145.0000000000,0.0000000000,2025-03-13 18:04:00.000,SocSon,"2",1432.8700000000,I
14448,23.6000000000,88.5000000000,0.6000000000,124.0000000000,0.0000000000,2025-03-13 18:03:00.000,SocSon,"2",3521.4700000000,II
14447,23.7000000000,88.3000000000,1.0000000000,217.0000000000,0.0000000000,2025-03-13 18:02:00.000,SocSon,"2",1432.8700000000,I
14446,23.7000000000,88.3000000000,1.0000000000,214.0000000000,0.0000000000,2025-03-13 18:01:00.000,SocSon,"2",1432.8700000000,I
14445,23.7000000000,88.2000000000,0.6000000000,169.0000000000,0.0000000000,2025-03-13 18:00:00.000,SocSon,"2",1432.8700000000,I
14444,23.8000000000,88.1000000000,1.6000000000,169.0000000000,0.0000000000,2025-03-13 17:59:00.000,SocSon,"2",1432.8700000000,I
14443,23.8000000000,88.1000000000,2.1000000000,121.0000000000,0.0000000000,2025-03-13 17:58:00.000,SocSon,"2",1432.8700000000,I
14442,23.8000000000,88.1000000000,1.5000000000,121.0000000000,0.0000000000,2025-03-13 17:57:00.000,SocSon,"2",1432.8700000000,I
14441,23.8000000000,88.0000000000,1.2000000000,121.0000000000,0.0000000000,2025-03-13 17:56:00.000,SocSon,"2",1432.8700000000,I
14440,23.8000000000,88.1000000000,1.4000000000,144.0000000000,0.0000000000,2025-03-13 17:55:00.000,SocSon,"2",1432.8700000000,I
14439,23.8000000000,88.1000000000,1.7000000000,121.0000000000,0.0000000000,2025-03-13 17:54:00.000,SocSon,"2",1432.8700000000,I
14438,23.8000000000,88.1000000000,1.3000000000,93.0000000000,0.0000000000,2025-03-13 17:53:00.000,SocSon,"2",1432.8700000000,I
14437,23.8000000000,88.1000000000,0.8000000000,121.0000000000,0.0000000000,2025-03-13 17:52:00.000,SocSon,"2",1432.8700000000,I
14436,23.8000000000,88.1000000000,0.8000000000,168.0000000000,0.0000000000,2025-03-13 17:51:00.000,SocSon,"2",1432.8700000000,I
14435,23.8000000000,88.0000000000,0.8000000000,193.0000000000,0.0000000000,2025-03-13 17:50:00.000,SocSon,"2",1432.8700000000,I
14430,23.8000000000,87.8000000000,0.8000000000,192.0000000000,0.0000000000,2025-03-13 17:45:00.000,SocSon,"2",1432.8700000000,I
14429,23.8000000000,87.7000000000,1.6000000000,83.0000000000,0.0000000000,2025-03-13 17:44:00.000,SocSon,"2",1432.8700000000,I
14428,23.8000000000,87.6000000000,1.9000000000,160.0000000000,0.0000000000,2025-03-13 17:43:00.000,SocSon,"2",1432.8700000000,I
14427,23.8000000000,87.5000000000,1.2000000000,108.0000000000,0.0000000000,2025-03-13 17:42:00.000,SocSon,"2",1432.8700000000,I
14426,23.9000000000,87.3000000000,1.9000000000,159.0000000000,0.0000000000,2025-03-13 17:41:00.000,SocSon,"2",1432.8700000000,I
14425,23.9000000000,87.1000000000,2.6000000000,136.0000000000,0.0000000000,2025-03-13 17:40:00.000,SocSon,"2",1432.8700000000,I
14424,23.9000000000,87.0000000000,1.9000000000,167.0000000000,0.0000000000,2025-03-13 17:39:00.000,SocSon,"2",1432.8700000000,I
14423,23.9000000000,86.9000000000,1.6000000000,147.0000000000,0.0000000000,2025-03-13 17:38:00.000,SocSon,"2",1432.8700000000,I
14422,23.9000000000,86.9000000000,1.6000000000,121.0000000000,0.0000000000,2025-03-13 17:37:00.000,SocSon,"2",1432.8700000000,I
14421,23.9000000000,86.7000000000,0.8000000000,170.0000000000,0.0000000000,2025-03-13 17:36:00.000,SocSon,"2",1432.8700000000,I
14420,23.9000000000,86.7000000000,1.7000000000,177.0000000000,0.0000000000,2025-03-13 17:35:00.000,SocSon,"2",1432.8700000000,I
14419,23.9000000000,86.5000000000,1.3000000000,169.0000000000,0.0000000000,2025-03-13 17:34:00.000,SocSon,"2",1432.8700000000,I
14418,24.0000000000,86.4000000000,2.1000000000,169.0000000000,0.0000000000,2025-03-13 17:33:00.000,SocSon,"2",1432.8700000000,I
14417,24.0000000000,86.4000000000,2.3000000000,152.0000000000,0.0000000000,2025-03-13 17:32:00.000,SocSon,"2",1432.8700000000,I
14416,24.0000000000,86.2000000000,2.9000000000,162.0000000000,0.0000000000,2025-03-13 17:31:00.000,SocSon,"2",1432.8700000000,I
14415,24.0000000000,86.4000000000,1.3000000000,166.0000000000,0.0000000000,2025-03-13 17:30:00.000,SocSon,"2",1432.8700000000,I
14414,24.0000000000,86.2000000000,1.2000000000,197.0000000000,0.0000000000,2025-03-13 17:29:00.000,SocSon,"2",1432.8700000000,I
14413,24.0000000000,86.1000000000,2.1000000000,165.0000000000,0.0000000000,2025-03-13 17:28:00.000,SocSon,"2",1432.8700000000,I
14412,24.1000000000,86.1000000000,2.2000000000,145.0000000000,0.0000000000,2025-03-13 17:27:00.000,SocSon,"2",1432.8700000000,I
14411,24.1000000000,86.1000000000,0.6000000000,169.0000000000,0.0000000000,2025-03-13 17:26:00.000,SocSon,"2",1432.8700000000,I
14410,24.1000000000,86.1000000000,1.0000000000,145.0000000000,0.0000000000,2025-03-13 17:25:00.000,SocSon,"2",1432.8700000000,I
14409,24.1000000000,86.0000000000,1.8000000000,127.0000000000,0.0000000000,2025-03-13 17:24:00.000,SocSon,"2",1432.8700000000,I
14408,24.1000000000,85.9000000000,1.4000000000,169.0000000000,0.0000000000,2025-03-13 17:23:00.000,SocSon,"2",1432.8700000000,I
14407,24.1000000000,85.7000000000,3.0000000000,166.0000000000,0.0000000000,2025-03-13 17:22:00.000,SocSon,"2",1432.8700000000,I
14406,24.2000000000,85.7000000000,4.3000000000,168.0000000000,0.0000000000,2025-03-13 17:21:00.000,SocSon,"2",1432.8700000000,I
14405,24.2000000000,85.7000000000,1.8000000000,147.0000000000,0.0000000000,2025-03-13 17:20:00.000,SocSon,"2",1432.8700000000,I
14404,24.2000000000,85.8000000000,2.5000000000,175.0000000000,0.0000000000,2025-03-13 17:19:00.000,SocSon,"2",1432.8700000000,I
14403,24.2000000000,85.8000000000,0.8000000000,169.0000000000,0.0000000000,2025-03-13 17:18:00.000,SocSon,"2",1432.8700000000,I
14402,24.2000000000,85.9000000000,1.2000000000,164.0000000000,0.0000000000,2025-03-13 17:17:00.000,SocSon,"2",1432.8700000000,I
14401,24.2000000000,85.7000000000,2.0000000000,169.0000000000,0.0000000000,2025-03-13 17:16:00.000,SocSon,"2",3506.8100000000,II
14400,24.2000000000,85.7000000000,2.3000000000,151.0000000000,0.0000000000,2025-03-13 17:15:00.000,SocSon,"2",1432.8700000000,I
14399,24.2000000000,85.7000000000,1.0000000000,158.0000000000,0.0000000000,2025-03-13 17:14:00.000,SocSon,"2",1432.8700000000,I
14398,24.2000000000,85.7000000000,1.7000000000,121.0000000000,0.0000000000,2025-03-13 17:13:00.000,SocSon,"2",1432.8700000000,I
14397,24.2000000000,85.8000000000,2.1000000000,118.0000000000,0.0000000000,2025-03-13 17:12:00.000,SocSon,"2",1432.8700000000,I
14396,24.2000000000,85.7000000000,2.7000000000,132.0000000000,0.0000000000,2025-03-13 17:11:00.000,SocSon,"2",1432.8700000000,I
14395,24.3000000000,85.7000000000,1.4000000000,121.0000000000,0.0000000000,2025-03-13 17:10:00.000,SocSon,"2",1432.8700000000,I
14394,24.3000000000,85.6000000000,1.2000000000,146.0000000000,0.0000000000,2025-03-13 17:09:00.000,SocSon,"2",1432.8700000000,I
14393,24.3000000000,85.5000000000,1.6000000000,173.0000000000,0.0000000000,2025-03-13 17:08:00.000,SocSon,"2",1432.8700000000,I
14392,24.3000000000,85.5000000000,1.9000000000,123.0000000000,0.0000000000,2025-03-13 17:07:00.000,SocSon,"2",1432.8700000000,I
14391,24.3000000000,85.4000000000,2.3000000000,168.0000000000,0.0000000000,2025-03-13 17:06:00.000,SocSon,"2",1432.8700000000,I
14390,24.4000000000,85.3000000000,1.6000000000,151.0000000000,0.0000000000,2025-03-13 17:05:00.000,SocSon,"2",1432.8700000000,I
14389,24.3000000000,85.5000000000,0.6000000000,145.0000000000,0.0000000000,2025-03-13 17:04:00.000,SocSon,"2",1432.8700000000,I
14388,24.4000000000,85.4000000000,1.4000000000,122.0000000000,0.0000000000,2025-03-13 17:03:00.000,SocSon,"2",1432.8700000000,I
14387,24.4000000000,85.3000000000,1.0000000000,193.0000000000,0.0000000000,2025-03-13 17:02:00.000,SocSon,"2",1432.8700000000,I
14386,24.4000000000,85.4000000000,1.7000000000,121.0000000000,0.0000000000,2025-03-13 17:01:00.000,SocSon,"2",1432.8700000000,I
14385,24.4000000000,85.4000000000,0.8000000000,156.0000000000,0.0000000000,2025-03-13 17:00:00.000,SocSon,"2",1432.8700000000,I
14384,24.4000000000,85.3000000000,1.0000000000,140.0000000000,0.0000000000,2025-03-13 16:59:00.000,SocSon,"2",2909.2868481870,II
14383,24.4000000000,85.2000000000,2.0000000000,126.0000000000,0.0000000000,2025-03-13 16:58:00.000,SocSon,"2",2909.2868481870,II
14382,24.4000000000,85.1000000000,2.6000000000,124.0000000000,0.0000000000,2025-03-13 16:57:00.000,SocSon,"2",2909.2868481870,II
14381,24.4000000000,85.1000000000,2.0000000000,190.0000000000,0.0000000000,2025-03-13 16:56:00.000,SocSon,"2",2909.2868481870,II
14380,24.4000000000,85.1000000000,0.8000000000,145.0000000000,0.0000000000,2025-03-13 16:55:00.000,SocSon,"2",2909.2868481870,II
14379,24.4000000000,85.2000000000,1.3000000000,134.0000000000,0.0000000000,2025-03-13 16:54:00.000,SocSon,"2",3511.7500000000,II
14378,24.4000000000,85.1000000000,1.2000000000,118.0000000000,0.0000000000,2025-03-13 16:53:00.000,SocSon,"2",3509.3100000000,II
14377,24.4000000000,85.1000000000,2.2000000000,130.0000000000,0.0000000000,2025-03-13 16:52:00.000,SocSon,"2",3509.3100000000,II
14376,24.4000000000,85.1000000000,1.7000000000,184.0000000000,0.0000000000,2025-03-13 16:51:00.000,SocSon,"2",3509.3100000000,II
14375,24.4000000000,85.2000000000,1.2000000000,191.0000000000,0.0000000000,2025-03-13 16:50:00.000,SocSon,"2",3511.7500000000,II
14374,24.4000000000,85.3000000000,1.8000000000,162.0000000000,0.0000000000,2025-03-13 16:49:00.000,SocSon,"2",3514.1900000000,II
14373,24.4000000000,85.2000000000,1.4000000000,178.0000000000,0.0000000000,2025-03-13 16:48:00.000,SocSon,"2",3511.7500000000,II
14372,24.4000000000,85.3000000000,2.3000000000,126.0000000000,0.0000000000,2025-03-13 16:47:00.000,SocSon,"2",3514.1900000000,II
14371,24.4000000000,85.4000000000,1.7000000000,116.0000000000,0.0000000000,2025-03-13 16:46:00.000,SocSon,"2",3516.6300000000,II
14370,24.4000000000,85.5000000000,1.7000000000,122.0000000000,0.0000000000,2025-03-13 16:45:00.000,SocSon,"2",3519.0700000000,II
14369,24.4000000000,85.5000000000,2.7000000000,138.0000000000,0.0000000000,2025-03-13 16:44:00.000,SocSon,"2",3519.0700000000,II
14368,24.4000000000,85.7000000000,1.6000000000,128.0000000000,0.0000000000,2025-03-13 16:43:00.000,SocSon,"2",3523.9500000000,II
14367,24.4000000000,85.6000000000,1.2000000000,121.0000000000,0.0000000000,2025-03-13 16:42:00.000,SocSon,"2",3521.5100000000,II
14366,24.4000000000,85.7000000000,1.6000000000,169.0000000000,0.0000000000,2025-03-13 16:41:00.000,SocSon,"2",3523.9500000000,II
14365,24.4000000000,85.8000000000,1.6000000000,171.0000000000,0.0000000000,2025-03-13 16:40:00.000,SocSon,"2",3526.3900000000,II
14364,24.3000000000,85.9000000000,1.7000000000,172.0000000000,0.0000000000,2025-03-13 16:39:00.000,SocSon,"2",3520.2400000000,II
14363,24.3000000000,85.8000000000,1.4000000000,148.0000000000,0.0000000000,2025-03-13 16:38:00.000,SocSon,"2",3517.8100000000,II
14362,24.3000000000,85.7000000000,1.4000000000,169.0000000000,0.0000000000,2025-03-13 16:37:00.000,SocSon,"2",3515.3800000000,II
14361,24.4000000000,85.8000000000,2.7000000000,123.0000000000,0.0000000000,2025-03-13 16:36:00.000,SocSon,"2",3526.3900000000,II
14360,24.3000000000,85.9000000000,2.1000000000,174.0000000000,0.0000000000,2025-03-13 16:35:00.000,SocSon,"2",3520.2400000000,II
14359,24.3000000000,85.9000000000,1.4000000000,190.0000000000,0.0000000000,2025-03-13 16:34:00.000,SocSon,"2",3520.2400000000,II
14358,24.3000000000,86.0000000000,1.9000000000,121.0000000000,0.0000000000,2025-03-13 16:33:00.000,SocSon,"2",3522.6700000000,II
14357,24.3000000000,86.1000000000,2.1000000000,140.0000000000,0.0000000000,2025-03-13 16:32:00.000,SocSon,"2",3525.1000000000,II
14356,24.3000000000,86.0000000000,0.6000000000,169.0000000000,0.0000000000,2025-03-13 16:31:00.000,SocSon,"2",3522.6700000000,II
14355,24.3000000000,86.0000000000,1.7000000000,144.0000000000,0.0000000000,2025-03-13 16:30:00.000,SocSon,"2",3522.6700000000,II
14354,24.3000000000,86.0000000000,1.0000000000,121.0000000000,0.0000000000,2025-03-13 16:29:00.000,SocSon,"2",3522.6700000000,II
14353,24.2000000000,86.2000000000,1.9000000000,179.0000000000,0.0000000000,2025-03-13 16:28:00.000,SocSon,"2",3518.9100000000,II
14352,24.2000000000,86.2000000000,1.2000000000,145.0000000000,0.0000000000,2025-03-13 16:27:00.000,SocSon,"2",3518.9100000000,II
14351,24.2000000000,86.2000000000,1.7000000000,161.0000000000,0.0000000000,2025-03-13 16:26:00.000,SocSon,"2",3518.9100000000,II
14350,24.2000000000,86.3000000000,1.8000000000,145.0000000000,0.0000000000,2025-03-13 16:25:00.000,SocSon,"2",3521.3300000000,II
14349,24.1000000000,86.6000000000,2.2000000000,143.0000000000,0.0000000000,2025-03-13 16:24:00.000,SocSon,"2",3519.9300000000,II
14348,24.2000000000,86.8000000000,0.8000000000,169.0000000000,0.0000000000,2025-03-13 16:23:00.000,SocSon,"2",3533.4300000000,II
14347,24.2000000000,86.9000000000,1.0000000000,145.0000000000,0.0000000000,2025-03-13 16:22:00.000,SocSon,"2",3535.8500000000,II
14346,24.1000000000,86.9000000000,1.4000000000,156.0000000000,0.0000000000,2025-03-13 16:21:00.000,SocSon,"2",3527.1600000000,II
14345,24.1000000000,86.8000000000,1.0000000000,169.0000000000,0.0000000000,2025-03-13 16:20:00.000,SocSon,"2",3524.7500000000,II
14344,24.1000000000,86.9000000000,1.2000000000,169.0000000000,0.0000000000,2025-03-13 16:19:00.000,SocSon,"2",3527.1600000000,II
14343,24.1000000000,86.9000000000,1.6000000000,217.0000000000,0.0000000000,2025-03-13 16:18:00.000,SocSon,"2",3527.1600000000,II
14342,24.1000000000,87.1000000000,1.3000000000,169.0000000000,0.0000000000,2025-03-13 16:17:00.000,SocSon,"2",3531.9800000000,II
14341,24.1000000000,87.3000000000,1.7000000000,145.0000000000,0.0000000000,2025-03-13 16:16:00.000,SocSon,"2",3536.8000000000,II
14340,24.1000000000,87.2000000000,0.4000000000,193.0000000000,0.0000000000,2025-03-13 16:15:00.000,SocSon,"2",3534.3900000000,II
14339,24.0000000000,87.3000000000,0.6000000000,169.0000000000,0.0000000000,2025-03-13 16:14:00.000,SocSon,"2",3528.0700000000,II
14338,24.1000000000,87.1000000000,0.8000000000,174.0000000000,0.0000000000,2025-03-13 16:13:00.000,SocSon,"2",3531.9800000000,II
14337,24.1000000000,87.2000000000,1.4000000000,169.0000000000,0.0000000000,2025-03-13 16:12:00.000,SocSon,"2",3534.3900000000,II
14336,24.1000000000,87.1000000000,1.0000000000,169.0000000000,0.0000000000,2025-03-13 16:11:00.000,SocSon,"2",3531.9800000000,II
14335,24.1000000000,87.4000000000,0.8000000000,193.0000000000,0.0000000000,2025-03-13 16:10:00.000,SocSon,"2",3539.2100000000,II
14334,24.1000000000,87.4000000000,0.6000000000,122.0000000000,0.0000000000,2025-03-13 16:09:00.000,SocSon,"2",3539.2100000000,II
14333,24.1000000000,87.3000000000,1.0000000000,169.0000000000,0.0000000000,2025-03-13 16:08:00.000,SocSon,"2",3536.8000000000,II
14332,24.1000000000,87.2000000000,0.6000000000,198.0000000000,0.0000000000,2025-03-13 16:07:00.000,SocSon,"2",3534.3900000000,II
14331,24.1000000000,87.0000000000,1.6000000000,182.0000000000,0.0000000000,2025-03-13 16:06:00.000,SocSon,"2",3529.5700000000,II
14330,24.1000000000,86.9000000000,1.7000000000,147.0000000000,0.0000000000,2025-03-13 16:05:00.000,SocSon,"2",3527.1600000000,II
14329,24.1000000000,86.8000000000,2.0000000000,141.0000000000,0.0000000000,2025-03-13 16:04:00.000,SocSon,"2",3524.7500000000,II
14328,24.1000000000,86.7000000000,2.1000000000,178.0000000000,0.0000000000,2025-03-13 16:03:00.000,SocSon,"2",3522.3400000000,II
14327,24.1000000000,86.6000000000,1.7000000000,167.0000000000,0.0000000000,2025-03-13 16:02:00.000,SocSon,"2",3519.9300000000,II
14326,24.2000000000,86.4000000000,1.4000000000,200.0000000000,0.0000000000,2025-03-13 16:01:00.000,SocSon,"2",3523.7500000000,II
14325,24.2000000000,86.3000000000,3.0000000000,156.0000000000,0.0000000000,2025-03-13 16:00:00.000,SocSon,"2",3521.3300000000,II
14324,24.3000000000,86.3000000000,4.4000000000,121.0000000000,0.0000000000,2025-03-13 15:59:00.000,SocSon,"2",3529.9600000000,II
14323,24.3000000000,86.6000000000,1.8000000000,162.0000000000,0.0000000000,2025-03-13 15:58:00.000,SocSon,"2",3537.2500000000,II
14322,24.3000000000,86.5000000000,2.5000000000,112.0000000000,0.0000000000,2025-03-13 15:57:00.000,SocSon,"2",3534.8200000000,II
14321,24.3000000000,86.5000000000,1.4000000000,125.0000000000,0.0000000000,2025-03-13 15:56:00.000,SocSon,"2",3534.8200000000,II
14294,24.5000000000,85.5000000000,2.3000000000,169.0000000000,3.8000000000,2025-03-13 15:29:00.000,SocSon,"2",2909.2868481870,II
14293,24.4000000000,85.6000000000,2.0000000000,129.0000000000,3.8000000000,2025-03-13 15:28:00.000,SocSon,"2",2909.2868481870,II
14292,24.4000000000,85.8000000000,1.4000000000,120.0000000000,3.8000000000,2025-03-13 15:27:00.000,SocSon,"2",2909.2868481870,II
14291,24.4000000000,85.7000000000,1.9000000000,168.0000000000,3.8000000000,2025-03-13 15:26:00.000,SocSon,"2",2909.2868481870,II
14290,24.4000000000,85.6000000000,1.4000000000,100.0000000000,3.8000000000,2025-03-13 15:25:00.000,SocSon,"2",2909.2868481870,II
14289,24.4000000000,85.6000000000,1.7000000000,169.0000000000,3.8000000000,2025-03-13 15:24:00.000,SocSon,"2",2909.2868481870,II
14288,24.4000000000,85.6000000000,2.2000000000,121.0000000000,3.8000000000,2025-03-13 15:23:00.000,SocSon,"2",2909.2868481870,II
14287,24.4000000000,85.3000000000,2.3000000000,169.0000000000,3.8000000000,2025-03-13 15:22:00.000,SocSon,"2",2909.2868481870,II
14286,24.4000000000,85.4000000000,3.3000000000,133.0000000000,3.8000000000,2025-03-13 15:21:00.000,SocSon,"2",2909.2868481870,II
14285,24.4000000000,85.7000000000,2.3000000000,156.0000000000,3.8000000000,2025-03-13 15:20:00.000,SocSon,"2",2909.2868481870,II
14284,24.4000000000,85.6000000000,1.4000000000,172.0000000000,3.8000000000,2025-03-13 15:19:00.000,SocSon,"2",2909.2868481870,II
14283,24.4000000000,85.3000000000,2.5000000000,170.0000000000,3.8000000000,2025-03-13 15:18:00.000,SocSon,"2",2909.2868481870,II
14282,24.4000000000,85.4000000000,1.4000000000,121.0000000000,3.8000000000,2025-03-13 15:17:00.000,SocSon,"2",2909.2868481870,II
14281,24.5000000000,85.5000000000,2.3000000000,145.0000000000,3.8000000000,2025-03-13 15:16:00.000,SocSon,"2",2909.2868481870,II
14280,24.5000000000,85.3000000000,1.2000000000,169.0000000000,3.8000000000,2025-03-13 15:15:00.000,SocSon,"2",2909.2868481870,II
14279,24.5000000000,85.6000000000,1.6000000000,169.0000000000,3.8000000000,2025-03-13 15:14:00.000,SocSon,"2",2909.2868481870,II
14278,24.5000000000,85.5000000000,1.0000000000,169.0000000000,3.8000000000,2025-03-13 15:13:00.000,SocSon,"2",2909.2868481870,II
14277,24.5000000000,85.3000000000,1.4000000000,134.0000000000,3.8000000000,2025-03-13 15:12:00.000,SocSon,"2",2909.2868481870,II
14276,24.5000000000,85.2000000000,2.1000000000,159.0000000000,3.8000000000,2025-03-13 15:11:00.000,SocSon,"2",2909.2868481870,II
14275,24.5000000000,85.4000000000,1.0000000000,191.0000000000,3.8000000000,2025-03-13 15:10:00.000,SocSon,"2",2909.2868481870,II
14274,24.5000000000,85.2000000000,0.6000000000,126.0000000000,3.8000000000,2025-03-13 15:09:00.000,SocSon,"2",2909.2868481870,II
14273,24.6000000000,85.1000000000,2.1000000000,169.0000000000,3.8000000000,2025-03-13 15:08:00.000,SocSon,"2",2909.2868481870,II
14272,24.6000000000,85.4000000000,1.0000000000,145.0000000000,3.8000000000,2025-03-13 15:07:00.000,SocSon,"2",2909.2868481870,II
14271,24.6000000000,85.7000000000,0.8000000000,168.0000000000,3.8000000000,2025-03-13 15:06:00.000,SocSon,"2",2909.2868481870,II
14270,24.6000000000,85.8000000000,0.6000000000,265.0000000000,3.8000000000,2025-03-13 15:05:00.000,SocSon,"2",2909.2868481870,II
14269,24.5000000000,85.8000000000,1.0000000000,108.0000000000,3.8000000000,2025-03-13 15:04:00.000,SocSon,"2",2909.2868481870,II
14268,24.5000000000,85.7000000000,1.2000000000,169.0000000000,3.8000000000,2025-03-13 15:03:00.000,SocSon,"2",2909.2868481870,II
14267,24.5000000000,85.4000000000,2.7000000000,169.0000000000,3.8000000000,2025-03-13 15:02:00.000,SocSon,"2",2909.2868481870,II
14266,24.5000000000,85.7000000000,1.4000000000,165.0000000000,3.8000000000,2025-03-13 15:01:00.000,SocSon,"2",2909.2868481870,II
14265,24.5000000000,86.0000000000,1.4000000000,230.0000000000,3.8000000000,2025-03-13 15:00:00.000,SocSon,"2",2909.2868481870,II
14264,24.5000000000,86.1000000000,2.2000000000,89.0000000000,3.8000000000,2025-03-13 14:59:00.000,SocSon,"2",2909.2868481870,II
14263,24.4000000000,86.2000000000,0.6000000000,127.0000000000,3.8000000000,2025-03-13 14:58:00.000,SocSon,"2",2909.2868481870,II
14262,24.4000000000,86.1000000000,1.5000000000,169.0000000000,3.8000000000,2025-03-13 14:57:00.000,SocSon,"2",2909.2868481870,II
14261,24.3000000000,85.9000000000,1.5000000000,126.0000000000,3.8000000000,2025-03-13 14:56:00.000,SocSon,"2",2909.2868481870,II
14260,24.4000000000,85.7000000000,2.3000000000,166.0000000000,3.8000000000,2025-03-13 14:55:00.000,SocSon,"2",2909.2868481870,II
14259,24.4000000000,86.0000000000,1.9000000000,142.0000000000,3.8000000000,2025-03-13 14:54:00.000,SocSon,"2",2909.2868481870,II
14258,24.4000000000,86.1000000000,1.6000000000,123.0000000000,3.8000000000,2025-03-13 14:53:00.000,SocSon,"2",2909.2868481870,II
14257,24.4000000000,86.1000000000,1.6000000000,121.0000000000,3.8000000000,2025-03-13 14:52:00.000,SocSon,"2",2909.2868481870,II
14256,24.4000000000,86.1000000000,1.4000000000,150.0000000000,3.8000000000,2025-03-13 14:51:00.000,SocSon,"2",2909.2868481870,II
14255,24.4000000000,86.2000000000,2.2000000000,141.0000000000,3.8000000000,2025-03-13 14:50:00.000,SocSon,"2",2909.2868481870,II
14254,24.3000000000,86.2000000000,1.7000000000,151.0000000000,3.8000000000,2025-03-13 14:49:00.000,SocSon,"2",2909.2868481870,II
14253,24.4000000000,86.5000000000,1.8000000000,119.0000000000,3.8000000000,2025-03-13 14:48:00.000,SocSon,"2",2909.2868481870,II
14252,24.3000000000,86.5000000000,1.0000000000,169.0000000000,3.8000000000,2025-03-13 14:47:00.000,SocSon,"2",2909.2868481870,II
14251,24.3000000000,86.2000000000,1.2000000000,138.0000000000,3.8000000000,2025-03-13 14:46:00.000,SocSon,"2",2909.2868481870,II
14250,24.3000000000,86.1000000000,2.7000000000,178.0000000000,3.8000000000,2025-03-13 14:45:00.000,SocSon,"2",2909.2868481870,II
14249,24.3000000000,86.6000000000,2.7000000000,160.0000000000,3.8000000000,2025-03-13 14:44:00.000,SocSon,"2",2909.2868481870,II
14248,24.4000000000,86.4000000000,1.0000000000,180.0000000000,3.8000000000,2025-03-13 14:43:00.000,SocSon,"2",2909.2868481870,II
14247,24.4000000000,86.4000000000,1.2000000000,183.0000000000,3.8000000000,2025-03-13 14:42:00.000,SocSon,"2",2909.2868481870,II
14246,24.4000000000,86.2000000000,2.7000000000,136.0000000000,3.8000000000,2025-03-13 14:41:00.000,SocSon,"2",2909.2868481870,II
14245,24.4000000000,86.3000000000,1.4000000000,128.0000000000,3.8000000000,2025-03-13 14:40:00.000,SocSon,"2",2909.2868481870,II
14244,24.4000000000,86.6000000000,1.7000000000,148.0000000000,3.8000000000,2025-03-13 14:39:00.000,SocSon,"2",2909.2868481870,II
14243,24.4000000000,86.5000000000,1.2000000000,145.0000000000,3.8000000000,2025-03-13 14:38:00.000,SocSon,"2",2909.2868481870,II
14242,24.4000000000,86.2000000000,1.4000000000,121.0000000000,3.8000000000,2025-03-13 14:37:00.000,SocSon,"2",2909.2868481870,II
14241,24.5000000000,86.2000000000,2.5000000000,120.0000000000,3.8000000000,2025-03-13 14:36:00.000,SocSon,"2",2909.2868481870,II
14240,24.5000000000,86.3000000000,1.2000000000,90.0000000000,3.8000000000,2025-03-13 14:35:00.000,SocSon,"2",2909.2868481870,II
14239,24.5000000000,86.4000000000,2.1000000000,121.0000000000,3.8000000000,2025-03-13 14:34:00.000,SocSon,"2",2909.2868481870,II
14238,24.5000000000,86.3000000000,0.8000000000,207.0000000000,3.8000000000,2025-03-13 14:33:00.000,SocSon,"2",2909.2868481870,II
14237,24.5000000000,86.6000000000,1.7000000000,140.0000000000,3.8000000000,2025-03-13 14:32:00.000,SocSon,"2",2909.2868481870,II
14236,24.5000000000,86.4000000000,0.9000000000,123.0000000000,3.8000000000,2025-03-13 14:31:00.000,SocSon,"2",2909.2868481870,II
14235,24.5000000000,86.7000000000,0.9000000000,118.0000000000,3.8000000000,2025-03-13 14:30:00.000,SocSon,"2",2909.2868481870,II
14234,24.4000000000,86.5000000000,0.6000000000,32.0000000000,3.8000000000,2025-03-13 14:29:00.000,SocSon,"2",2909.2868481870,II
14233,24.4000000000,86.3000000000,0.8000000000,121.0000000000,3.8000000000,2025-03-13 14:28:00.000,SocSon,"2",2909.2868481870,II
14232,24.3000000000,86.3000000000,1.0000000000,169.0000000000,3.8000000000,2025-03-13 14:27:00.000,SocSon,"2",2909.2868481870,II
14231,24.3000000000,86.1000000000,0.6000000000,145.0000000000,3.8000000000,2025-03-13 14:26:00.000,SocSon,"2",2909.2868481870,II
14230,24.3000000000,86.0000000000,1.6000000000,121.0000000000,3.8000000000,2025-03-13 14:25:00.000,SocSon,"2",2909.2868481870,II
14229,24.4000000000,86.1000000000,3.4000000000,117.0000000000,3.8000000000,2025-03-13 14:24:00.000,SocSon,"2",2909.2868481870,II
14228,24.3000000000,86.2000000000,2.5000000000,168.0000000000,3.8000000000,2025-03-13 14:23:00.000,SocSon,"2",2909.2868481870,II
14227,24.3000000000,86.3000000000,1.8000000000,241.0000000000,3.8000000000,2025-03-13 14:22:00.000,SocSon,"2",2909.2868481870,II
14226,24.4000000000,86.2000000000,1.0000000000,172.0000000000,3.8000000000,2025-03-13 14:21:00.000,SocSon,"2",2909.2868481870,II
14225,24.3000000000,86.1000000000,1.0000000000,120.0000000000,3.8000000000,2025-03-13 14:20:00.000,SocSon,"2",2909.2868481870,II
14224,24.4000000000,86.0000000000,3.3000000000,164.0000000000,3.8000000000,2025-03-13 14:19:00.000,SocSon,"2",2909.2868481870,II
14223,24.4000000000,85.9000000000,1.9000000000,138.0000000000,3.8000000000,2025-03-13 14:18:00.000,SocSon,"2",2909.2868481870,II
14222,24.4000000000,86.2000000000,1.7000000000,138.0000000000,3.8000000000,2025-03-13 14:17:00.000,SocSon,"2",2909.2868481870,II
14221,24.4000000000,86.1000000000,0.8000000000,173.0000000000,3.8000000000,2025-03-13 14:16:00.000,SocSon,"2",2909.2868481870,II
14220,24.4000000000,86.4000000000,2.3000000000,173.0000000000,3.8000000000,2025-03-13 14:15:00.000,SocSon,"2",2909.2868481870,II
14219,24.4000000000,86.6000000000,0.9000000000,173.0000000000,3.8000000000,2025-03-13 14:14:00.000,SocSon,"2",2909.2868481870,II
14218,24.4000000000,86.6000000000,1.2000000000,125.0000000000,3.8000000000,2025-03-13 14:13:00.000,SocSon,"2",2909.2868481870,II
14217,24.4000000000,86.7000000000,1.7000000000,142.0000000000,3.8000000000,2025-03-13 14:12:00.000,SocSon,"2",2909.2868481870,II
14216,24.4000000000,86.7000000000,2.6000000000,121.0000000000,3.8000000000,2025-03-13 14:11:00.000,SocSon,"2",2909.2868481870,II
14215,24.3000000000,86.6000000000,2.2000000000,157.0000000000,3.8000000000,2025-03-13 14:10:00.000,SocSon,"2",2909.2868481870,II
14214,24.4000000000,86.6000000000,1.9000000000,197.0000000000,3.8000000000,2025-03-13 14:09:00.000,SocSon,"2",2909.2868481870,II
14213,24.4000000000,86.9000000000,3.1000000000,161.0000000000,3.8000000000,2025-03-13 14:08:00.000,SocSon,"2",2909.2868481870,II
14212,24.4000000000,86.8000000000,2.0000000000,98.0000000000,3.8000000000,2025-03-13 14:07:00.000,SocSon,"2",2909.2868481870,II
14211,24.3000000000,86.8000000000,1.0000000000,74.0000000000,3.8000000000,2025-03-13 14:06:00.000,SocSon,"2",2909.2868481870,II
14210,24.3000000000,86.7000000000,2.1000000000,200.0000000000,3.8000000000,2025-03-13 14:05:00.000,SocSon,"2",2909.2868481870,II
14209,24.4000000000,86.9000000000,1.7000000000,169.0000000000,3.8000000000,2025-03-13 14:04:00.000,SocSon,"2",2909.2868481870,II
14208,24.3000000000,86.7000000000,1.6000000000,168.0000000000,3.8000000000,2025-03-13 14:03:00.000,SocSon,"2",2909.2868481870,II
14207,24.3000000000,86.7000000000,3.3000000000,122.0000000000,3.8000000000,2025-03-13 14:02:00.000,SocSon,"2",2909.2868481870,II
14206,24.4000000000,86.9000000000,2.5000000000,169.0000000000,3.8000000000,2025-03-13 14:01:00.000,SocSon,"2",2909.2868481870,II
14205,24.4000000000,86.8000000000,1.8000000000,106.0000000000,3.8000000000,2025-03-13 14:00:00.000,SocSon,"2",2909.2868481870,II
14204,24.4000000000,86.9000000000,1.9000000000,109.0000000000,3.8000000000,2025-03-13 13:59:00.000,SocSon,"2",2909.2868481870,II
14203,24.4000000000,86.9000000000,1.9000000000,71.0000000000,3.8000000000,2025-03-13 13:58:00.000,SocSon,"2",2909.2868481870,II
14202,24.3000000000,86.8000000000,1.9000000000,115.0000000000,3.8000000000,2025-03-13 13:57:00.000,SocSon,"2",2909.2868481870,II
14201,24.3000000000,86.8000000000,2.0000000000,121.0000000000,3.8000000000,2025-03-13 13:56:00.000,SocSon,"2",2909.2868481870,II
14200,24.3000000000,86.6000000000,1.6000000000,123.0000000000,3.8000000000,2025-03-13 13:55:00.000,SocSon,"2",2909.2868481870,II
14199,24.4000000000,86.7000000000,2.9000000000,169.0000000000,3.8000000000,2025-03-13 13:54:00.000,SocSon,"2",2909.2868481870,II
14198,24.4000000000,86.5000000000,2.3000000000,168.0000000000,3.8000000000,2025-03-13 13:53:00.000,SocSon,"2",2909.2868481870,II
14197,24.4000000000,86.3000000000,2.2000000000,133.0000000000,3.8000000000,2025-03-13 13:52:00.000,SocSon,"2",2909.2868481870,II
14196,24.5000000000,86.4000000000,3.6000000000,124.0000000000,3.8000000000,2025-03-13 13:51:00.000,SocSon,"2",2909.2868481870,II
14195,24.5000000000,86.4000000000,3.0000000000,129.0000000000,3.8000000000,2025-03-13 13:50:00.000,SocSon,"2",2909.2868481870,II
14194,24.5000000000,86.5000000000,1.8000000000,135.0000000000,3.8000000000,2025-03-13 13:49:00.000,SocSon,"2",2909.2868481870,II
14193,24.5000000000,86.5000000000,2.2000000000,157.0000000000,3.8000000000,2025-03-13 13:48:00.000,SocSon,"2",2909.2868481870,II
14192,24.5000000000,86.6000000000,1.7000000000,142.0000000000,3.8000000000,2025-03-13 13:47:00.000,SocSon,"2",2909.2868481870,II
14191,24.5000000000,86.4000000000,1.2000000000,169.0000000000,3.8000000000,2025-03-13 13:46:00.000,SocSon,"2",2909.2868481870,II
14190,24.6000000000,86.3000000000,2.2000000000,122.0000000000,3.8000000000,2025-03-13 13:45:00.000,SocSon,"2",2909.2868481870,II
14189,24.6000000000,86.2000000000,3.4000000000,131.0000000000,3.8000000000,2025-03-13 13:44:00.000,SocSon,"2",2909.2868481870,II
14188,24.6000000000,86.3000000000,2.6000000000,169.0000000000,3.8000000000,2025-03-13 13:43:00.000,SocSon,"2",2909.2868481870,II
14187,24.7000000000,86.1000000000,1.8000000000,191.0000000000,3.8000000000,2025-03-13 13:42:00.000,SocSon,"2",2909.2868481870,II
14186,24.7000000000,86.3000000000,2.7000000000,121.0000000000,3.8000000000,2025-03-13 13:41:00.000,SocSon,"2",2909.2868481870,II
14185,24.7000000000,86.1000000000,2.7000000000,144.0000000000,3.8000000000,2025-03-13 13:40:00.000,SocSon,"2",2909.2868481870,II
14184,24.7000000000,86.2000000000,2.4000000000,133.0000000000,3.8000000000,2025-03-13 13:39:00.000,SocSon,"2",2909.2868481870,II
14183,24.7000000000,86.2000000000,1.2000000000,138.0000000000,3.8000000000,2025-03-13 13:38:00.000,SocSon,"2",2909.2868481870,II
14182,24.7000000000,86.3000000000,1.0000000000,121.0000000000,3.8000000000,2025-03-13 13:37:00.000,SocSon,"2",2909.2868481870,II
14181,24.7000000000,86.2000000000,1.0000000000,122.0000000000,3.8000000000,2025-03-13 13:36:00.000,SocSon,"2",2909.2868481870,II
14180,24.7000000000,86.3000000000,1.2000000000,121.0000000000,3.8000000000,2025-03-13 13:35:00.000,SocSon,"2",2909.2868481870,II
14179,24.7000000000,86.3000000000,2.2000000000,169.0000000000,3.8000000000,2025-03-13 13:34:00.000,SocSon,"2",2909.2868481870,II
14178,24.7000000000,86.5000000000,0.8000000000,216.0000000000,3.8000000000,2025-03-13 13:33:00.000,SocSon,"2",2909.2868481870,II
14177,24.7000000000,86.2000000000,1.6000000000,137.0000000000,3.8000000000,2025-03-13 13:32:00.000,SocSon,"2",2909.2868481870,II
14176,24.7000000000,86.2000000000,0.8000000000,170.0000000000,3.8000000000,2025-03-13 13:31:00.000,SocSon,"2",2909.2868481870,II
14175,24.7000000000,86.3000000000,1.7000000000,167.0000000000,3.8000000000,2025-03-13 13:30:00.000,SocSon,"2",2909.2868481870,II
14174,24.8000000000,86.1000000000,2.1000000000,169.0000000000,3.8000000000,2025-03-13 13:29:00.000,SocSon,"2",2909.2868481870,II
14173,24.8000000000,86.3000000000,2.2000000000,157.0000000000,3.8000000000,2025-03-13 13:28:00.000,SocSon,"2",2909.2868481870,II
14172,24.8000000000,86.4000000000,1.0000000000,155.0000000000,3.8000000000,2025-03-13 13:27:00.000,SocSon,"2",2909.2868481870,II
14171,24.7000000000,86.3000000000,1.2000000000,181.0000000000,3.8000000000,2025-03-13 13:26:00.000,SocSon,"2",2909.2868481870,II
14170,24.7000000000,86.3000000000,3.1000000000,169.0000000000,3.8000000000,2025-03-13 13:25:00.000,SocSon,"2",2909.2868481870,II
14169,24.7000000000,86.2000000000,2.8000000000,107.0000000000,3.8000000000,2025-03-13 13:23:00.000,SocSon,"2",2909.2868481870,II
14168,24.8000000000,86.5000000000,3.2000000000,158.0000000000,3.8000000000,2025-03-13 13:22:00.000,SocSon,"2",2909.2868481870,II
14167,24.8000000000,86.1000000000,1.2000000000,189.0000000000,3.8000000000,2025-03-13 13:21:00.000,SocSon,"2",2909.2868481870,II
14166,24.8000000000,86.6000000000,1.4000000000,156.0000000000,3.8000000000,2025-03-13 13:20:00.000,SocSon,"2",2909.2868481870,II
14165,24.8000000000,86.5000000000,1.4000000000,154.0000000000,3.8000000000,2025-03-13 13:19:00.000,SocSon,"2",2909.2868481870,II
14164,24.7000000000,85.9000000000,2.5000000000,173.0000000000,3.8000000000,2025-03-13 13:18:00.000,SocSon,"2",2909.2868481870,II
14163,24.8000000000,86.2000000000,2.0000000000,168.0000000000,3.8000000000,2025-03-13 13:17:00.000,SocSon,"2",2909.2868481870,II
14162,24.8000000000,86.4000000000,2.0000000000,121.0000000000,3.8000000000,2025-03-13 13:16:00.000,SocSon,"2",2909.2868481870,II
14161,24.8000000000,86.5000000000,2.1000000000,126.0000000000,3.8000000000,2025-03-13 13:15:00.000,SocSon,"2",1432.8700000000,I
14160,24.7000000000,86.6000000000,2.8000000000,202.0000000000,3.8000000000,2025-03-13 13:14:00.000,SocSon,"2",1432.8700000000,I
14159,24.7000000000,86.6000000000,2.0000000000,121.0000000000,3.8000000000,2025-03-13 13:13:00.000,SocSon,"2",1432.8700000000,I
14158,24.7000000000,86.8000000000,1.4000000000,213.0000000000,3.8000000000,2025-03-13 13:12:00.000,SocSon,"2",1432.8700000000,I
14157,24.7000000000,86.5000000000,2.3000000000,168.0000000000,3.8000000000,2025-03-13 13:11:00.000,SocSon,"2",1432.8700000000,I
14156,24.7000000000,87.1000000000,3.1000000000,210.0000000000,3.8000000000,2025-03-13 13:10:00.000,SocSon,"2",1432.8700000000,I
14155,24.7000000000,87.6000000000,1.4000000000,135.0000000000,3.8000000000,2025-03-13 13:09:00.000,SocSon,"2",1432.8700000000,I
14154,24.6000000000,87.7000000000,2.3000000000,125.0000000000,3.8000000000,2025-03-13 13:08:00.000,SocSon,"2",1432.8700000000,I
14153,24.6000000000,87.2000000000,1.0000000000,122.0000000000,3.8000000000,2025-03-13 13:07:00.000,SocSon,"2",1432.8700000000,I
14152,24.6000000000,87.2000000000,2.1000000000,146.0000000000,3.8000000000,2025-03-13 13:06:00.000,SocSon,"2",1432.8700000000,I
14151,24.6000000000,87.6000000000,1.6000000000,154.0000000000,3.8000000000,2025-03-13 13:05:00.000,SocSon,"2",1432.8700000000,I
14150,24.6000000000,87.6000000000,1.4000000000,181.0000000000,3.8000000000,2025-03-13 13:04:00.000,SocSon,"2",1432.8700000000,I
14149,24.6000000000,87.4000000000,0.8000000000,169.0000000000,3.8000000000,2025-03-13 13:03:00.000,SocSon,"2",1432.8700000000,I
14148,24.5000000000,87.4000000000,1.5000000000,169.0000000000,3.8000000000,2025-03-13 13:02:00.000,SocSon,"2",1432.8700000000,I
14145,24.5000000000,87.9000000000,1.8000000000,154.0000000000,3.8000000000,2025-03-13 12:59:00.000,SocSon,"2",1432.8700000000,I
14144,24.4000000000,87.7000000000,1.4000000000,114.0000000000,3.8000000000,2025-03-13 12:58:00.000,SocSon,"2",1432.8700000000,I
14143,24.4000000000,87.8000000000,1.8000000000,193.0000000000,3.8000000000,2025-03-13 12:57:00.000,SocSon,"2",1432.8700000000,I
14142,24.4000000000,88.0000000000,0.8000000000,213.0000000000,3.8000000000,2025-03-13 12:56:00.000,SocSon,"2",1432.8700000000,I
14141,24.4000000000,88.0000000000,3.1000000000,157.0000000000,3.8000000000,2025-03-13 12:55:00.000,SocSon,"2",1432.8700000000,I
14140,24.3000000000,88.1000000000,1.5000000000,150.0000000000,3.8000000000,2025-03-13 12:54:00.000,SocSon,"2",1432.8700000000,I
14139,24.3000000000,88.0000000000,0.8000000000,192.0000000000,3.8000000000,2025-03-13 12:53:00.000,SocSon,"2",1432.8700000000,I
14138,24.3000000000,88.0000000000,1.4000000000,133.0000000000,3.8000000000,2025-03-13 12:52:00.000,SocSon,"2",1432.8700000000,I
14137,24.3000000000,88.0000000000,1.6000000000,134.0000000000,3.8000000000,2025-03-13 12:51:00.000,SocSon,"2",1432.8700000000,I
14136,24.4000000000,88.1000000000,2.3000000000,150.0000000000,3.8000000000,2025-03-13 12:50:00.000,SocSon,"2",1432.8700000000,I
14135,24.4000000000,88.1000000000,1.4000000000,192.0000000000,3.8000000000,2025-03-13 12:49:00.000,SocSon,"2",1432.8700000000,I
14134,24.4000000000,88.4000000000,1.4000000000,130.0000000000,3.8000000000,2025-03-13 12:48:00.000,SocSon,"2",1432.8700000000,I
14133,24.4000000000,88.3000000000,1.0000000000,169.0000000000,3.8000000000,2025-03-13 12:47:00.000,SocSon,"2",1432.8700000000,I
14132,24.4000000000,88.4000000000,1.2000000000,161.0000000000,3.8000000000,2025-03-13 12:46:00.000,SocSon,"2",1432.8700000000,I
14131,24.4000000000,88.2000000000,1.5000000000,121.0000000000,3.8000000000,2025-03-13 12:45:00.000,SocSon,"2",1432.8700000000,I
14130,24.4000000000,88.3000000000,1.2000000000,130.0000000000,3.8000000000,2025-03-13 12:44:00.000,SocSon,"2",1432.8700000000,I
14129,24.3000000000,88.4000000000,0.6000000000,77.0000000000,3.8000000000,2025-03-13 12:43:00.000,SocSon,"2",1432.8700000000,I
14128,24.3000000000,88.3000000000,1.6000000000,146.0000000000,3.8000000000,2025-03-13 12:42:00.000,SocSon,"2",1432.8700000000,I
14127,24.3000000000,88.2000000000,2.5000000000,146.0000000000,3.8000000000,2025-03-13 12:41:00.000,SocSon,"2",1432.8700000000,I
14126,24.3000000000,88.3000000000,1.0000000000,193.0000000000,3.8000000000,2025-03-13 12:40:00.000,SocSon,"2",1432.8700000000,I
14125,24.3000000000,88.3000000000,1.7000000000,169.0000000000,3.8000000000,2025-03-13 12:39:00.000,SocSon,"2",1432.8700000000,I
14124,24.3000000000,88.2000000000,0.8000000000,174.0000000000,3.8000000000,2025-03-13 12:38:00.000,SocSon,"2",1432.8700000000,I
14123,24.3000000000,88.3000000000,1.4000000000,169.0000000000,3.8000000000,2025-03-13 12:37:00.000,SocSon,"2",1432.8700000000,I
14122,24.2000000000,88.3000000000,1.5000000000,145.0000000000,3.8000000000,2025-03-13 12:36:00.000,SocSon,"2",1432.8700000000,I
14121,24.2000000000,88.1000000000,1.0000000000,73.0000000000,3.8000000000,2025-03-13 12:35:00.000,SocSon,"2",1432.8700000000,I
14120,24.2000000000,88.2000000000,3.6000000000,136.0000000000,3.8000000000,2025-03-13 12:34:00.000,SocSon,"2",1432.8700000000,I
14119,24.2000000000,88.3000000000,1.0000000000,348.0000000000,3.8000000000,2025-03-13 12:33:00.000,SocSon,"2",1432.8700000000,I
14118,24.3000000000,88.4000000000,3.1000000000,164.0000000000,3.8000000000,2025-03-13 12:32:00.000,SocSon,"2",1432.8700000000,I
14117,24.3000000000,88.5000000000,0.8000000000,145.0000000000,3.8000000000,2025-03-13 12:31:00.000,SocSon,"2",1432.8700000000,I
14116,24.3000000000,88.5000000000,1.4000000000,168.0000000000,3.8000000000,2025-03-13 12:30:00.000,SocSon,"2",1432.8700000000,I
14115,24.2000000000,88.5000000000,1.2000000000,121.0000000000,3.8000000000,2025-03-13 12:29:00.000,SocSon,"2",1432.8700000000,I
14114,24.2000000000,88.4000000000,2.1000000000,127.0000000000,3.8000000000,2025-03-13 12:28:00.000,SocSon,"2",1432.8700000000,I
14113,24.2000000000,88.6000000000,1.1000000000,135.0000000000,3.8000000000,2025-03-13 12:27:00.000,SocSon,"2",1432.8700000000,I
14112,24.2000000000,88.4000000000,1.2000000000,106.0000000000,3.8000000000,2025-03-13 12:26:00.000,SocSon,"2",1432.8700000000,I
14111,24.2000000000,88.4000000000,1.6000000000,152.0000000000,3.8000000000,2025-03-13 12:25:00.000,SocSon,"2",1432.8700000000,I
14110,24.2000000000,88.5000000000,0.8000000000,145.0000000000,3.8000000000,2025-03-13 12:24:00.000,SocSon,"2",1432.8700000000,I
14109,24.2000000000,88.6000000000,1.3000000000,129.0000000000,3.8000000000,2025-03-13 12:23:00.000,SocSon,"2",1432.8700000000,I
14108,24.2000000000,88.6000000000,1.6000000000,158.0000000000,3.8000000000,2025-03-13 12:22:00.000,SocSon,"2",1432.8700000000,I
14107,24.2000000000,88.5000000000,1.0000000000,193.0000000000,3.8000000000,2025-03-13 12:21:00.000,SocSon,"2",1432.8700000000,I
14106,24.2000000000,88.6000000000,1.7000000000,102.0000000000,3.8000000000,2025-03-13 12:20:00.000,SocSon,"2",1432.8700000000,I
14105,24.2000000000,88.7000000000,2.6000000000,158.0000000000,3.8000000000,2025-03-13 12:19:00.000,SocSon,"2",1432.8700000000,I
14104,24.2000000000,88.6000000000,1.2000000000,121.0000000000,3.8000000000,2025-03-13 12:18:00.000,SocSon,"2",1432.8700000000,I
14103,24.3000000000,88.7000000000,2.5000000000,137.0000000000,3.8000000000,2025-03-13 12:17:00.000,SocSon,"2",1432.8700000000,I
14102,24.2000000000,88.7000000000,0.8000000000,169.0000000000,3.8000000000,2025-03-13 12:16:00.000,SocSon,"2",1432.8700000000,I
14101,24.2000000000,88.6000000000,1.2000000000,121.0000000000,3.8000000000,2025-03-13 12:15:00.000,SocSon,"2",1432.8700000000,I
14100,24.2000000000,88.5000000000,1.2000000000,123.0000000000,3.8000000000,2025-03-13 12:14:00.000,SocSon,"2",1432.8700000000,I
14099,24.3000000000,88.7000000000,1.9000000000,144.0000000000,3.8000000000,2025-03-13 12:13:00.000,SocSon,"2",1432.8700000000,I
14098,24.3000000000,88.7000000000,0.4000000000,169.0000000000,3.8000000000,2025-03-13 12:12:00.000,SocSon,"2",1432.8700000000,I
14097,24.3000000000,88.9000000000,1.7000000000,158.0000000000,3.8000000000,2025-03-13 12:11:00.000,SocSon,"2",1432.8700000000,I
14096,24.2000000000,88.7000000000,1.8000000000,135.0000000000,3.8000000000,2025-03-13 12:10:00.000,SocSon,"2",1432.8700000000,I
14095,24.3000000000,88.7000000000,1.8000000000,190.0000000000,3.8000000000,2025-03-13 12:09:00.000,SocSon,"2",1432.8700000000,I
14094,24.3000000000,88.8000000000,0.6000000000,122.0000000000,3.8000000000,2025-03-13 12:08:00.000,SocSon,"2",1432.8700000000,I
14093,24.3000000000,88.7000000000,1.4000000000,117.0000000000,3.8000000000,2025-03-13 12:07:00.000,SocSon,"2",1432.8700000000,I
14092,24.3000000000,88.6000000000,0.9000000000,169.0000000000,3.8000000000,2025-03-13 12:06:00.000,SocSon,"2",1432.8700000000,I
14091,24.3000000000,88.8000000000,1.4000000000,166.0000000000,3.8000000000,2025-03-13 12:05:00.000,SocSon,"2",1432.8700000000,I
14090,24.3000000000,88.7000000000,0.9000000000,168.0000000000,3.8000000000,2025-03-13 12:04:00.000,SocSon,"2",1432.8700000000,I
14089,24.3000000000,88.7000000000,1.0000000000,145.0000000000,3.8000000000,2025-03-13 12:03:00.000,SocSon,"2",1432.8700000000,I
14088,24.3000000000,88.8000000000,2.2000000000,137.0000000000,3.8000000000,2025-03-13 12:02:00.000,SocSon,"2",1432.8700000000,I
14087,24.3000000000,89.1000000000,0.6000000000,193.0000000000,3.8000000000,2025-03-13 12:01:00.000,SocSon,"2",1432.8700000000,I
14086,24.2000000000,88.8000000000,0.6000000000,169.0000000000,3.8000000000,2025-03-13 12:00:00.000,SocSon,"2",1432.8700000000,I
14085,24.2000000000,88.6000000000,1.4000000000,121.0000000000,3.8000000000,2025-03-13 11:59:00.000,SocSon,"2",1432.8700000000,I
14084,24.2000000000,88.8000000000,1.9000000000,125.0000000000,3.8000000000,2025-03-13 11:58:00.000,SocSon,"2",1432.8700000000,I
14083,24.2000000000,88.7000000000,1.4000000000,163.0000000000,3.8000000000,2025-03-13 11:57:00.000,SocSon,"2",1432.8700000000,I
14082,24.3000000000,88.8000000000,1.7000000000,127.0000000000,3.8000000000,2025-03-13 11:56:00.000,SocSon,"2",1432.8700000000,I
14081,24.3000000000,89.0000000000,1.6000000000,120.0000000000,3.8000000000,2025-03-13 11:55:00.000,SocSon,"2",1432.8700000000,I
14080,24.3000000000,89.2000000000,0.3000000000,169.0000000000,3.8000000000,2025-03-13 11:54:00.000,SocSon,"2",1432.8700000000,I
14079,24.2000000000,89.2000000000,1.1000000000,121.0000000000,3.8000000000,2025-03-13 11:53:00.000,SocSon,"2",1432.8700000000,I
14078,24.2000000000,89.2000000000,0.4000000000,169.0000000000,3.8000000000,2025-03-13 11:52:00.000,SocSon,"2",1432.8700000000,I
14077,24.1000000000,89.1000000000,1.2000000000,216.0000000000,3.8000000000,2025-03-13 11:51:00.000,SocSon,"2",1432.8700000000,I
14076,24.1000000000,88.8000000000,1.1000000000,214.0000000000,3.8000000000,2025-03-13 11:50:00.000,SocSon,"2",1432.8700000000,I
14075,24.1000000000,88.9000000000,2.2000000000,168.0000000000,3.8000000000,2025-03-13 11:49:00.000,SocSon,"2",1432.8700000000,I
14074,24.1000000000,88.9000000000,1.3000000000,212.0000000000,3.8000000000,2025-03-13 11:48:00.000,SocSon,"2",1432.8700000000,I
14073,24.1000000000,88.9000000000,1.5000000000,162.0000000000,3.8000000000,2025-03-13 11:47:00.000,SocSon,"2",1432.8700000000,I
14072,24.2000000000,89.0000000000,2.5000000000,168.0000000000,3.8000000000,2025-03-13 11:46:00.000,SocSon,"2",1432.8700000000,I
14071,24.2000000000,89.2000000000,0.6000000000,169.0000000000,3.8000000000,2025-03-13 11:45:00.000,SocSon,"2",1432.8700000000,I
14070,24.2000000000,89.1000000000,0.6000000000,193.0000000000,3.8000000000,2025-03-13 11:44:00.000,SocSon,"2",1432.8700000000,I
14069,24.2000000000,89.3000000000,0.4000000000,169.0000000000,3.8000000000,2025-03-13 11:43:00.000,SocSon,"2",1432.8700000000,I
14068,24.1000000000,89.2000000000,0.6000000000,145.0000000000,3.8000000000,2025-03-13 11:42:00.000,SocSon,"2",1432.8700000000,I
14067,24.1000000000,89.1000000000,0.8000000000,163.0000000000,3.8000000000,2025-03-13 11:41:00.000,SocSon,"2",1432.8700000000,I
14066,24.1000000000,89.0000000000,1.2000000000,145.0000000000,3.8000000000,2025-03-13 11:40:00.000,SocSon,"2",1432.8700000000,I
14065,24.0000000000,88.8000000000,1.7000000000,169.0000000000,3.8000000000,2025-03-13 11:39:00.000,SocSon,"2",1432.8700000000,I
14064,24.1000000000,88.7000000000,2.4000000000,169.0000000000,3.8000000000,2025-03-13 11:38:00.000,SocSon,"2",1432.8700000000,I
14063,24.1000000000,89.0000000000,2.2000000000,144.0000000000,3.8000000000,2025-03-13 11:37:00.000,SocSon,"2",1432.8700000000,I
14062,24.1000000000,88.8000000000,0.8000000000,73.0000000000,3.8000000000,2025-03-13 11:36:00.000,SocSon,"2",1432.8700000000,I
14061,24.2000000000,89.0000000000,1.8000000000,188.0000000000,3.8000000000,2025-03-13 11:35:00.000,SocSon,"2",1432.8700000000,I
14060,24.2000000000,89.1000000000,0.2000000000,169.0000000000,3.8000000000,2025-03-13 11:34:00.000,SocSon,"2",1432.8700000000,I
14059,24.1000000000,89.0000000000,0.4000000000,169.0000000000,3.8000000000,2025-03-13 11:33:00.000,SocSon,"2",1432.8700000000,I
14058,24.1000000000,89.1000000000,0.2000000000,217.0000000000,3.8000000000,2025-03-13 11:32:00.000,SocSon,"2",1432.8700000000,I
14057,24.1000000000,89.2000000000,0.4000000000,145.0000000000,3.8000000000,2025-03-13 11:31:00.000,SocSon,"2",1432.8700000000,I
14056,24.0000000000,89.2000000000,0.0000000000,193.0000000000,3.8000000000,2025-03-13 11:30:00.000,SocSon,"2",1432.8700000000,I
14055,24.0000000000,89.1000000000,0.6000000000,169.0000000000,3.8000000000,2025-03-13 11:29:00.000,SocSon,"2",1432.8700000000,I
14054,24.0000000000,89.1000000000,0.6000000000,169.0000000000,3.8000000000,2025-03-13 11:28:00.000,SocSon,"2",1432.8700000000,I
14053,23.9000000000,89.0000000000,1.0000000000,169.0000000000,3.8000000000,2025-03-13 11:27:00.000,SocSon,"2",1432.8700000000,I
14052,24.0000000000,88.9000000000,0.8000000000,169.0000000000,3.8000000000,2025-03-13 11:26:00.000,SocSon,"2",1432.8700000000,I
14051,24.0000000000,88.8000000000,1.0000000000,169.0000000000,3.8000000000,2025-03-13 11:25:00.000,SocSon,"2",1432.8700000000,I
14050,24.1000000000,88.9000000000,1.6000000000,165.0000000000,3.8000000000,2025-03-13 11:24:00.000,SocSon,"2",1432.8700000000,I
14049,24.1000000000,89.0000000000,1.1000000000,178.0000000000,3.8000000000,2025-03-13 11:23:00.000,SocSon,"2",1432.8700000000,I
14048,24.1000000000,89.1000000000,1.2000000000,169.0000000000,3.8000000000,2025-03-13 11:22:00.000,SocSon,"2",1432.8700000000,I
14047,24.1000000000,89.1000000000,0.0000000000,169.0000000000,3.8000000000,2025-03-13 11:21:00.000,SocSon,"2",1432.8700000000,I
14046,24.1000000000,89.0000000000,1.0000000000,160.0000000000,3.8000000000,2025-03-13 11:20:00.000,SocSon,"2",1432.8700000000,I
14045,24.2000000000,89.1000000000,1.6000000000,157.0000000000,3.8000000000,2025-03-13 11:19:00.000,SocSon,"2",1432.8700000000,I
14044,24.2000000000,89.4000000000,1.5000000000,163.0000000000,3.8000000000,2025-03-13 11:18:00.000,SocSon,"2",1432.8700000000,I
14043,24.1000000000,89.4000000000,0.6000000000,193.0000000000,3.8000000000,2025-03-13 11:17:00.000,SocSon,"2",1432.8700000000,I
14042,24.1000000000,89.3000000000,0.4000000000,169.0000000000,3.8000000000,2025-03-13 11:16:00.000,SocSon,"2",1432.8700000000,I
14041,24.1000000000,89.2000000000,0.6000000000,169.0000000000,3.8000000000,2025-03-13 11:15:00.000,SocSon,"2",1432.8700000000,I
14040,24.1000000000,89.3000000000,1.7000000000,125.0000000000,3.8000000000,2025-03-13 11:14:00.000,SocSon,"2",1432.8700000000,I
14039,24.1000000000,89.6000000000,0.7000000000,168.0000000000,3.8000000000,2025-03-13 11:13:00.000,SocSon,"2",1432.8700000000,I
14038,24.1000000000,89.4000000000,0.6000000000,169.0000000000,3.8000000000,2025-03-13 11:12:00.000,SocSon,"2",1432.8700000000,I
14037,24.0000000000,89.4000000000,1.8000000000,130.0000000000,3.8000000000,2025-03-13 11:11:00.000,SocSon,"2",1432.8700000000,I
14036,24.0000000000,89.3000000000,0.7000000000,121.0000000000,3.8000000000,2025-03-13 11:10:00.000,SocSon,"2",1432.8700000000,I
14035,24.0000000000,89.2000000000,2.0000000000,125.0000000000,3.8000000000,2025-03-13 11:09:00.000,SocSon,"2",1432.8700000000,I
14034,24.0000000000,89.3000000000,1.7000000000,152.0000000000,3.8000000000,2025-03-13 11:08:00.000,SocSon,"2",1432.8700000000,I
14032,24.0000000000,89.3000000000,2.1000000000,127.0000000000,3.8000000000,2025-03-13 11:06:00.000,SocSon,"2",1432.8700000000,I
14031,24.0000000000,89.3000000000,1.1000000000,184.0000000000,3.8000000000,2025-03-13 11:05:00.000,SocSon,"2",1432.8700000000,I
14030,24.0000000000,89.3000000000,0.6000000000,169.0000000000,3.8000000000,2025-03-13 11:04:00.000,SocSon,"2",1432.8700000000,I
14029,23.9000000000,89.2000000000,1.0000000000,135.0000000000,3.6000000000,2025-03-13 11:03:00.000,SocSon,"2",1432.8700000000,I
14028,24.0000000000,89.0000000000,1.7000000000,145.0000000000,3.6000000000,2025-03-13 11:02:00.000,SocSon,"2",1432.8700000000,I
14027,24.0000000000,89.0000000000,1.6000000000,141.0000000000,3.6000000000,2025-03-13 11:01:00.000,SocSon,"2",1432.8700000000,I
14026,24.0000000000,89.1000000000,1.4000000000,154.0000000000,3.6000000000,2025-03-13 11:00:00.000,SocSon,"2",1432.8700000000,I
14025,24.0000000000,89.2000000000,1.0000000000,169.0000000000,3.6000000000,2025-03-13 10:59:00.000,SocSon,"2",1432.8700000000,I
14024,24.0000000000,89.2000000000,0.4000000000,169.0000000000,3.6000000000,2025-03-13 10:58:00.000,SocSon,"2",1432.8700000000,I
14023,24.0000000000,89.0000000000,0.6000000000,169.0000000000,3.6000000000,2025-03-13 10:57:00.000,SocSon,"2",1432.8700000000,I
14022,24.0000000000,88.9000000000,1.0000000000,193.0000000000,3.6000000000,2025-03-13 10:56:00.000,SocSon,"2",1432.8700000000,I
14021,24.0000000000,88.8000000000,1.2000000000,169.0000000000,3.6000000000,2025-03-13 10:55:00.000,SocSon,"2",1432.8700000000,I
14020,24.0000000000,88.9000000000,1.0000000000,169.0000000000,3.4000000000,2025-03-13 10:54:00.000,SocSon,"2",1432.8700000000,I
14019,24.1000000000,88.9000000000,0.7000000000,169.0000000000,3.4000000000,2025-03-13 10:53:00.000,SocSon,"2",1432.8700000000,I
14018,24.1000000000,89.0000000000,1.0000000000,169.0000000000,3.4000000000,2025-03-13 10:52:00.000,SocSon,"2",1432.8700000000,I
14017,24.1000000000,89.0000000000,0.6000000000,145.0000000000,3.4000000000,2025-03-13 10:51:00.000,SocSon,"2",1432.8700000000,I
14016,24.0000000000,89.0000000000,0.8000000000,169.0000000000,3.4000000000,2025-03-13 10:50:00.000,SocSon,"2",1432.8700000000,I
14015,24.0000000000,88.8000000000,0.8000000000,169.0000000000,3.4000000000,2025-03-13 10:49:00.000,SocSon,"2",1432.8700000000,I
13950,24.0000000000,88.5000000000,0.2000000000,202.0000000000,2.4000000000,2025-03-13 09:44:00.000,SocSon,"2",1432.8700000000,I
13949,24.0000000000,88.6000000000,0.6000000000,166.0000000000,2.4000000000,2025-03-13 09:43:00.000,SocSon,"2",1432.8700000000,I
13948,24.0000000000,88.7000000000,1.3000000000,169.0000000000,2.4000000000,2025-03-13 09:42:00.000,SocSon,"2",1432.8700000000,I
13947,23.9000000000,88.7000000000,0.8000000000,157.0000000000,2.4000000000,2025-03-13 09:41:00.000,SocSon,"2",1432.8700000000,I
13946,23.9000000000,88.7000000000,1.0000000000,186.0000000000,2.4000000000,2025-03-13 09:40:00.000,SocSon,"2",1432.8700000000,I
13945,23.9000000000,88.6000000000,0.3000000000,121.0000000000,2.4000000000,2025-03-13 09:39:00.000,SocSon,"2",1432.8700000000,I
13944,23.9000000000,88.6000000000,1.2000000000,137.0000000000,2.4000000000,2025-03-13 09:38:00.000,SocSon,"2",1432.8700000000,I
13943,23.8000000000,88.5000000000,1.4000000000,164.0000000000,2.4000000000,2025-03-13 09:37:00.000,SocSon,"2",1432.8700000000,I
13942,23.9000000000,88.6000000000,2.4000000000,147.0000000000,2.4000000000,2025-03-13 09:36:00.000,SocSon,"2",1432.8700000000,I
13941,23.9000000000,88.7000000000,1.2000000000,152.0000000000,2.4000000000,2025-03-13 09:35:00.000,SocSon,"2",1432.8700000000,I
13940,23.8000000000,88.6000000000,0.0000000000,217.0000000000,2.4000000000,2025-03-13 09:34:00.000,SocSon,"2",1432.8700000000,I
13939,23.8000000000,88.6000000000,0.4000000000,193.0000000000,2.4000000000,2025-03-13 09:33:00.000,SocSon,"2",1432.8700000000,I
13938,23.8000000000,88.7000000000,1.2000000000,193.0000000000,2.4000000000,2025-03-13 09:32:00.000,SocSon,"2",1432.8700000000,I
13937,23.8000000000,88.6000000000,2.1000000000,121.0000000000,2.4000000000,2025-03-13 09:31:00.000,SocSon,"2",1432.8700000000,I
13936,23.8000000000,88.7000000000,1.1000000000,138.0000000000,2.4000000000,2025-03-13 09:30:00.000,SocSon,"2",1432.8700000000,I
13935,23.8000000000,88.7000000000,0.5000000000,121.0000000000,2.4000000000,2025-03-13 09:29:00.000,SocSon,"2",1432.8700000000,I
13934,23.8000000000,88.5000000000,1.9000000000,190.0000000000,2.2000000000,2025-03-13 09:28:00.000,SocSon,"2",1432.8700000000,I
13933,23.8000000000,88.5000000000,2.6000000000,184.0000000000,2.2000000000,2025-03-13 09:27:00.000,SocSon,"2",1432.8700000000,I
13932,23.9000000000,88.6000000000,1.4000000000,175.0000000000,2.2000000000,2025-03-13 09:26:00.000,SocSon,"2",1432.8700000000,I
13931,23.9000000000,88.9000000000,1.8000000000,145.0000000000,2.2000000000,2025-03-13 09:25:00.000,SocSon,"2",1432.8700000000,I
13930,23.8000000000,88.9000000000,0.8000000000,169.0000000000,2.2000000000,2025-03-13 09:24:00.000,SocSon,"2",1432.8700000000,I
13929,23.8000000000,88.8000000000,0.6000000000,169.0000000000,2.2000000000,2025-03-13 09:23:00.000,SocSon,"2",1432.8700000000,I
13928,23.8000000000,88.9000000000,1.0000000000,121.0000000000,2.2000000000,2025-03-13 09:22:00.000,SocSon,"2",1432.8700000000,I
13927,23.7000000000,88.9000000000,1.0000000000,169.0000000000,2.2000000000,2025-03-13 09:21:00.000,SocSon,"2",1432.8700000000,I
13926,23.7000000000,88.8000000000,1.0000000000,145.0000000000,2.2000000000,2025-03-13 09:20:00.000,SocSon,"2",1432.8700000000,I
13925,23.7000000000,88.7000000000,1.6000000000,165.0000000000,2.2000000000,2025-03-13 09:19:00.000,SocSon,"2",1432.8700000000,I
13924,23.7000000000,88.7000000000,1.6000000000,169.0000000000,2.2000000000,2025-03-13 09:18:00.000,SocSon,"2",1432.8700000000,I
13923,23.8000000000,88.6000000000,2.0000000000,148.0000000000,2.2000000000,2025-03-13 09:17:00.000,SocSon,"2",1432.8700000000,I
13922,23.8000000000,88.7000000000,0.8000000000,170.0000000000,2.2000000000,2025-03-13 09:16:00.000,SocSon,"2",1432.8700000000,I
13921,23.8000000000,88.8000000000,1.0000000000,166.0000000000,2.2000000000,2025-03-13 09:15:00.000,SocSon,"2",1432.8700000000,I
13920,23.8000000000,88.7000000000,1.2000000000,169.0000000000,2.2000000000,2025-03-13 09:14:00.000,SocSon,"2",1432.8700000000,I
13919,23.8000000000,88.7000000000,0.6000000000,169.0000000000,2.2000000000,2025-03-13 09:13:00.000,SocSon,"2",1432.8700000000,I
13918,23.8000000000,88.7000000000,0.2000000000,211.0000000000,2.2000000000,2025-03-13 09:12:00.000,SocSon,"2",1432.8700000000,I
13917,23.7000000000,88.7000000000,1.1000000000,193.0000000000,2.2000000000,2025-03-13 09:11:00.000,SocSon,"2",1432.8700000000,I
13916,23.7000000000,88.7000000000,1.6000000000,122.0000000000,2.2000000000,2025-03-13 09:10:00.000,SocSon,"2",1432.8700000000,I
13915,23.7000000000,88.7000000000,0.0000000000,169.0000000000,2.2000000000,2025-03-13 09:09:00.000,SocSon,"2",1432.8700000000,I
13914,23.7000000000,88.6000000000,1.2000000000,181.0000000000,2.2000000000,2025-03-13 09:08:00.000,SocSon,"2",1432.8700000000,I
13913,23.6000000000,88.6000000000,1.2000000000,133.0000000000,2.2000000000,2025-03-13 09:07:00.000,SocSon,"2",1432.8700000000,I
13912,23.6000000000,88.5000000000,2.7000000000,145.0000000000,2.2000000000,2025-03-13 09:06:00.000,SocSon,"2",1432.8700000000,I
13911,23.6000000000,88.5000000000,2.3000000000,122.0000000000,2.2000000000,2025-03-13 09:05:00.000,SocSon,"2",1432.8700000000,I
13910,23.7000000000,88.4000000000,2.3000000000,167.0000000000,2.2000000000,2025-03-13 09:04:00.000,SocSon,"2",1432.8700000000,I
13909,23.7000000000,88.5000000000,1.0000000000,175.0000000000,2.2000000000,2025-03-13 09:03:00.000,SocSon,"2",1432.8700000000,I
13908,23.7000000000,88.3000000000,1.7000000000,174.0000000000,2.2000000000,2025-03-13 09:02:00.000,SocSon,"2",1432.8700000000,I
13907,23.7000000000,88.1000000000,2.2000000000,167.0000000000,2.2000000000,2025-03-13 09:01:00.000,SocSon,"2",1432.8700000000,I
13906,23.8000000000,88.2000000000,1.7000000000,193.0000000000,2.2000000000,2025-03-13 09:00:00.000,SocSon,"2",1432.8700000000,I
13905,23.8000000000,88.1000000000,1.4000000000,169.0000000000,2.2000000000,2025-03-13 08:59:00.000,SocSon,"2",1432.8700000000,I
13904,23.8000000000,88.1000000000,1.7000000000,169.0000000000,2.2000000000,2025-03-13 08:58:00.000,SocSon,"2",1432.8700000000,I
13903,23.8000000000,88.0000000000,0.8000000000,196.0000000000,2.2000000000,2025-03-13 08:57:00.000,SocSon,"2",1432.8700000000,I
13902,23.9000000000,88.1000000000,1.8000000000,168.0000000000,2.2000000000,2025-03-13 08:56:00.000,SocSon,"2",1432.8700000000,I
13901,23.8000000000,88.2000000000,0.6000000000,147.0000000000,2.2000000000,2025-03-13 08:55:00.000,SocSon,"2",1432.8700000000,I
13900,23.8000000000,88.3000000000,0.6000000000,185.0000000000,2.2000000000,2025-03-13 08:54:00.000,SocSon,"2",1432.8700000000,I
13899,23.8000000000,88.2000000000,0.6000000000,97.0000000000,2.2000000000,2025-03-13 08:53:00.000,SocSon,"2",1432.8700000000,I
13898,23.8000000000,88.1000000000,1.5000000000,189.0000000000,2.2000000000,2025-03-13 08:52:00.000,SocSon,"2",1432.8700000000,I
13897,23.8000000000,87.9000000000,1.8000000000,164.0000000000,2.2000000000,2025-03-13 08:51:00.000,SocSon,"2",1432.8700000000,I
13896,23.8000000000,88.1000000000,3.1000000000,180.0000000000,2.2000000000,2025-03-13 08:50:00.000,SocSon,"2",1432.8700000000,I
13895,23.8000000000,88.3000000000,0.0000000000,205.0000000000,2.2000000000,2025-03-13 08:49:00.000,SocSon,"2",1432.8700000000,I
13894,23.8000000000,88.3000000000,0.2000000000,214.0000000000,2.2000000000,2025-03-13 08:48:00.000,SocSon,"2",1432.8700000000,I
13893,23.7000000000,88.3000000000,0.8000000000,145.0000000000,2.2000000000,2025-03-13 08:47:00.000,SocSon,"2",1432.8700000000,I
13892,23.7000000000,88.1000000000,1.4000000000,167.0000000000,2.2000000000,2025-03-13 08:46:00.000,SocSon,"2",1432.8700000000,I
13891,23.8000000000,88.0000000000,1.2000000000,161.0000000000,2.2000000000,2025-03-13 08:45:00.000,SocSon,"2",1432.8700000000,I
13890,23.7000000000,88.0000000000,0.6000000000,265.0000000000,2.2000000000,2025-03-13 08:44:00.000,SocSon,"2",1432.8700000000,I
13889,23.8000000000,88.0000000000,0.7000000000,205.0000000000,2.2000000000,2025-03-13 08:43:00.000,SocSon,"2",1432.8700000000,I
13888,23.8000000000,87.7000000000,1.4000000000,150.0000000000,2.2000000000,2025-03-13 08:42:00.000,SocSon,"2",1432.8700000000,I
13887,23.8000000000,87.7000000000,1.7000000000,154.0000000000,2.2000000000,2025-03-13 08:41:00.000,SocSon,"2",1432.8700000000,I
13886,23.9000000000,88.0000000000,1.6000000000,121.0000000000,2.2000000000,2025-03-13 08:40:00.000,SocSon,"2",1432.8700000000,I
13885,23.8000000000,88.1000000000,0.5000000000,79.0000000000,2.2000000000,2025-03-13 08:39:00.000,SocSon,"2",1432.8700000000,I
13884,23.8000000000,88.0000000000,0.4000000000,127.0000000000,2.2000000000,2025-03-13 08:38:00.000,SocSon,"2",1432.8700000000,I
13883,23.8000000000,88.0000000000,1.9000000000,129.0000000000,2.2000000000,2025-03-13 08:37:00.000,SocSon,"2",1432.8700000000,I
13882,23.8000000000,88.1000000000,0.8000000000,130.0000000000,2.2000000000,2025-03-13 08:36:00.000,SocSon,"2",1432.8700000000,I
13881,23.8000000000,88.1000000000,0.4000000000,190.0000000000,2.2000000000,2025-03-13 08:35:00.000,SocSon,"2",1432.8700000000,I
13880,23.7000000000,88.0000000000,0.8000000000,169.0000000000,2.2000000000,2025-03-13 08:34:00.000,SocSon,"2",1432.8700000000,I
13879,23.8000000000,87.9000000000,1.6000000000,163.0000000000,2.2000000000,2025-03-13 08:33:00.000,SocSon,"2",1432.8700000000,I
13878,23.8000000000,88.0000000000,1.2000000000,193.0000000000,2.2000000000,2025-03-13 08:32:00.000,SocSon,"2",1432.8700000000,I
13877,23.7000000000,87.9000000000,1.6000000000,145.0000000000,2.2000000000,2025-03-13 08:31:00.000,SocSon,"2",1432.8700000000,I
13876,23.8000000000,87.9000000000,1.3000000000,169.0000000000,2.2000000000,2025-03-13 08:30:00.000,SocSon,"2",1432.8700000000,I
13875,23.8000000000,87.9000000000,1.6000000000,167.0000000000,2.2000000000,2025-03-13 08:29:00.000,SocSon,"2",1432.8700000000,I
13874,23.8000000000,88.0000000000,1.9000000000,167.0000000000,2.2000000000,2025-03-13 08:28:00.000,SocSon,"2",1432.8700000000,I
13873,23.8000000000,88.1000000000,1.9000000000,125.0000000000,2.2000000000,2025-03-13 08:27:00.000,SocSon,"2",1432.8700000000,I
13872,23.8000000000,88.1000000000,2.3000000000,121.0000000000,2.2000000000,2025-03-13 08:26:00.000,SocSon,"2",1432.8700000000,I
13871,23.8000000000,88.2000000000,1.0000000000,121.0000000000,2.2000000000,2025-03-13 08:25:00.000,SocSon,"2",1432.8700000000,I
13870,23.7000000000,88.2000000000,0.4000000000,169.0000000000,2.2000000000,2025-03-13 08:24:00.000,SocSon,"2",1432.8700000000,I
13869,23.7000000000,88.2000000000,0.8000000000,145.0000000000,2.2000000000,2025-03-13 08:23:00.000,SocSon,"2",1432.8700000000,I
13868,23.7000000000,88.1000000000,1.2000000000,145.0000000000,2.2000000000,2025-03-13 08:22:00.000,SocSon,"2",1432.8700000000,I
13867,23.7000000000,88.0000000000,0.9000000000,169.0000000000,2.2000000000,2025-03-13 08:21:00.000,SocSon,"2",1432.8700000000,I
13866,23.7000000000,88.3000000000,1.2000000000,169.0000000000,2.2000000000,2025-03-13 08:20:00.000,SocSon,"2",1432.8700000000,I
13865,23.7000000000,88.4000000000,1.0000000000,122.0000000000,2.2000000000,2025-03-13 08:19:00.000,SocSon,"2",1432.8700000000,I
13864,23.7000000000,88.5000000000,0.8000000000,145.0000000000,2.2000000000,2025-03-13 08:18:00.000,SocSon,"2",1432.8700000000,I
13863,23.6000000000,88.4000000000,1.0000000000,167.0000000000,2.2000000000,2025-03-13 08:17:00.000,SocSon,"2",1432.8700000000,I
13862,23.6000000000,88.4000000000,2.2000000000,134.0000000000,2.2000000000,2025-03-13 08:16:00.000,SocSon,"2",1432.8700000000,I
13861,23.6000000000,88.4000000000,1.0000000000,215.0000000000,2.2000000000,2025-03-13 08:15:00.000,SocSon,"2",1432.8700000000,I
13860,23.6000000000,88.3000000000,2.1000000000,170.0000000000,2.2000000000,2025-03-13 08:14:00.000,SocSon,"2",1432.8700000000,I
13859,23.6000000000,88.2000000000,2.6000000000,168.0000000000,2.2000000000,2025-03-13 08:13:00.000,SocSon,"2",1432.8700000000,I
13858,23.6000000000,88.3000000000,1.3000000000,169.0000000000,2.2000000000,2025-03-13 08:12:00.000,SocSon,"2",1432.8700000000,I
13857,23.6000000000,88.3000000000,1.0000000000,217.0000000000,2.2000000000,2025-03-13 08:11:00.000,SocSon,"2",1432.8700000000,I
13856,23.6000000000,88.3000000000,3.1000000000,121.0000000000,2.2000000000,2025-03-13 08:10:00.000,SocSon,"2",1432.8700000000,I
13855,23.7000000000,88.5000000000,1.7000000000,166.0000000000,2.2000000000,2025-03-13 08:09:00.000,SocSon,"2",1432.8700000000,I
13854,23.6000000000,88.5000000000,0.6000000000,169.0000000000,2.2000000000,2025-03-13 08:08:00.000,SocSon,"2",1432.8700000000,I
13853,23.6000000000,88.6000000000,1.0000000000,167.0000000000,2.2000000000,2025-03-13 08:07:00.000,SocSon,"2",1432.8700000000,I
13852,23.5000000000,88.4000000000,0.8000000000,193.0000000000,2.2000000000,2025-03-13 08:06:00.000,SocSon,"2",1432.8700000000,I
13851,23.5000000000,88.4000000000,1.4000000000,168.0000000000,2.2000000000,2025-03-13 08:05:00.000,SocSon,"2",1432.8700000000,I
13850,23.5000000000,88.4000000000,1.6000000000,157.0000000000,2.2000000000,2025-03-13 08:04:00.000,SocSon,"2",1432.8700000000,I
13849,23.5000000000,88.3000000000,2.0000000000,169.0000000000,2.2000000000,2025-03-13 08:03:00.000,SocSon,"2",1432.8700000000,I
13848,23.5000000000,88.4000000000,1.4000000000,169.0000000000,2.2000000000,2025-03-13 08:02:00.000,SocSon,"2",1432.8700000000,I
13847,23.5000000000,88.5000000000,1.4000000000,188.0000000000,2.2000000000,2025-03-13 08:01:00.000,SocSon,"2",1432.8700000000,I
13846,23.5000000000,88.4000000000,0.8000000000,169.0000000000,2.2000000000,2025-03-13 08:00:00.000,SocSon,"2",1432.8700000000,I
13845,23.5000000000,88.5000000000,1.0000000000,215.0000000000,2.2000000000,2025-03-13 07:59:00.000,SocSon,"2",1432.8700000000,I
13844,23.5000000000,88.5000000000,0.4000000000,145.0000000000,2.2000000000,2025-03-13 07:58:00.000,SocSon,"2",1432.8700000000,I
13843,23.5000000000,88.5000000000,1.9000000000,157.0000000000,2.2000000000,2025-03-13 07:57:00.000,SocSon,"2",1432.8700000000,I
13842,23.5000000000,88.5000000000,1.0000000000,168.0000000000,2.2000000000,2025-03-13 07:56:00.000,SocSon,"2",1432.8700000000,I
13841,23.5000000000,88.5000000000,1.7000000000,120.0000000000,2.2000000000,2025-03-13 07:55:00.000,SocSon,"2",1432.8700000000,I
13840,23.5000000000,88.5000000000,1.2000000000,171.0000000000,2.2000000000,2025-03-13 07:54:00.000,SocSon,"2",1432.8700000000,I
13839,23.5000000000,88.5000000000,1.0000000000,204.0000000000,2.2000000000,2025-03-13 07:53:00.000,SocSon,"2",1432.8700000000,I
13838,23.5000000000,88.6000000000,1.2000000000,168.0000000000,2.2000000000,2025-03-13 07:52:00.000,SocSon,"2",1432.8700000000,I
13837,23.5000000000,88.7000000000,0.6000000000,121.0000000000,2.2000000000,2025-03-13 07:51:00.000,SocSon,"2",1432.8700000000,I
13836,23.4000000000,88.7000000000,1.0000000000,122.0000000000,2.2000000000,2025-03-13 07:50:00.000,SocSon,"2",1432.8700000000,I
13835,23.4000000000,88.7000000000,1.5000000000,137.0000000000,2.2000000000,2025-03-13 07:49:00.000,SocSon,"2",1432.8700000000,I
13834,23.4000000000,88.7000000000,2.1000000000,131.0000000000,2.2000000000,2025-03-13 07:48:00.000,SocSon,"2",1432.8700000000,I
13833,23.4000000000,88.6000000000,1.6000000000,169.0000000000,2.2000000000,2025-03-13 07:47:00.000,SocSon,"2",1432.8700000000,I
13832,23.4000000000,88.6000000000,2.6000000000,145.0000000000,2.2000000000,2025-03-13 07:46:00.000,SocSon,"2",1432.8700000000,I
13831,23.4000000000,88.6000000000,2.3000000000,118.0000000000,2.2000000000,2025-03-13 07:45:00.000,SocSon,"2",1432.8700000000,I
13830,23.4000000000,88.7000000000,1.0000000000,128.0000000000,2.2000000000,2025-03-13 07:44:00.000,SocSon,"2",1432.8700000000,I
13829,23.4000000000,88.7000000000,1.1000000000,143.0000000000,2.2000000000,2025-03-13 07:43:00.000,SocSon,"2",1432.8700000000,I
13828,23.4000000000,88.7000000000,2.5000000000,163.0000000000,2.2000000000,2025-03-13 07:42:00.000,SocSon,"2",1432.8700000000,I
13827,23.4000000000,88.7000000000,1.0000000000,193.0000000000,2.2000000000,2025-03-13 07:41:00.000,SocSon,"2",1432.8700000000,I
13826,23.4000000000,88.6000000000,2.2000000000,157.0000000000,2.2000000000,2025-03-13 07:40:00.000,SocSon,"2",1432.8700000000,I
13825,23.4000000000,88.6000000000,2.2000000000,153.0000000000,2.2000000000,2025-03-13 07:39:00.000,SocSon,"2",1432.8700000000,I
13824,23.4000000000,88.7000000000,1.5000000000,145.0000000000,2.2000000000,2025-03-13 07:38:00.000,SocSon,"2",1432.8700000000,I
13823,23.4000000000,88.7000000000,1.8000000000,145.0000000000,2.2000000000,2025-03-13 07:37:00.000,SocSon,"2",1432.8700000000,I
13822,23.4000000000,88.7000000000,1.4000000000,169.0000000000,2.2000000000,2025-03-13 07:36:00.000,SocSon,"2",1432.8700000000,I
13821,23.4000000000,88.6000000000,1.8000000000,121.0000000000,2.2000000000,2025-03-13 07:35:00.000,SocSon,"2",1432.8700000000,I
13820,23.4000000000,88.6000000000,2.1000000000,178.0000000000,2.2000000000,2025-03-13 07:34:00.000,SocSon,"2",1432.8700000000,I
13819,23.4000000000,88.7000000000,1.7000000000,119.0000000000,2.2000000000,2025-03-13 07:33:00.000,SocSon,"2",1432.8700000000,I
13818,23.4000000000,88.8000000000,2.7000000000,109.0000000000,2.2000000000,2025-03-13 07:32:00.000,SocSon,"2",1432.8700000000,I
13817,23.4000000000,88.7000000000,0.8000000000,107.0000000000,2.2000000000,2025-03-13 07:31:00.000,SocSon,"2",1432.8700000000,I
13816,23.4000000000,88.8000000000,1.6000000000,198.0000000000,2.2000000000,2025-03-13 07:30:00.000,SocSon,"2",1432.8700000000,I
13815,23.4000000000,88.9000000000,1.7000000000,145.0000000000,2.2000000000,2025-03-13 07:29:00.000,SocSon,"2",1432.8700000000,I
13814,23.4000000000,88.9000000000,1.9000000000,116.0000000000,2.2000000000,2025-03-13 07:28:00.000,SocSon,"2",1432.8700000000,I
13813,23.4000000000,88.8000000000,1.5000000000,213.0000000000,2.2000000000,2025-03-13 07:27:00.000,SocSon,"2",1432.8700000000,I
13812,23.4000000000,88.8000000000,1.0000000000,192.0000000000,2.2000000000,2025-03-13 07:26:00.000,SocSon,"2",1432.8700000000,I
13811,23.4000000000,88.8000000000,1.4000000000,175.0000000000,2.2000000000,2025-03-13 07:25:00.000,SocSon,"2",1432.8700000000,I
13810,23.3000000000,88.8000000000,1.2000000000,169.0000000000,2.2000000000,2025-03-13 07:24:00.000,SocSon,"2",1432.8700000000,I
13809,23.4000000000,88.7000000000,2.5000000000,145.0000000000,2.2000000000,2025-03-13 07:23:00.000,SocSon,"2",1432.8700000000,I
13808,23.4000000000,88.7000000000,2.1000000000,161.0000000000,2.2000000000,2025-03-13 07:22:00.000,SocSon,"2",1432.8700000000,I
13807,23.4000000000,88.8000000000,1.0000000000,208.0000000000,2.2000000000,2025-03-13 07:21:00.000,SocSon,"2",1432.8700000000,I
13806,23.4000000000,88.9000000000,1.2000000000,173.0000000000,2.2000000000,2025-03-13 07:20:00.000,SocSon,"2",1432.8700000000,I
13805,23.4000000000,88.8000000000,1.0000000000,157.0000000000,2.2000000000,2025-03-13 07:19:00.000,SocSon,"2",1432.8700000000,I
13804,23.4000000000,88.9000000000,1.0000000000,135.0000000000,2.2000000000,2025-03-13 07:18:00.000,SocSon,"2",1432.8700000000,I
13803,23.3000000000,88.9000000000,1.0000000000,169.0000000000,2.2000000000,2025-03-13 07:17:00.000,SocSon,"2",1432.8700000000,I
13802,23.3000000000,89.0000000000,0.6000000000,176.0000000000,2.2000000000,2025-03-13 07:16:00.000,SocSon,"2",1432.8700000000,I
13801,23.3000000000,88.9000000000,0.9000000000,121.0000000000,2.2000000000,2025-03-13 07:15:00.000,SocSon,"2",1432.8700000000,I
13800,23.3000000000,88.9000000000,0.8000000000,162.0000000000,2.2000000000,2025-03-13 07:14:00.000,SocSon,"2",1432.8700000000,I
13799,23.2000000000,89.0000000000,0.8000000000,169.0000000000,2.2000000000,2025-03-13 07:13:00.000,SocSon,"2",1432.8700000000,I
13798,23.3000000000,88.9000000000,1.2000000000,144.0000000000,2.2000000000,2025-03-13 07:12:00.000,SocSon,"2",1432.8700000000,I
13797,23.3000000000,88.8000000000,1.2000000000,187.0000000000,2.2000000000,2025-03-13 07:11:00.000,SocSon,"2",1432.8700000000,I
13796,23.3000000000,88.8000000000,1.4000000000,198.0000000000,2.2000000000,2025-03-13 07:10:00.000,SocSon,"2",1432.8700000000,I
13795,23.3000000000,88.8000000000,2.1000000000,169.0000000000,2.2000000000,2025-03-13 07:09:00.000,SocSon,"2",1432.8700000000,I
13794,23.3000000000,88.9000000000,0.4000000000,178.0000000000,2.2000000000,2025-03-13 07:08:00.000,SocSon,"2",1432.8700000000,I
13793,23.3000000000,88.9000000000,1.4000000000,155.0000000000,2.2000000000,2025-03-13 07:07:00.000,SocSon,"2",1432.8700000000,I
13792,23.3000000000,88.9000000000,2.1000000000,121.0000000000,2.2000000000,2025-03-13 07:06:00.000,SocSon,"2",1432.8700000000,I
13791,23.3000000000,88.9000000000,0.8000000000,169.0000000000,2.2000000000,2025-03-13 07:05:00.000,SocSon,"2",1432.8700000000,I
13790,23.3000000000,88.8000000000,1.7000000000,165.0000000000,2.2000000000,2025-03-13 07:04:00.000,SocSon,"2",1432.8700000000,I
13789,23.3000000000,88.8000000000,1.4000000000,169.0000000000,2.2000000000,2025-03-13 07:03:00.000,SocSon,"2",1432.8700000000,I
13788,23.3000000000,88.8000000000,2.3000000000,128.0000000000,2.2000000000,2025-03-13 07:02:00.000,SocSon,"2",1432.8700000000,I
13787,23.2000000000,88.9000000000,1.9000000000,104.0000000000,2.2000000000,2025-03-13 07:01:00.000,SocSon,"2",1432.8700000000,I
13786,23.3000000000,88.9000000000,0.8000000000,121.0000000000,2.2000000000,2025-03-13 07:00:00.000,SocSon,"2",1432.8700000000,I
13785,23.2000000000,88.9000000000,1.7000000000,169.0000000000,2.2000000000,2025-03-13 06:59:00.000,SocSon,"2",1432.8700000000,I
13784,23.2000000000,88.8000000000,1.4000000000,138.0000000000,2.2000000000,2025-03-13 06:58:00.000,SocSon,"2",1432.8700000000,I
13783,23.3000000000,88.8000000000,2.7000000000,149.0000000000,2.2000000000,2025-03-13 06:57:00.000,SocSon,"2",1432.8700000000,I
13782,23.2000000000,88.8000000000,1.7000000000,143.0000000000,2.2000000000,2025-03-13 06:56:00.000,SocSon,"2",1432.8700000000,I
13781,23.3000000000,88.9000000000,2.7000000000,149.0000000000,2.2000000000,2025-03-13 06:55:00.000,SocSon,"2",1432.8700000000,I
13780,23.2000000000,88.8000000000,1.2000000000,118.0000000000,2.2000000000,2025-03-13 06:54:00.000,SocSon,"2",1432.8700000000,I
13779,23.3000000000,88.8000000000,2.1000000000,162.0000000000,2.2000000000,2025-03-13 06:53:00.000,SocSon,"2",1432.8700000000,I
13778,23.3000000000,88.7000000000,1.3000000000,176.0000000000,2.2000000000,2025-03-13 06:52:00.000,SocSon,"2",1432.8700000000,I
13777,23.3000000000,88.7000000000,1.0000000000,169.0000000000,2.2000000000,2025-03-13 06:51:00.000,SocSon,"2",1432.8700000000,I
13776,23.3000000000,88.7000000000,0.3000000000,170.0000000000,2.2000000000,2025-03-13 06:50:00.000,SocSon,"2",1432.8700000000,I
13775,23.3000000000,88.7000000000,0.8000000000,174.0000000000,2.2000000000,2025-03-13 06:49:00.000,SocSon,"2",1432.8700000000,I
13774,23.3000000000,88.6000000000,1.4000000000,155.0000000000,2.2000000000,2025-03-13 06:48:00.000,SocSon,"2",1432.8700000000,I
13773,23.3000000000,88.6000000000,1.4000000000,171.0000000000,2.2000000000,2025-03-13 06:47:00.000,SocSon,"2",1432.8700000000,I
13772,23.3000000000,88.6000000000,0.8000000000,119.0000000000,2.2000000000,2025-03-13 06:46:00.000,SocSon,"2",1432.8700000000,I
13771,23.3000000000,88.5000000000,1.0000000000,169.0000000000,2.2000000000,2025-03-13 06:45:00.000,SocSon,"2",1432.8700000000,I
13770,23.3000000000,88.5000000000,1.4000000000,169.0000000000,2.2000000000,2025-03-13 06:44:00.000,SocSon,"2",1432.8700000000,I
13769,23.3000000000,88.5000000000,0.8000000000,73.0000000000,2.2000000000,2025-03-13 06:43:00.000,SocSon,"2",1432.8700000000,I
13768,23.3000000000,88.6000000000,0.8000000000,169.0000000000,2.2000000000,2025-03-13 06:42:00.000,SocSon,"2",1432.8700000000,I
13767,23.4000000000,88.7000000000,0.4000000000,166.0000000000,2.2000000000,2025-03-13 06:41:00.000,SocSon,"2",1432.8700000000,I
13766,23.3000000000,88.6000000000,0.6000000000,122.0000000000,2.2000000000,2025-03-13 06:40:00.000,SocSon,"2",1432.8700000000,I
13765,23.3000000000,88.6000000000,1.9000000000,112.0000000000,2.2000000000,2025-03-13 06:39:00.000,SocSon,"2",1432.8700000000,I
13764,23.3000000000,88.6000000000,0.2000000000,169.0000000000,2.2000000000,2025-03-13 06:38:00.000,SocSon,"2",1432.8700000000,I
13763,23.3000000000,88.6000000000,0.4000000000,169.0000000000,2.2000000000,2025-03-13 06:37:00.000,SocSon,"2",1432.8700000000,I
13762,23.3000000000,88.6000000000,1.0000000000,169.0000000000,2.2000000000,2025-03-13 06:36:00.000,SocSon,"2",1432.8700000000,I
13761,23.4000000000,88.7000000000,0.3000000000,193.0000000000,2.2000000000,2025-03-13 06:35:00.000,SocSon,"2",1432.8700000000,I
13760,23.3000000000,88.8000000000,1.1000000000,112.0000000000,2.2000000000,2025-03-13 06:34:00.000,SocSon,"2",1432.8700000000,I
13759,23.3000000000,88.7000000000,1.0000000000,118.0000000000,2.2000000000,2025-03-13 06:33:00.000,SocSon,"2",1432.8700000000,I
13758,23.3000000000,88.6000000000,0.6000000000,297.0000000000,2.2000000000,2025-03-13 06:32:00.000,SocSon,"2",1432.8700000000,I
13757,23.3000000000,88.7000000000,0.0000000000,217.0000000000,2.2000000000,2025-03-13 06:31:00.000,SocSon,"2",1432.8700000000,I
13756,23.3000000000,88.8000000000,0.2000000000,145.0000000000,2.2000000000,2025-03-13 06:30:00.000,SocSon,"2",1432.8700000000,I
13755,23.2000000000,88.7000000000,0.6000000000,145.0000000000,2.2000000000,2025-03-13 06:29:00.000,SocSon,"2",1432.8700000000,I
13754,23.3000000000,88.7000000000,0.1000000000,163.0000000000,2.2000000000,2025-03-13 06:28:00.000,SocSon,"2",1432.8700000000,I
13753,23.2000000000,88.6000000000,0.2000000000,217.0000000000,2.2000000000,2025-03-13 06:27:00.000,SocSon,"2",1432.8700000000,I
13752,23.3000000000,88.6000000000,1.2000000000,169.0000000000,2.2000000000,2025-03-13 06:26:00.000,SocSon,"2",1432.8700000000,I
13751,23.3000000000,88.6000000000,1.3000000000,128.0000000000,2.2000000000,2025-03-13 06:25:00.000,SocSon,"2",1432.8700000000,I
13750,23.3000000000,88.7000000000,0.0000000000,216.0000000000,2.2000000000,2025-03-13 06:24:00.000,SocSon,"2",1432.8700000000,I
13749,23.3000000000,88.7000000000,0.0000000000,241.0000000000,2.2000000000,2025-03-13 06:23:00.000,SocSon,"2",1432.8700000000,I
13748,23.3000000000,88.8000000000,0.0000000000,169.0000000000,2.2000000000,2025-03-13 06:22:00.000,SocSon,"2",1432.8700000000,I
13747,23.3000000000,88.8000000000,0.5000000000,169.0000000000,2.2000000000,2025-03-13 06:21:00.000,SocSon,"2",1432.8700000000,I
13746,23.3000000000,89.0000000000,0.0000000000,145.0000000000,2.2000000000,2025-03-13 06:20:00.000,SocSon,"2",1432.8700000000,I
13745,23.2000000000,89.0000000000,0.0000000000,145.0000000000,2.2000000000,2025-03-13 06:19:00.000,SocSon,"2",1432.8700000000,I
13744,23.2000000000,89.0000000000,0.4000000000,145.0000000000,2.2000000000,2025-03-13 06:18:00.000,SocSon,"2",1432.8700000000,I
13743,23.2000000000,88.9000000000,1.6000000000,145.0000000000,2.2000000000,2025-03-13 06:17:00.000,SocSon,"2",1432.8700000000,I
13742,23.2000000000,89.0000000000,1.0000000000,121.0000000000,2.2000000000,2025-03-13 06:16:00.000,SocSon,"2",1432.8700000000,I
13741,23.2000000000,89.0000000000,0.8000000000,217.0000000000,2.2000000000,2025-03-13 06:15:00.000,SocSon,"2",1432.8700000000,I
13740,23.2000000000,89.0000000000,1.6000000000,169.0000000000,2.2000000000,2025-03-13 06:14:00.000,SocSon,"2",1432.8700000000,I
13739,23.2000000000,89.0000000000,1.4000000000,126.0000000000,2.2000000000,2025-03-13 06:13:00.000,SocSon,"2",1432.8700000000,I
13738,23.2000000000,89.1000000000,0.2000000000,121.0000000000,2.2000000000,2025-03-13 06:12:00.000,SocSon,"2",1432.8700000000,I
13737,23.2000000000,89.0000000000,0.6000000000,169.0000000000,2.2000000000,2025-03-13 06:11:00.000,SocSon,"2",1432.8700000000,I
13736,23.2000000000,89.1000000000,0.8000000000,131.0000000000,2.2000000000,2025-03-13 06:10:00.000,SocSon,"2",1432.8700000000,I
13735,23.1000000000,89.1000000000,1.0000000000,169.0000000000,2.2000000000,2025-03-13 06:09:00.000,SocSon,"2",1432.8700000000,I
13734,23.1000000000,89.1000000000,1.4000000000,155.0000000000,2.2000000000,2025-03-13 06:08:00.000,SocSon,"2",1432.8700000000,I
13733,23.1000000000,89.1000000000,1.9000000000,169.0000000000,2.2000000000,2025-03-13 06:07:00.000,SocSon,"2",1432.8700000000,I
13732,23.1000000000,89.1000000000,3.1000000000,121.0000000000,2.2000000000,2025-03-13 06:06:00.000,SocSon,"2",1432.8700000000,I
13731,23.1000000000,89.2000000000,1.6000000000,168.0000000000,2.2000000000,2025-03-13 06:05:00.000,SocSon,"2",1432.8700000000,I
13730,23.1000000000,89.2000000000,0.7000000000,174.0000000000,2.2000000000,2025-03-13 06:04:00.000,SocSon,"2",1432.8700000000,I
13729,23.1000000000,89.2000000000,1.3000000000,193.0000000000,2.2000000000,2025-03-13 06:03:00.000,SocSon,"2",1432.8700000000,I
13728,23.1000000000,89.2000000000,1.9000000000,145.0000000000,2.2000000000,2025-03-13 06:02:00.000,SocSon,"2",1432.8700000000,I
13727,23.1000000000,89.1000000000,3.3000000000,142.0000000000,2.2000000000,2025-03-13 06:01:00.000,SocSon,"2",1432.8700000000,I
13726,23.2000000000,89.1000000000,1.0000000000,217.0000000000,2.2000000000,2025-03-13 06:00:00.000,SocSon,"2",1432.8700000000,I
13725,23.1000000000,89.0000000000,1.8000000000,121.0000000000,2.2000000000,2025-03-13 05:59:00.000,SocSon,"2",1432.8700000000,I
13724,23.2000000000,89.0000000000,1.6000000000,149.0000000000,2.2000000000,2025-03-13 05:58:00.000,SocSon,"2",1432.8700000000,I
13723,23.1000000000,89.0000000000,2.9000000000,164.0000000000,2.2000000000,2025-03-13 05:57:00.000,SocSon,"2",1432.8700000000,I
13722,23.2000000000,89.0000000000,1.2000000000,166.0000000000,2.2000000000,2025-03-13 05:56:00.000,SocSon,"2",1432.8700000000,I
13721,23.2000000000,89.0000000000,1.2000000000,126.0000000000,2.2000000000,2025-03-13 05:55:00.000,SocSon,"2",1432.8700000000,I
13720,23.2000000000,89.0000000000,1.7000000000,172.0000000000,2.2000000000,2025-03-13 05:54:00.000,SocSon,"2",1432.8700000000,I
13719,23.2000000000,89.0000000000,1.7000000000,176.0000000000,2.2000000000,2025-03-13 05:53:00.000,SocSon,"2",1432.8700000000,I
13718,23.2000000000,89.0000000000,1.7000000000,150.0000000000,2.2000000000,2025-03-13 05:52:00.000,SocSon,"2",1432.8700000000,I
13717,23.2000000000,88.9000000000,0.9000000000,121.0000000000,2.2000000000,2025-03-13 05:51:00.000,SocSon,"2",1432.8700000000,I
13716,23.2000000000,88.9000000000,1.6000000000,121.0000000000,2.2000000000,2025-03-13 05:50:00.000,SocSon,"2",1432.8700000000,I
13715,23.2000000000,88.9000000000,1.7000000000,145.0000000000,2.2000000000,2025-03-13 05:49:00.000,SocSon,"2",1432.8700000000,I
13714,23.2000000000,88.9000000000,0.4000000000,205.0000000000,2.2000000000,2025-03-13 05:48:00.000,SocSon,"2",1432.8700000000,I
13713,23.2000000000,89.0000000000,0.6000000000,169.0000000000,2.2000000000,2025-03-13 05:47:00.000,SocSon,"2",1432.8700000000,I
13712,23.2000000000,89.0000000000,0.6000000000,177.0000000000,2.2000000000,2025-03-13 05:46:00.000,SocSon,"2",1432.8700000000,I
13711,23.2000000000,89.1000000000,1.7000000000,122.0000000000,2.2000000000,2025-03-13 05:45:00.000,SocSon,"2",1432.8700000000,I
13710,23.2000000000,89.0000000000,1.2000000000,130.0000000000,2.2000000000,2025-03-13 05:44:00.000,SocSon,"2",1432.8700000000,I
13709,23.2000000000,89.1000000000,0.4000000000,121.0000000000,2.2000000000,2025-03-13 05:43:00.000,SocSon,"2",1432.8700000000,I
13708,23.2000000000,89.0000000000,2.2000000000,145.0000000000,2.2000000000,2025-03-13 05:42:00.000,SocSon,"2",1432.8700000000,I
13707,23.2000000000,89.1000000000,1.2000000000,137.0000000000,2.2000000000,2025-03-13 05:41:00.000,SocSon,"2",1432.8700000000,I
13706,23.1000000000,89.1000000000,0.4000000000,121.0000000000,2.2000000000,2025-03-13 05:40:00.000,SocSon,"2",1432.8700000000,I
13705,23.2000000000,89.1000000000,1.7000000000,169.0000000000,2.2000000000,2025-03-13 05:39:00.000,SocSon,"2",1432.8700000000,I
13704,23.2000000000,89.1000000000,1.6000000000,165.0000000000,2.2000000000,2025-03-13 05:38:00.000,SocSon,"2",1432.8700000000,I
13703,23.2000000000,89.1000000000,1.0000000000,143.0000000000,2.2000000000,2025-03-13 05:37:00.000,SocSon,"2",1432.8700000000,I
13702,23.2000000000,89.1000000000,1.0000000000,186.0000000000,2.2000000000,2025-03-13 05:36:00.000,SocSon,"2",1432.8700000000,I
13701,23.2000000000,89.0000000000,2.0000000000,121.0000000000,2.2000000000,2025-03-13 05:35:00.000,SocSon,"2",1432.8700000000,I
13700,23.2000000000,88.9000000000,1.5000000000,169.0000000000,2.2000000000,2025-03-13 05:34:00.000,SocSon,"2",1432.8700000000,I
13699,23.2000000000,88.9000000000,0.6000000000,169.0000000000,2.2000000000,2025-03-13 05:33:00.000,SocSon,"2",1432.8700000000,I
13698,23.2000000000,89.1000000000,0.6000000000,169.0000000000,2.2000000000,2025-03-13 05:32:00.000,SocSon,"2",1432.8700000000,I
13697,23.2000000000,89.1000000000,0.2000000000,217.0000000000,2.2000000000,2025-03-13 05:31:00.000,SocSon,"2",1432.8700000000,I
13696,23.1000000000,89.1000000000,0.2000000000,217.0000000000,2.2000000000,2025-03-13 05:30:00.000,SocSon,"2",1432.8700000000,I
13695,23.1000000000,89.1000000000,0.6000000000,169.0000000000,2.2000000000,2025-03-13 05:29:00.000,SocSon,"2",1432.8700000000,I
13694,23.1000000000,89.1000000000,0.4000000000,145.0000000000,2.2000000000,2025-03-13 05:28:00.000,SocSon,"2",1432.8700000000,I
13693,23.1000000000,89.0000000000,0.8000000000,192.0000000000,2.2000000000,2025-03-13 05:27:00.000,SocSon,"2",1432.8700000000,I
13692,23.1000000000,89.0000000000,0.8000000000,207.0000000000,2.2000000000,2025-03-13 05:26:00.000,SocSon,"2",1432.8700000000,I
13691,23.2000000000,89.0000000000,0.6000000000,193.0000000000,2.2000000000,2025-03-13 05:25:00.000,SocSon,"2",1432.8700000000,I
13690,23.1000000000,89.0000000000,0.6000000000,178.0000000000,2.2000000000,2025-03-13 05:24:00.000,SocSon,"2",1432.8700000000,I
13689,23.1000000000,89.0000000000,0.8000000000,193.0000000000,2.2000000000,2025-03-13 05:23:00.000,SocSon,"2",1432.8700000000,I
13688,23.1000000000,89.1000000000,0.6000000000,169.0000000000,2.2000000000,2025-03-13 05:22:00.000,SocSon,"2",1432.8700000000,I
13687,23.1000000000,89.2000000000,0.4000000000,193.0000000000,2.2000000000,2025-03-13 05:21:00.000,SocSon,"2",1432.8700000000,I
13686,23.1000000000,89.2000000000,0.0000000000,217.0000000000,2.2000000000,2025-03-13 05:20:00.000,SocSon,"2",1432.8700000000,I
13685,23.1000000000,89.3000000000,0.4000000000,169.0000000000,2.2000000000,2025-03-13 05:19:00.000,SocSon,"2",1432.8700000000,I
13684,23.1000000000,89.2000000000,0.4000000000,169.0000000000,2.2000000000,2025-03-13 05:18:00.000,SocSon,"2",1432.8700000000,I
13683,23.1000000000,89.2000000000,0.8000000000,169.0000000000,2.2000000000,2025-03-13 05:17:00.000,SocSon,"2",1432.8700000000,I
13682,23.0000000000,89.2000000000,0.6000000000,217.0000000000,2.2000000000,2025-03-13 05:16:00.000,SocSon,"2",1432.8700000000,I
13681,23.0000000000,89.2000000000,0.4000000000,169.0000000000,2.2000000000,2025-03-13 05:15:00.000,SocSon,"2",1432.8700000000,I
13680,23.0000000000,89.2000000000,0.6000000000,169.0000000000,2.2000000000,2025-03-13 05:14:00.000,SocSon,"2",1432.8700000000,I
13679,23.0000000000,89.2000000000,0.6000000000,217.0000000000,2.2000000000,2025-03-13 05:13:00.000,SocSon,"2",1432.8700000000,I
13678,23.0000000000,89.1000000000,0.8000000000,217.0000000000,2.0000000000,2025-03-13 05:12:00.000,SocSon,"2",1432.8700000000,I
13677,23.1000000000,89.1000000000,0.8000000000,217.0000000000,2.0000000000,2025-03-13 05:11:00.000,SocSon,"2",1432.8700000000,I
13676,23.1000000000,89.1000000000,0.6000000000,217.0000000000,2.0000000000,2025-03-13 05:10:00.000,SocSon,"2",1432.8700000000,I
13675,23.0000000000,89.1000000000,0.4000000000,217.0000000000,2.0000000000,2025-03-13 05:09:00.000,SocSon,"2",1432.8700000000,I
13674,23.1000000000,89.1000000000,0.2000000000,217.0000000000,2.0000000000,2025-03-13 05:08:00.000,SocSon,"2",1432.8700000000,I
13673,23.0000000000,89.1000000000,0.4000000000,169.0000000000,2.0000000000,2025-03-13 05:07:00.000,SocSon,"2",1432.8700000000,I
13672,23.0000000000,89.1000000000,0.4000000000,217.0000000000,2.0000000000,2025-03-13 05:06:00.000,SocSon,"2",1432.8700000000,I
13671,23.0000000000,89.1000000000,0.4000000000,169.0000000000,2.0000000000,2025-03-13 05:05:00.000,SocSon,"2",1432.8700000000,I
13670,23.1000000000,89.1000000000,0.8000000000,169.0000000000,2.0000000000,2025-03-13 05:04:00.000,SocSon,"2",1432.8700000000,I
13669,23.1000000000,89.1000000000,1.2000000000,123.0000000000,2.0000000000,2025-03-13 05:03:00.000,SocSon,"2",1432.8700000000,I
13668,23.0000000000,89.1000000000,0.6000000000,169.0000000000,2.0000000000,2025-03-13 05:02:00.000,SocSon,"2",1432.8700000000,I
13667,23.1000000000,89.1000000000,0.5000000000,166.0000000000,2.0000000000,2025-03-13 05:01:00.000,SocSon,"2",1432.8700000000,I
13666,23.0000000000,89.1000000000,0.4000000000,193.0000000000,2.0000000000,2025-03-13 05:00:00.000,SocSon,"2",1432.8700000000,I
13665,23.0000000000,89.1000000000,0.4000000000,169.0000000000,2.0000000000,2025-03-13 04:59:00.000,SocSon,"2",1432.8700000000,I
13664,23.0000000000,89.1000000000,0.6000000000,193.0000000000,2.0000000000,2025-03-13 04:58:00.000,SocSon,"2",1432.8700000000,I
13663,23.0000000000,89.2000000000,0.6000000000,193.0000000000,2.0000000000,2025-03-13 04:57:00.000,SocSon,"2",1432.8700000000,I
13662,23.0000000000,89.1000000000,0.2000000000,217.0000000000,2.0000000000,2025-03-13 04:56:00.000,SocSon,"2",1432.8700000000,I
13661,23.0000000000,89.0000000000,0.6000000000,193.0000000000,2.0000000000,2025-03-13 04:55:00.000,SocSon,"2",1432.8700000000,I
13660,23.0000000000,89.0000000000,0.6000000000,217.0000000000,2.0000000000,2025-03-13 04:54:00.000,SocSon,"2",1432.8700000000,I
13659,23.1000000000,89.0000000000,1.2000000000,169.0000000000,2.0000000000,2025-03-13 04:53:00.000,SocSon,"2",1432.8700000000,I
13658,23.0000000000,89.1000000000,0.6000000000,217.0000000000,2.0000000000,2025-03-13 04:52:00.000,SocSon,"2",1432.8700000000,I
13657,23.0000000000,89.1000000000,0.6000000000,169.0000000000,2.0000000000,2025-03-13 04:51:00.000,SocSon,"2",1432.8700000000,I
13656,23.0000000000,89.0000000000,0.5000000000,169.0000000000,2.0000000000,2025-03-13 04:50:00.000,SocSon,"2",1432.8700000000,I
13655,23.0000000000,89.0000000000,0.4000000000,193.0000000000,2.0000000000,2025-03-13 04:49:00.000,SocSon,"2",1432.8700000000,I
13654,23.0000000000,88.9000000000,0.2000000000,193.0000000000,2.0000000000,2025-03-13 04:48:00.000,SocSon,"2",1432.8700000000,I
13653,23.1000000000,88.9000000000,1.0000000000,217.0000000000,2.0000000000,2025-03-13 04:47:00.000,SocSon,"2",1432.8700000000,I
13652,23.1000000000,88.9000000000,0.8000000000,171.0000000000,2.0000000000,2025-03-13 04:46:00.000,SocSon,"2",1432.8700000000,I
13651,23.1000000000,88.8000000000,0.6000000000,169.0000000000,2.0000000000,2025-03-13 04:45:00.000,SocSon,"2",1432.8700000000,I
13650,23.1000000000,88.9000000000,0.6000000000,193.0000000000,2.0000000000,2025-03-13 04:44:00.000,SocSon,"2",1432.8700000000,I
13649,23.1000000000,89.0000000000,0.0000000000,193.0000000000,2.0000000000,2025-03-13 04:43:00.000,SocSon,"2",1432.8700000000,I
13648,23.1000000000,89.0000000000,0.8000000000,124.0000000000,2.0000000000,2025-03-13 04:42:00.000,SocSon,"2",1432.8700000000,I
13647,23.1000000000,89.0000000000,0.0000000000,156.0000000000,2.0000000000,2025-03-13 04:41:00.000,SocSon,"2",1432.8700000000,I
13646,23.1000000000,89.1000000000,0.0000000000,169.0000000000,2.0000000000,2025-03-13 04:40:00.000,SocSon,"2",1432.8700000000,I
13645,23.0000000000,89.0000000000,0.0000000000,169.0000000000,2.0000000000,2025-03-13 04:39:00.000,SocSon,"2",1432.8700000000,I
13644,23.0000000000,89.0000000000,0.0000000000,169.0000000000,2.0000000000,2025-03-13 04:38:00.000,SocSon,"2",1432.8700000000,I
13643,23.1000000000,89.1000000000,0.0000000000,217.0000000000,2.0000000000,2025-03-13 04:37:00.000,SocSon,"2",1432.8700000000,I
13642,23.0000000000,89.2000000000,0.0000000000,217.0000000000,2.0000000000,2025-03-13 04:36:00.000,SocSon,"2",1432.8700000000,I
13641,23.0000000000,89.2000000000,0.0000000000,217.0000000000,2.0000000000,2025-03-13 04:35:00.000,SocSon,"2",1432.8700000000,I
13640,23.0000000000,89.2000000000,0.2000000000,219.0000000000,2.0000000000,2025-03-13 04:34:00.000,SocSon,"2",1432.8700000000,I
13639,23.0000000000,89.2000000000,0.4000000000,241.0000000000,2.0000000000,2025-03-13 04:33:00.000,SocSon,"2",1432.8700000000,I
13638,23.0000000000,89.3000000000,0.6000000000,217.0000000000,2.0000000000,2025-03-13 04:32:00.000,SocSon,"2",1432.8700000000,I
13637,23.0000000000,89.3000000000,0.4000000000,241.0000000000,2.0000000000,2025-03-13 04:31:00.000,SocSon,"2",1432.8700000000,I
13636,23.0000000000,89.3000000000,0.4000000000,217.0000000000,2.0000000000,2025-03-13 04:30:00.000,SocSon,"2",1432.8700000000,I
13635,23.0000000000,89.2000000000,0.7000000000,217.0000000000,2.0000000000,2025-03-13 04:29:00.000,SocSon,"2",1432.8700000000,I
13634,23.0000000000,89.2000000000,0.0000000000,217.0000000000,2.0000000000,2025-03-13 04:28:00.000,SocSon,"2",1432.8700000000,I
13633,23.0000000000,89.2000000000,0.2000000000,217.0000000000,2.0000000000,2025-03-13 04:27:00.000,SocSon,"2",1432.8700000000,I
13632,23.0000000000,89.2000000000,0.8000000000,212.0000000000,2.0000000000,2025-03-13 04:26:00.000,SocSon,"2",1432.8700000000,I
13631,23.0000000000,89.2000000000,0.6000000000,193.0000000000,2.0000000000,2025-03-13 04:25:00.000,SocSon,"2",1432.8700000000,I
13630,23.0000000000,89.1000000000,0.4000000000,236.0000000000,2.0000000000,2025-03-13 04:24:00.000,SocSon,"2",1432.8700000000,I
13629,23.0000000000,89.1000000000,0.6000000000,193.0000000000,2.0000000000,2025-03-13 04:23:00.000,SocSon,"2",1432.8700000000,I
13628,23.0000000000,89.2000000000,0.4000000000,194.0000000000,2.0000000000,2025-03-13 04:22:00.000,SocSon,"2",1432.8700000000,I
13627,23.0000000000,89.1000000000,0.2000000000,217.0000000000,2.0000000000,2025-03-13 04:21:00.000,SocSon,"2",1432.8700000000,I
13626,23.0000000000,89.1000000000,0.3000000000,213.0000000000,2.0000000000,2025-03-13 04:20:00.000,SocSon,"2",1432.8700000000,I
13625,23.0000000000,89.2000000000,0.6000000000,193.0000000000,2.0000000000,2025-03-13 04:19:00.000,SocSon,"2",1432.8700000000,I
13624,23.0000000000,89.2000000000,0.4000000000,193.0000000000,2.0000000000,2025-03-13 04:18:00.000,SocSon,"2",1432.8700000000,I
13623,23.0000000000,89.2000000000,0.0000000000,169.0000000000,2.0000000000,2025-03-13 04:17:00.000,SocSon,"2",1432.8700000000,I
13622,23.0000000000,89.2000000000,0.8000000000,193.0000000000,2.0000000000,2025-03-13 04:16:00.000,SocSon,"2",1432.8700000000,I
13621,23.0000000000,89.1000000000,0.4000000000,210.0000000000,2.0000000000,2025-03-13 04:15:00.000,SocSon,"2",1432.8700000000,I
13620,23.0000000000,89.2000000000,0.8000000000,169.0000000000,2.0000000000,2025-03-13 04:14:00.000,SocSon,"2",1432.8700000000,I
13619,22.9000000000,89.1000000000,0.8000000000,155.0000000000,2.0000000000,2025-03-13 04:13:00.000,SocSon,"2",1432.8700000000,I
13618,23.0000000000,89.1000000000,0.6000000000,180.0000000000,2.0000000000,2025-03-13 04:12:00.000,SocSon,"2",1432.8700000000,I
13617,23.0000000000,89.1000000000,1.4000000000,147.0000000000,2.0000000000,2025-03-13 04:11:00.000,SocSon,"2",1432.8700000000,I
13616,23.0000000000,89.2000000000,0.6000000000,169.0000000000,2.0000000000,2025-03-13 04:10:00.000,SocSon,"2",1432.8700000000,I
13615,23.0000000000,89.3000000000,0.6000000000,121.0000000000,2.0000000000,2025-03-13 04:09:00.000,SocSon,"2",1432.8700000000,I
13614,22.9000000000,89.3000000000,0.4000000000,121.0000000000,2.0000000000,2025-03-13 04:08:00.000,SocSon,"2",1432.8700000000,I
13613,23.0000000000,89.2000000000,0.8000000000,169.0000000000,2.0000000000,2025-03-13 04:07:00.000,SocSon,"2",1432.8700000000,I
13612,23.0000000000,89.2000000000,1.2000000000,169.0000000000,2.0000000000,2025-03-13 04:06:00.000,SocSon,"2",1432.8700000000,I
13611,22.9000000000,89.2000000000,0.7000000000,169.0000000000,2.0000000000,2025-03-13 04:05:00.000,SocSon,"2",1432.8700000000,I
13610,22.9000000000,89.2000000000,0.9000000000,169.0000000000,2.0000000000,2025-03-13 04:04:00.000,SocSon,"2",1432.8700000000,I
13609,22.9000000000,89.2000000000,0.8000000000,169.0000000000,2.0000000000,2025-03-13 04:03:00.000,SocSon,"2",1432.8700000000,I
13608,22.9000000000,89.2000000000,0.6000000000,169.0000000000,2.0000000000,2025-03-13 04:02:00.000,SocSon,"2",1432.8700000000,I
13607,22.9000000000,89.3000000000,0.8000000000,169.0000000000,2.0000000000,2025-03-13 04:00:00.000,SocSon,"2",1432.8700000000,I
13606,22.9000000000,89.2000000000,0.8000000000,145.0000000000,2.0000000000,2025-03-13 03:59:00.000,SocSon,"2",1432.8700000000,I
13605,22.9000000000,89.1000000000,1.2000000000,193.0000000000,2.0000000000,2025-03-13 03:58:00.000,SocSon,"2",1432.8700000000,I
13604,22.9000000000,89.1000000000,0.6000000000,193.0000000000,2.0000000000,2025-03-13 03:57:00.000,SocSon,"2",1432.8700000000,I
13603,22.9000000000,89.2000000000,0.6000000000,194.0000000000,2.0000000000,2025-03-13 03:56:00.000,SocSon,"2",1432.8700000000,I
13602,22.9000000000,89.1000000000,0.2000000000,217.0000000000,2.0000000000,2025-03-13 03:55:00.000,SocSon,"2",1432.8700000000,I
13601,22.9000000000,89.2000000000,0.6000000000,216.0000000000,2.0000000000,2025-03-13 03:54:00.000,SocSon,"2",1432.8700000000,I
13600,22.9000000000,89.1000000000,0.8000000000,216.0000000000,2.0000000000,2025-03-13 03:53:00.000,SocSon,"2",1432.8700000000,I
13599,22.9000000000,89.2000000000,0.8000000000,169.0000000000,2.0000000000,2025-03-13 03:52:00.000,SocSon,"2",1432.8700000000,I
13598,22.9000000000,89.2000000000,0.4000000000,169.0000000000,2.0000000000,2025-03-13 03:51:00.000,SocSon,"2",1432.8700000000,I
13597,22.9000000000,89.2000000000,0.8000000000,169.0000000000,2.0000000000,2025-03-13 03:50:00.000,SocSon,"2",1432.8700000000,I
13596,22.9000000000,89.1000000000,0.8000000000,169.0000000000,2.0000000000,2025-03-13 03:49:00.000,SocSon,"2",1432.8700000000,I
13595,22.9000000000,89.1000000000,0.8000000000,193.0000000000,2.0000000000,2025-03-13 03:48:00.000,SocSon,"2",1432.8700000000,I
13594,22.9000000000,89.1000000000,1.2000000000,169.0000000000,2.0000000000,2025-03-13 03:47:00.000,SocSon,"2",1432.8700000000,I
13593,23.0000000000,89.1000000000,1.6000000000,169.0000000000,2.0000000000,2025-03-13 03:46:00.000,SocSon,"2",1432.8700000000,I
13592,22.9000000000,89.1000000000,1.4000000000,166.0000000000,2.0000000000,2025-03-13 03:45:00.000,SocSon,"2",1432.8700000000,I
13591,22.9000000000,89.1000000000,0.8000000000,193.0000000000,2.0000000000,2025-03-13 03:44:00.000,SocSon,"2",1432.8700000000,I
13590,22.9000000000,89.1000000000,1.0000000000,145.0000000000,2.0000000000,2025-03-13 03:43:00.000,SocSon,"2",1432.8700000000,I
13589,22.9000000000,89.1000000000,0.8000000000,169.0000000000,2.0000000000,2025-03-13 03:42:00.000,SocSon,"2",1432.8700000000,I
13588,22.9000000000,89.1000000000,0.6000000000,193.0000000000,2.0000000000,2025-03-13 03:41:00.000,SocSon,"2",1432.8700000000,I
13587,22.9000000000,89.0000000000,1.2000000000,181.0000000000,2.0000000000,2025-03-13 03:40:00.000,SocSon,"2",1432.8700000000,I
13586,22.9000000000,89.0000000000,1.9000000000,157.0000000000,2.0000000000,2025-03-13 03:39:00.000,SocSon,"2",1432.8700000000,I
13585,23.0000000000,88.9000000000,1.2000000000,196.0000000000,2.0000000000,2025-03-13 03:38:00.000,SocSon,"2",1432.8700000000,I
13584,23.0000000000,88.9000000000,1.9000000000,145.0000000000,2.0000000000,2025-03-13 03:37:00.000,SocSon,"2",1432.8700000000,I
13583,23.0000000000,88.8000000000,1.4000000000,121.0000000000,2.0000000000,2025-03-13 03:36:00.000,SocSon,"2",1432.8700000000,I
13582,23.0000000000,88.9000000000,1.4000000000,169.0000000000,2.0000000000,2025-03-13 03:35:00.000,SocSon,"2",1432.8700000000,I
13581,23.0000000000,88.9000000000,1.0000000000,145.0000000000,2.0000000000,2025-03-13 03:34:00.000,SocSon,"2",1432.8700000000,I
13580,23.0000000000,88.9000000000,1.2000000000,169.0000000000,2.0000000000,2025-03-13 03:33:00.000,SocSon,"2",1432.8700000000,I
13579,23.0000000000,88.9000000000,0.4000000000,121.0000000000,2.0000000000,2025-03-13 03:32:00.000,SocSon,"2",1432.8700000000,I
13578,23.0000000000,88.9000000000,0.8000000000,169.0000000000,2.0000000000,2025-03-13 03:31:00.000,SocSon,"2",1432.8700000000,I
13577,23.0000000000,88.8000000000,1.6000000000,121.0000000000,2.0000000000,2025-03-13 03:30:00.000,SocSon,"2",1432.8700000000,I
13576,23.0000000000,88.9000000000,1.0000000000,169.0000000000,2.0000000000,2025-03-13 03:29:00.000,SocSon,"2",1432.8700000000,I
13575,23.0000000000,88.7000000000,1.3000000000,113.0000000000,2.0000000000,2025-03-13 03:28:00.000,SocSon,"2",1432.8700000000,I
13574,23.0000000000,88.7000000000,0.8000000000,174.0000000000,2.0000000000,2025-03-13 03:27:00.000,SocSon,"2",1432.8700000000,I
13573,23.1000000000,88.7000000000,1.0000000000,147.0000000000,2.0000000000,2025-03-13 03:26:00.000,SocSon,"2",1432.8700000000,I
13572,23.1000000000,88.7000000000,1.4000000000,147.0000000000,2.0000000000,2025-03-13 03:25:00.000,SocSon,"2",1432.8700000000,I
13571,23.1000000000,88.7000000000,0.4000000000,198.0000000000,2.0000000000,2025-03-13 03:24:00.000,SocSon,"2",1432.8700000000,I
13570,23.1000000000,88.7000000000,0.2000000000,145.0000000000,2.0000000000,2025-03-13 03:23:00.000,SocSon,"2",1432.8700000000,I
13569,23.1000000000,88.8000000000,0.0000000000,175.0000000000,2.0000000000,2025-03-13 03:22:00.000,SocSon,"2",1432.8700000000,I
13568,23.0000000000,88.7000000000,0.4000000000,121.0000000000,2.0000000000,2025-03-13 03:21:00.000,SocSon,"2",1432.8700000000,I
13567,23.1000000000,88.7000000000,0.8000000000,169.0000000000,2.0000000000,2025-03-13 03:20:00.000,SocSon,"2",1432.8700000000,I
13566,23.1000000000,88.8000000000,0.4000000000,170.0000000000,2.0000000000,2025-03-13 03:19:00.000,SocSon,"2",1432.8700000000,I
13565,23.1000000000,88.8000000000,0.5000000000,121.0000000000,2.0000000000,2025-03-13 03:18:00.000,SocSon,"2",1432.8700000000,I
13564,23.1000000000,88.8000000000,1.0000000000,121.0000000000,2.0000000000,2025-03-13 03:17:00.000,SocSon,"2",1432.8700000000,I
13563,23.0000000000,88.8000000000,1.0000000000,137.0000000000,2.0000000000,2025-03-13 03:16:00.000,SocSon,"2",1432.8700000000,I
13562,23.0000000000,88.7000000000,0.4000000000,121.0000000000,2.0000000000,2025-03-13 03:15:00.000,SocSon,"2",1432.8700000000,I
13561,23.1000000000,88.7000000000,1.4000000000,122.0000000000,2.0000000000,2025-03-13 03:14:00.000,SocSon,"2",1432.8700000000,I
13560,23.1000000000,88.7000000000,1.9000000000,133.0000000000,2.0000000000,2025-03-13 03:13:00.000,SocSon,"2",1432.8700000000,I
13559,23.1000000000,88.7000000000,0.4000000000,169.0000000000,2.0000000000,2025-03-13 03:12:00.000,SocSon,"2",1432.8700000000,I
13558,23.1000000000,88.7000000000,0.2000000000,169.0000000000,2.0000000000,2025-03-13 03:11:00.000,SocSon,"2",1432.8700000000,I
13557,23.1000000000,88.6000000000,0.8000000000,121.0000000000,2.0000000000,2025-03-13 03:10:00.000,SocSon,"2",1432.8700000000,I
13556,23.1000000000,88.6000000000,0.6000000000,121.0000000000,2.0000000000,2025-03-13 03:09:00.000,SocSon,"2",1432.8700000000,I
13555,23.1000000000,88.8000000000,0.0000000000,141.0000000000,2.0000000000,2025-03-13 03:08:00.000,SocSon,"2",1432.8700000000,I
13554,23.1000000000,88.9000000000,0.0000000000,169.0000000000,2.0000000000,2025-03-13 03:07:00.000,SocSon,"2",1432.8700000000,I
13553,23.1000000000,88.9000000000,0.0000000000,169.0000000000,2.0000000000,2025-03-13 03:06:00.000,SocSon,"2",1432.8700000000,I
13552,23.1000000000,89.0000000000,0.2000000000,169.0000000000,2.0000000000,2025-03-13 03:05:00.000,SocSon,"2",1432.8700000000,I
13551,23.0000000000,89.0000000000,0.8000000000,121.0000000000,2.0000000000,2025-03-13 03:04:00.000,SocSon,"2",1432.8700000000,I
13550,23.0000000000,89.1000000000,0.0000000000,217.0000000000,2.0000000000,2025-03-13 03:03:00.000,SocSon,"2",1432.8700000000,I
13549,23.0000000000,89.1000000000,0.0000000000,217.0000000000,2.0000000000,2025-03-13 03:02:00.000,SocSon,"2",1432.8700000000,I
13548,23.0000000000,89.0000000000,0.2000000000,193.0000000000,2.0000000000,2025-03-13 03:01:00.000,SocSon,"2",1432.8700000000,I
13547,23.0000000000,89.1000000000,0.4000000000,169.0000000000,2.0000000000,2025-03-13 03:00:00.000,SocSon,"2",1432.8700000000,I
13546,23.0000000000,89.0000000000,0.4000000000,178.0000000000,2.0000000000,2025-03-13 02:59:00.000,SocSon,"2",1432.8700000000,I
13545,22.9000000000,89.0000000000,0.5000000000,241.0000000000,2.0000000000,2025-03-13 02:58:00.000,SocSon,"2",1432.8700000000,I
13544,23.0000000000,89.1000000000,0.6000000000,169.0000000000,2.0000000000,2025-03-13 02:57:00.000,SocSon,"2",1432.8700000000,I
13543,23.0000000000,89.2000000000,0.2000000000,193.0000000000,2.0000000000,2025-03-13 02:56:00.000,SocSon,"2",1432.8700000000,I
13542,22.9000000000,89.1000000000,0.0000000000,193.0000000000,2.0000000000,2025-03-13 02:55:00.000,SocSon,"2",1432.8700000000,I
13541,23.0000000000,89.0000000000,1.0000000000,169.0000000000,2.0000000000,2025-03-13 02:54:00.000,SocSon,"2",1432.8700000000,I
13540,23.0000000000,89.1000000000,1.2000000000,169.0000000000,2.0000000000,2025-03-13 02:53:00.000,SocSon,"2",1432.8700000000,I
13539,23.0000000000,89.0000000000,1.0000000000,137.0000000000,2.0000000000,2025-03-13 02:52:00.000,SocSon,"2",1432.8700000000,I
13538,23.0000000000,89.1000000000,1.2000000000,132.0000000000,1.8000000000,2025-03-13 02:51:00.000,SocSon,"2",1432.8700000000,I
13537,23.0000000000,89.0000000000,0.6000000000,169.0000000000,1.8000000000,2025-03-13 02:50:00.000,SocSon,"2",1432.8700000000,I
13536,23.0000000000,89.0000000000,0.8000000000,169.0000000000,1.8000000000,2025-03-13 02:49:00.000,SocSon,"2",1432.8700000000,I
13535,23.0000000000,89.0000000000,1.2000000000,169.0000000000,1.8000000000,2025-03-13 02:48:00.000,SocSon,"2",1432.8700000000,I
13534,23.0000000000,88.9000000000,2.1000000000,109.0000000000,1.8000000000,2025-03-13 02:47:00.000,SocSon,"2",1432.8700000000,I
13533,23.0000000000,89.0000000000,0.5000000000,191.0000000000,1.8000000000,2025-03-13 02:46:00.000,SocSon,"2",1432.8700000000,I
13532,23.0000000000,88.9000000000,0.4000000000,175.0000000000,1.8000000000,2025-03-13 02:45:00.000,SocSon,"2",1432.8700000000,I
13531,23.0000000000,88.9000000000,1.0000000000,172.0000000000,1.8000000000,2025-03-13 02:44:00.000,SocSon,"2",1432.8700000000,I
13530,23.0000000000,89.1000000000,0.8000000000,191.0000000000,1.8000000000,2025-03-13 02:43:00.000,SocSon,"2",1432.8700000000,I
13529,23.0000000000,89.0000000000,0.0000000000,217.0000000000,1.8000000000,2025-03-13 02:42:00.000,SocSon,"2",1432.8700000000,I
13528,23.0000000000,89.0000000000,0.6000000000,193.0000000000,1.8000000000,2025-03-13 02:41:00.000,SocSon,"2",1432.8700000000,I
13527,23.0000000000,89.0000000000,0.1000000000,217.0000000000,1.8000000000,2025-03-13 02:40:00.000,SocSon,"2",1432.8700000000,I
13526,23.0000000000,89.0000000000,0.4000000000,193.0000000000,1.8000000000,2025-03-13 02:39:00.000,SocSon,"2",1432.8700000000,I
13525,23.0000000000,89.0000000000,0.5000000000,169.0000000000,1.8000000000,2025-03-13 02:38:00.000,SocSon,"2",1432.8700000000,I
13524,23.0000000000,89.0000000000,0.5000000000,193.0000000000,1.8000000000,2025-03-13 02:37:00.000,SocSon,"2",1432.8700000000,I
13523,23.0000000000,89.0000000000,1.0000000000,121.0000000000,1.8000000000,2025-03-13 02:36:00.000,SocSon,"2",1432.8700000000,I
13522,23.0000000000,89.0000000000,0.4000000000,169.0000000000,1.8000000000,2025-03-13 02:35:00.000,SocSon,"2",1432.8700000000,I
13521,23.0000000000,89.0000000000,0.8000000000,182.0000000000,1.8000000000,2025-03-13 02:34:00.000,SocSon,"2",1432.8700000000,I
13520,23.0000000000,88.9000000000,0.4000000000,193.0000000000,1.8000000000,2025-03-13 02:33:00.000,SocSon,"2",1432.8700000000,I
13519,23.0000000000,88.8000000000,0.2000000000,217.0000000000,1.8000000000,2025-03-13 02:32:00.000,SocSon,"2",1432.8700000000,I
13518,23.0000000000,88.9000000000,1.0000000000,169.0000000000,1.8000000000,2025-03-13 02:31:00.000,SocSon,"2",1432.8700000000,I
13517,23.0000000000,88.9000000000,0.0000000000,169.0000000000,1.8000000000,2025-03-13 02:30:00.000,SocSon,"2",1432.8700000000,I
13516,23.0000000000,88.9000000000,0.2000000000,169.0000000000,1.8000000000,2025-03-13 02:29:00.000,SocSon,"2",1432.8700000000,I
13514,23.0000000000,88.9000000000,0.6000000000,187.0000000000,1.8000000000,2025-03-13 02:27:00.000,SocSon,"2",1432.8700000000,I
13513,23.0000000000,89.0000000000,0.0000000000,150.0000000000,1.8000000000,2025-03-13 02:26:00.000,SocSon,"2",1432.8700000000,I
13512,23.0000000000,89.0000000000,0.0000000000,217.0000000000,1.8000000000,2025-03-13 02:25:00.000,SocSon,"2",1432.8700000000,I
13511,23.0000000000,88.9000000000,0.4000000000,217.0000000000,1.8000000000,2025-03-13 02:24:00.000,SocSon,"2",1432.8700000000,I
13510,23.0000000000,88.9000000000,0.4000000000,165.0000000000,1.8000000000,2025-03-13 02:23:00.000,SocSon,"2",1432.8700000000,I
13509,23.0000000000,88.9000000000,0.4000000000,145.0000000000,1.8000000000,2025-03-13 02:22:00.000,SocSon,"2",1432.8700000000,I
13508,23.0000000000,88.9000000000,0.6000000000,169.0000000000,1.8000000000,2025-03-13 02:21:00.000,SocSon,"2",1432.8700000000,I
13507,23.0000000000,88.9000000000,0.4000000000,193.0000000000,1.6000000000,2025-03-13 02:20:00.000,SocSon,"2",1432.8700000000,I
13506,23.0000000000,88.9000000000,0.4000000000,169.0000000000,1.6000000000,2025-03-13 02:19:00.000,SocSon,"2",1432.8700000000,I
13505,23.0000000000,88.8000000000,0.4000000000,193.0000000000,1.6000000000,2025-03-13 02:18:00.000,SocSon,"2",1432.8700000000,I
13504,23.0000000000,88.9000000000,0.5000000000,136.0000000000,1.6000000000,2025-03-13 02:17:00.000,SocSon,"2",1432.8700000000,I
13503,23.0000000000,88.9000000000,0.0000000000,169.0000000000,1.6000000000,2025-03-13 02:16:00.000,SocSon,"2",1432.8700000000,I
13502,23.0000000000,89.0000000000,0.0000000000,169.0000000000,1.6000000000,2025-03-13 02:15:00.000,SocSon,"2",1432.8700000000,I
13501,23.0000000000,89.0000000000,0.1000000000,217.0000000000,1.6000000000,2025-03-13 02:14:00.000,SocSon,"2",1432.8700000000,I
13500,22.9000000000,89.0000000000,0.4000000000,200.0000000000,1.6000000000,2025-03-13 02:13:00.000,SocSon,"2",1432.8700000000,I
13499,22.9000000000,88.9000000000,0.4000000000,169.0000000000,1.6000000000,2025-03-13 02:12:00.000,SocSon,"2",1432.8700000000,I
13498,23.0000000000,89.0000000000,0.8000000000,169.0000000000,1.6000000000,2025-03-13 02:11:00.000,SocSon,"2",1432.8700000000,I
13497,23.0000000000,88.9000000000,0.8000000000,169.0000000000,1.6000000000,2025-03-13 02:10:00.000,SocSon,"2",1432.8700000000,I
13496,22.9000000000,89.0000000000,0.0000000000,117.0000000000,1.6000000000,2025-03-13 02:09:00.000,SocSon,"2",1432.8700000000,I
13495,22.9000000000,88.9000000000,0.0000000000,193.0000000000,1.6000000000,2025-03-13 02:08:00.000,SocSon,"2",1432.8700000000,I
13494,23.0000000000,88.9000000000,0.0000000000,193.0000000000,1.6000000000,2025-03-13 02:07:00.000,SocSon,"2",1432.8700000000,I
13493,23.0000000000,88.9000000000,0.0000000000,217.0000000000,1.6000000000,2025-03-13 02:06:00.000,SocSon,"2",1432.8700000000,I
13492,23.0000000000,88.9000000000,0.2000000000,121.0000000000,1.6000000000,2025-03-13 02:05:00.000,SocSon,"2",1432.8700000000,I
13491,22.9000000000,88.9000000000,0.0000000000,193.0000000000,1.6000000000,2025-03-13 02:04:00.000,SocSon,"2",1432.8700000000,I
13490,23.0000000000,88.9000000000,0.0000000000,193.0000000000,1.6000000000,2025-03-13 02:03:00.000,SocSon,"2",1432.8700000000,I
13489,22.9000000000,89.0000000000,0.0000000000,193.0000000000,1.6000000000,2025-03-13 02:02:00.000,SocSon,"2",1432.8700000000,I
13488,22.9000000000,89.0000000000,0.2000000000,193.0000000000,1.6000000000,2025-03-13 02:01:00.000,SocSon,"2",1432.8700000000,I
13487,22.9000000000,88.9000000000,0.2000000000,193.0000000000,1.6000000000,2025-03-13 02:00:00.000,SocSon,"2",1432.8700000000,I
13486,22.9000000000,88.9000000000,0.0000000000,193.0000000000,1.6000000000,2025-03-13 01:59:00.000,SocSon,"2",1432.8700000000,I
13485,22.9000000000,88.9000000000,0.1000000000,169.0000000000,1.6000000000,2025-03-13 01:58:00.000,SocSon,"2",1432.8700000000,I
13484,22.9000000000,88.9000000000,0.2000000000,169.0000000000,1.6000000000,2025-03-13 01:57:00.000,SocSon,"2",1432.8700000000,I
13483,23.0000000000,89.0000000000,0.4000000000,169.0000000000,1.6000000000,2025-03-13 01:56:00.000,SocSon,"2",1432.8700000000,I
13482,22.9000000000,88.9000000000,0.0000000000,217.0000000000,1.6000000000,2025-03-13 01:55:00.000,SocSon,"2",1432.8700000000,I
13481,22.9000000000,89.0000000000,0.0000000000,217.0000000000,1.6000000000,2025-03-13 01:54:00.000,SocSon,"2",1432.8700000000,I
13480,22.9000000000,89.0000000000,0.4000000000,169.0000000000,1.6000000000,2025-03-13 01:53:00.000,SocSon,"2",1432.8700000000,I
13479,22.9000000000,89.0000000000,0.4000000000,169.0000000000,1.6000000000,2025-03-13 01:52:00.000,SocSon,"2",1432.8700000000,I
13478,22.9000000000,89.0000000000,0.4000000000,169.0000000000,1.6000000000,2025-03-13 01:51:00.000,SocSon,"2",1432.8700000000,I
13477,22.9000000000,89.0000000000,0.4000000000,169.0000000000,1.6000000000,2025-03-13 01:50:00.000,SocSon,"2",1432.8700000000,I
13476,22.9000000000,89.0000000000,0.0000000000,193.0000000000,1.4000000000,2025-03-13 01:49:00.000,SocSon,"2",1432.8700000000,I
13475,22.9000000000,89.1000000000,0.0000000000,193.0000000000,1.4000000000,2025-03-13 01:48:00.000,SocSon,"2",1432.8700000000,I
13474,22.9000000000,89.1000000000,0.0000000000,193.0000000000,1.4000000000,2025-03-13 01:47:00.000,SocSon,"2",1432.8700000000,I
13473,22.9000000000,89.0000000000,0.6000000000,186.0000000000,1.4000000000,2025-03-13 01:46:00.000,SocSon,"2",1432.8700000000,I
13472,22.9000000000,89.0000000000,0.8000000000,193.0000000000,1.4000000000,2025-03-13 01:45:00.000,SocSon,"2",1432.8700000000,I
13471,22.9000000000,89.0000000000,0.6000000000,217.0000000000,1.4000000000,2025-03-13 01:44:00.000,SocSon,"2",1432.8700000000,I
13470,22.9000000000,89.0000000000,0.5000000000,196.0000000000,1.4000000000,2025-03-13 01:43:00.000,SocSon,"2",1432.8700000000,I
13469,22.9000000000,88.9000000000,0.4000000000,193.0000000000,1.4000000000,2025-03-13 01:42:00.000,SocSon,"2",1432.8700000000,I
13468,22.9000000000,88.9000000000,0.0000000000,217.0000000000,1.4000000000,2025-03-13 01:41:00.000,SocSon,"2",1432.8700000000,I
13467,22.9000000000,88.9000000000,0.4000000000,217.0000000000,1.4000000000,2025-03-13 01:40:00.000,SocSon,"2",1432.8700000000,I
13466,22.9000000000,89.0000000000,0.0000000000,193.0000000000,1.4000000000,2025-03-13 01:39:00.000,SocSon,"2",1432.8700000000,I
13465,22.9000000000,89.0000000000,0.0000000000,241.0000000000,1.4000000000,2025-03-13 01:38:00.000,SocSon,"2",1432.8700000000,I
13464,22.9000000000,89.0000000000,0.2000000000,169.0000000000,1.4000000000,2025-03-13 01:37:00.000,SocSon,"2",1432.8700000000,I
13463,22.9000000000,89.0000000000,0.6000000000,169.0000000000,1.4000000000,2025-03-13 01:36:00.000,SocSon,"2",1432.8700000000,I
13462,22.9000000000,88.9000000000,1.0000000000,189.0000000000,1.4000000000,2025-03-13 01:35:00.000,SocSon,"2",1432.8700000000,I
13461,22.9000000000,89.1000000000,0.0000000000,225.0000000000,1.4000000000,2025-03-13 01:34:00.000,SocSon,"2",1432.8700000000,I
13460,22.8000000000,89.1000000000,0.0000000000,169.0000000000,1.4000000000,2025-03-13 01:33:00.000,SocSon,"2",1432.8700000000,I
13459,22.8000000000,89.1000000000,0.2000000000,169.0000000000,1.4000000000,2025-03-13 01:32:00.000,SocSon,"2",1432.8700000000,I
13458,22.8000000000,89.1000000000,0.4000000000,169.0000000000,1.4000000000,2025-03-13 01:31:00.000,SocSon,"2",1432.8700000000,I
13457,22.8000000000,89.1000000000,0.4000000000,217.0000000000,1.4000000000,2025-03-13 01:30:00.000,SocSon,"2",1432.8700000000,I
13456,22.8000000000,89.1000000000,0.7000000000,169.0000000000,1.4000000000,2025-03-13 01:29:00.000,SocSon,"2",1432.8700000000,I
13455,22.8000000000,89.1000000000,0.6000000000,145.0000000000,1.4000000000,2025-03-13 01:28:00.000,SocSon,"2",1432.8700000000,I
13454,22.8000000000,89.1000000000,0.6000000000,169.0000000000,1.4000000000,2025-03-13 01:27:00.000,SocSon,"2",1432.8700000000,I
13453,22.8000000000,89.1000000000,0.6000000000,217.0000000000,1.4000000000,2025-03-13 01:26:00.000,SocSon,"2",1432.8700000000,I
13452,22.8000000000,89.0000000000,0.8000000000,193.0000000000,1.4000000000,2025-03-13 01:25:00.000,SocSon,"2",1432.8700000000,I
13451,22.8000000000,89.0000000000,0.8000000000,217.0000000000,1.2000000000,2025-03-13 01:24:00.000,SocSon,"2",1432.8700000000,I
13450,22.8000000000,89.0000000000,0.6000000000,208.0000000000,1.2000000000,2025-03-13 01:23:00.000,SocSon,"2",1432.8700000000,I
13449,22.8000000000,89.0000000000,0.8000000000,193.0000000000,1.2000000000,2025-03-13 01:22:00.000,SocSon,"2",1432.8700000000,I
13448,22.8000000000,89.0000000000,0.8000000000,169.0000000000,1.2000000000,2025-03-13 01:21:00.000,SocSon,"2",1432.8700000000,I
13447,22.8000000000,88.9000000000,1.2000000000,169.0000000000,1.2000000000,2025-03-13 01:20:00.000,SocSon,"2",1432.8700000000,I
13446,22.9000000000,88.9000000000,0.6000000000,183.0000000000,1.2000000000,2025-03-13 01:19:00.000,SocSon,"2",1432.8700000000,I
13445,22.9000000000,88.9000000000,0.5000000000,205.0000000000,1.2000000000,2025-03-13 01:18:00.000,SocSon,"2",1432.8700000000,I
13444,22.9000000000,88.9000000000,0.6000000000,217.0000000000,1.2000000000,2025-03-13 01:17:00.000,SocSon,"2",1432.8700000000,I
13443,22.9000000000,88.8000000000,0.4000000000,217.0000000000,1.2000000000,2025-03-13 01:16:00.000,SocSon,"2",1432.8700000000,I
13442,22.9000000000,88.8000000000,1.0000000000,193.0000000000,1.2000000000,2025-03-13 01:15:00.000,SocSon,"2",1432.8700000000,I
13441,22.9000000000,88.8000000000,0.6000000000,193.0000000000,1.2000000000,2025-03-13 01:14:00.000,SocSon,"2",1432.8700000000,I
13440,22.9000000000,88.8000000000,0.4000000000,217.0000000000,1.2000000000,2025-03-13 01:13:00.000,SocSon,"2",1432.8700000000,I
13439,22.9000000000,88.8000000000,0.8000000000,183.0000000000,1.2000000000,2025-03-13 01:12:00.000,SocSon,"2",1432.8700000000,I
13438,22.9000000000,88.9000000000,0.5000000000,169.0000000000,1.2000000000,2025-03-13 01:11:00.000,SocSon,"2",1432.8700000000,I
13437,22.9000000000,88.9000000000,0.8000000000,169.0000000000,1.2000000000,2025-03-13 01:10:00.000,SocSon,"2",1432.8700000000,I
13436,22.9000000000,89.0000000000,0.0000000000,169.0000000000,1.2000000000,2025-03-13 01:09:00.000,SocSon,"2",1432.8700000000,I
13435,22.9000000000,89.0000000000,0.2000000000,169.0000000000,1.2000000000,2025-03-13 01:08:00.000,SocSon,"2",1432.8700000000,I
13434,22.9000000000,89.0000000000,0.4000000000,169.0000000000,1.0000000000,2025-03-13 01:07:00.000,SocSon,"2",1432.8700000000,I
13433,22.8000000000,88.9000000000,0.6000000000,169.0000000000,1.0000000000,2025-03-13 01:06:00.000,SocSon,"2",1432.8700000000,I
13432,22.8000000000,89.0000000000,1.0000000000,145.0000000000,1.0000000000,2025-03-13 01:05:00.000,SocSon,"2",1432.8700000000,I
13431,22.9000000000,88.9000000000,1.0000000000,145.0000000000,1.0000000000,2025-03-13 01:04:00.000,SocSon,"2",1432.8700000000,I
13430,22.9000000000,88.9000000000,1.1000000000,169.0000000000,1.0000000000,2025-03-13 01:03:00.000,SocSon,"2",1432.8700000000,I
13429,22.9000000000,89.0000000000,0.4000000000,169.0000000000,1.0000000000,2025-03-13 01:02:00.000,SocSon,"2",1432.8700000000,I
13428,22.8000000000,89.0000000000,0.6000000000,169.0000000000,1.0000000000,2025-03-13 01:01:00.000,SocSon,"2",1432.8700000000,I
13427,22.8000000000,89.0000000000,0.8000000000,193.0000000000,1.0000000000,2025-03-13 01:00:00.000,SocSon,"2",1432.8700000000,I
13426,22.8000000000,89.0000000000,1.2000000000,126.0000000000,1.0000000000,2025-03-13 00:59:00.000,SocSon,"2",1432.8700000000,I
13425,22.8000000000,89.0000000000,1.4000000000,151.0000000000,1.0000000000,2025-03-13 00:58:00.000,SocSon,"2",1432.8700000000,I
13424,22.8000000000,89.0000000000,1.2000000000,124.0000000000,1.0000000000,2025-03-13 00:57:00.000,SocSon,"2",1432.8700000000,I
13423,22.8000000000,88.9000000000,1.2000000000,121.0000000000,1.0000000000,2025-03-13 00:56:00.000,SocSon,"2",1432.8700000000,I
13422,22.8000000000,88.9000000000,1.2000000000,144.0000000000,1.0000000000,2025-03-13 00:55:00.000,SocSon,"2",1432.8700000000,I
13421,22.8000000000,89.0000000000,0.4000000000,169.0000000000,1.0000000000,2025-03-13 00:54:00.000,SocSon,"2",1432.8700000000,I
13420,22.8000000000,89.0000000000,0.6000000000,169.0000000000,0.8000000000,2025-03-13 00:53:00.000,SocSon,"2",1432.8700000000,I
13419,22.8000000000,89.0000000000,0.5000000000,217.0000000000,0.8000000000,2025-03-13 00:52:00.000,SocSon,"2",1432.8700000000,I
13418,22.8000000000,89.0000000000,0.6000000000,217.0000000000,0.8000000000,2025-03-13 00:51:00.000,SocSon,"2",1432.8700000000,I
13417,22.8000000000,89.0000000000,0.6000000000,172.0000000000,0.8000000000,2025-03-13 00:50:00.000,SocSon,"2",1432.8700000000,I
13416,22.8000000000,88.9000000000,1.0000000000,158.0000000000,0.8000000000,2025-03-13 00:49:00.000,SocSon,"2",1432.8700000000,I
13415,22.8000000000,88.9000000000,1.0000000000,169.0000000000,0.8000000000,2025-03-13 00:48:00.000,SocSon,"2",1432.8700000000,I
13414,22.8000000000,88.9000000000,1.0000000000,217.0000000000,0.8000000000,2025-03-13 00:47:00.000,SocSon,"2",1432.8700000000,I
13413,22.9000000000,88.9000000000,1.2000000000,196.0000000000,0.8000000000,2025-03-13 00:46:00.000,SocSon,"2",1432.8700000000,I
13412,22.8000000000,89.0000000000,0.2000000000,217.0000000000,0.8000000000,2025-03-13 00:45:00.000,SocSon,"2",1432.8700000000,I
13411,22.8000000000,89.0000000000,0.8000000000,171.0000000000,0.8000000000,2025-03-13 00:44:00.000,SocSon,"2",1432.8700000000,I
13410,22.8000000000,88.9000000000,0.6000000000,169.0000000000,0.8000000000,2025-03-13 00:43:00.000,SocSon,"2",1432.8700000000,I
13409,22.8000000000,88.9000000000,0.8000000000,193.0000000000,0.8000000000,2025-03-13 00:42:00.000,SocSon,"2",1432.8700000000,I
13408,22.8000000000,88.9000000000,1.2000000000,169.0000000000,0.8000000000,2025-03-13 00:41:00.000,SocSon,"2",1432.8700000000,I
13407,22.8000000000,88.8000000000,0.6000000000,217.0000000000,0.8000000000,2025-03-13 00:40:00.000,SocSon,"2",1432.8700000000,I
13406,22.8000000000,88.8000000000,1.6000000000,170.0000000000,0.8000000000,2025-03-13 00:39:00.000,SocSon,"2",1432.8700000000,I
13405,22.9000000000,88.8000000000,1.1000000000,193.0000000000,0.8000000000,2025-03-13 00:38:00.000,SocSon,"2",1432.8700000000,I
13404,22.9000000000,88.7000000000,2.0000000000,145.0000000000,0.8000000000,2025-03-13 00:37:00.000,SocSon,"2",1432.8700000000,I
13403,22.9000000000,88.8000000000,0.6000000000,169.0000000000,0.8000000000,2025-03-13 00:36:00.000,SocSon,"2",1432.8700000000,I
13402,22.9000000000,88.8000000000,0.2000000000,193.0000000000,0.8000000000,2025-03-13 00:35:00.000,SocSon,"2",1432.8700000000,I
13401,22.9000000000,88.7000000000,1.0000000000,164.0000000000,0.8000000000,2025-03-13 00:34:00.000,SocSon,"2",1432.8700000000,I
13400,22.9000000000,88.8000000000,1.2000000000,169.0000000000,0.8000000000,2025-03-13 00:33:00.000,SocSon,"2",1432.8700000000,I
13399,22.9000000000,88.8000000000,1.0000000000,169.0000000000,0.8000000000,2025-03-13 00:32:00.000,SocSon,"2",1432.8700000000,I
13398,22.9000000000,88.8000000000,0.6000000000,189.0000000000,0.8000000000,2025-03-13 00:31:00.000,SocSon,"2",1432.8700000000,I
13397,22.9000000000,88.8000000000,0.4000000000,169.0000000000,0.8000000000,2025-03-13 00:30:00.000,SocSon,"2",1432.8700000000,I
13396,22.9000000000,88.8000000000,0.4000000000,193.0000000000,0.8000000000,2025-03-13 00:29:00.000,SocSon,"2",1432.8700000000,I
13395,22.9000000000,88.8000000000,0.3000000000,217.0000000000,0.8000000000,2025-03-13 00:28:00.000,SocSon,"2",1432.8700000000,I
13394,22.9000000000,88.8000000000,1.1000000000,169.0000000000,0.8000000000,2025-03-13 00:27:00.000,SocSon,"2",1432.8700000000,I
13393,22.8000000000,88.8000000000,1.2000000000,154.0000000000,0.8000000000,2025-03-13 00:26:00.000,SocSon,"2",1432.8700000000,I
13392,22.9000000000,88.7000000000,0.8000000000,193.0000000000,0.8000000000,2025-03-13 00:25:00.000,SocSon,"2",1432.8700000000,I
13391,22.9000000000,88.8000000000,0.8000000000,191.0000000000,0.8000000000,2025-03-13 00:24:00.000,SocSon,"2",1432.8700000000,I
13390,22.9000000000,88.9000000000,0.4000000000,217.0000000000,0.8000000000,2025-03-13 00:23:00.000,SocSon,"2",1432.8700000000,I
13389,22.8000000000,88.9000000000,0.4000000000,218.0000000000,0.8000000000,2025-03-13 00:22:00.000,SocSon,"2",1432.8700000000,I
13388,22.9000000000,88.9000000000,1.8000000000,143.0000000000,0.8000000000,2025-03-13 00:21:00.000,SocSon,"2",1432.8700000000,I
13387,22.9000000000,88.9000000000,1.4000000000,136.0000000000,0.8000000000,2025-03-13 00:20:00.000,SocSon,"2",1432.8700000000,I
13386,22.8000000000,88.8000000000,0.8000000000,193.0000000000,0.8000000000,2025-03-13 00:19:00.000,SocSon,"2",1432.8700000000,I
13385,22.9000000000,88.8000000000,0.6000000000,146.0000000000,0.8000000000,2025-03-13 00:18:00.000,SocSon,"2",1432.8700000000,I
13384,22.9000000000,88.8000000000,1.3000000000,142.0000000000,0.8000000000,2025-03-13 00:17:00.000,SocSon,"2",1432.8700000000,I
13383,22.9000000000,88.9000000000,0.8000000000,169.0000000000,0.8000000000,2025-03-13 00:16:00.000,SocSon,"2",1432.8700000000,I
13382,22.9000000000,88.8000000000,1.0000000000,216.0000000000,0.8000000000,2025-03-13 00:15:00.000,SocSon,"2",1432.8700000000,I
13381,22.9000000000,88.8000000000,0.6000000000,169.0000000000,0.8000000000,2025-03-13 00:14:00.000,SocSon,"2",1432.8700000000,I
13380,22.9000000000,88.7000000000,0.6000000000,185.0000000000,0.8000000000,2025-03-13 00:13:00.000,SocSon,"2",1432.8700000000,I
13379,22.9000000000,88.7000000000,0.8000000000,217.0000000000,0.6000000000,2025-03-13 00:12:00.000,SocSon,"2",1432.8700000000,I
13378,22.9000000000,88.7000000000,0.8000000000,200.0000000000,0.6000000000,2025-03-13 00:11:00.000,SocSon,"2",1432.8700000000,I
13377,22.9000000000,88.8000000000,0.4000000000,193.0000000000,0.6000000000,2025-03-13 00:10:00.000,SocSon,"2",1432.8700000000,I
13376,22.9000000000,88.7000000000,0.4000000000,193.0000000000,0.6000000000,2025-03-13 00:09:00.000,SocSon,"2",1432.8700000000,I
13375,22.9000000000,88.7000000000,1.0000000000,169.0000000000,0.6000000000,2025-03-13 00:08:00.000,SocSon,"2",1432.8700000000,I
13374,22.9000000000,88.7000000000,0.6000000000,201.0000000000,0.6000000000,2025-03-13 00:07:00.000,SocSon,"2",1432.8700000000,I
13373,22.9000000000,88.7000000000,1.1000000000,152.0000000000,0.6000000000,2025-03-13 00:06:00.000,SocSon,"2",1432.8700000000,I
13372,22.9000000000,88.7000000000,0.9000000000,148.0000000000,0.6000000000,2025-03-13 00:05:00.000,SocSon,"2",1432.8700000000,I
13371,22.9000000000,88.7000000000,0.4000000000,169.0000000000,0.6000000000,2025-03-13 00:04:00.000,SocSon,"2",1432.8700000000,I
13370,22.9000000000,88.7000000000,1.0000000000,169.0000000000,0.6000000000,2025-03-13 00:03:00.000,SocSon,"2",1432.8700000000,I
13369,22.9000000000,88.7000000000,0.2000000000,169.0000000000,0.4000000000,2025-03-13 00:02:00.000,SocSon,"2",1432.8700000000,I
13368,22.9000000000,88.7000000000,0.8000000000,168.0000000000,0.4000000000,2025-03-13 00:01:00.000,SocSon,"2",1432.8700000000,I
13367,22.9000000000,88.7000000000,1.3000000000,122.0000000000,0.4000000000,2025-03-13 00:00:00.000,SocSon,"2",1432.8700000000,I
13366,22.9000000000,88.7000000000,0.6000000000,169.0000000000,0.4000000000,2025-03-12 23:59:00.000,SocSon,"2",1432.8700000000,I
13365,22.9000000000,88.6000000000,0.7000000000,193.0000000000,0.4000000000,2025-03-12 23:58:00.000,SocSon,"2",1432.8700000000,I
13364,22.9000000000,88.6000000000,1.2000000000,143.0000000000,0.4000000000,2025-03-12 23:57:00.000,SocSon,"2",1432.8700000000,I
13363,22.9000000000,88.6000000000,1.3000000000,169.0000000000,0.4000000000,2025-03-12 23:56:00.000,SocSon,"2",1432.8700000000,I
13362,22.9000000000,88.6000000000,0.7000000000,145.0000000000,0.4000000000,2025-03-12 23:55:00.000,SocSon,"2",1432.8700000000,I
13361,22.9000000000,88.6000000000,0.4000000000,169.0000000000,0.4000000000,2025-03-12 23:54:00.000,SocSon,"2",1432.8700000000,I
13360,22.9000000000,88.7000000000,1.0000000000,194.0000000000,0.4000000000,2025-03-12 23:53:00.000,SocSon,"2",1432.8700000000,I
13359,22.9000000000,88.6000000000,0.6000000000,217.0000000000,0.4000000000,2025-03-12 23:52:00.000,SocSon,"2",1432.8700000000,I
13358,22.9000000000,88.7000000000,0.8000000000,169.0000000000,0.4000000000,2025-03-12 23:51:00.000,SocSon,"2",1432.8700000000,I
13357,22.9000000000,88.7000000000,0.4000000000,169.0000000000,0.4000000000,2025-03-12 23:50:00.000,SocSon,"2",1432.8700000000,I
13356,22.9000000000,88.6000000000,0.8000000000,217.0000000000,0.4000000000,2025-03-12 23:49:00.000,SocSon,"2",1432.8700000000,I
13355,22.9000000000,88.6000000000,1.0000000000,169.0000000000,0.4000000000,2025-03-12 23:48:00.000,SocSon,"2",1432.8700000000,I
13354,22.9000000000,88.6000000000,0.8000000000,167.0000000000,0.4000000000,2025-03-12 23:47:00.000,SocSon,"2",1432.8700000000,I
13353,22.9000000000,88.6000000000,0.8000000000,169.0000000000,0.4000000000,2025-03-12 23:46:00.000,SocSon,"2",1432.8700000000,I
13352,22.9000000000,88.6000000000,0.6000000000,174.0000000000,0.4000000000,2025-03-12 23:45:00.000,SocSon,"2",1432.8700000000,I
13351,22.9000000000,88.6000000000,0.6000000000,195.0000000000,0.4000000000,2025-03-12 23:44:00.000,SocSon,"2",1432.8700000000,I
13350,22.9000000000,88.6000000000,1.2000000000,193.0000000000,0.4000000000,2025-03-12 23:43:00.000,SocSon,"2",1432.8700000000,I
13349,22.9000000000,88.6000000000,1.4000000000,121.0000000000,0.4000000000,2025-03-12 23:42:00.000,SocSon,"2",1432.8700000000,I
13348,22.9000000000,88.6000000000,1.4000000000,157.0000000000,0.4000000000,2025-03-12 23:41:00.000,SocSon,"2",1432.8700000000,I
13347,22.9000000000,88.6000000000,0.8000000000,193.0000000000,0.4000000000,2025-03-12 23:40:00.000,SocSon,"2",1432.8700000000,I
13346,22.9000000000,88.6000000000,1.4000000000,173.0000000000,0.4000000000,2025-03-12 23:39:00.000,SocSon,"2",1432.8700000000,I
13345,22.9000000000,88.6000000000,1.6000000000,144.0000000000,0.4000000000,2025-03-12 23:38:00.000,SocSon,"2",1432.8700000000,I
13344,22.9000000000,88.6000000000,1.0000000000,178.0000000000,0.4000000000,2025-03-12 23:37:00.000,SocSon,"2",1432.8700000000,I
13343,22.9000000000,88.5000000000,1.2000000000,169.0000000000,0.4000000000,2025-03-12 23:36:00.000,SocSon,"2",1432.8700000000,I
13342,22.9000000000,88.6000000000,1.2000000000,149.0000000000,0.4000000000,2025-03-12 23:35:00.000,SocSon,"2",1432.8700000000,I
13341,22.9000000000,88.6000000000,1.3000000000,119.0000000000,0.4000000000,2025-03-12 23:34:00.000,SocSon,"2",1432.8700000000,I
13340,22.9000000000,88.6000000000,0.8000000000,169.0000000000,0.4000000000,2025-03-12 23:33:00.000,SocSon,"2",1432.8700000000,I
13339,22.9000000000,88.6000000000,0.8000000000,169.0000000000,0.4000000000,2025-03-12 23:32:00.000,SocSon,"2",1432.8700000000,I
13338,22.9000000000,88.6000000000,0.4000000000,169.0000000000,0.4000000000,2025-03-12 23:31:00.000,SocSon,"2",1432.8700000000,I
13337,22.9000000000,88.7000000000,0.4000000000,121.0000000000,0.4000000000,2025-03-12 23:30:00.000,SocSon,"2",1432.8700000000,I
13336,22.9000000000,88.8000000000,0.6000000000,121.0000000000,0.4000000000,2025-03-12 23:29:00.000,SocSon,"2",1432.8700000000,I
13335,22.8000000000,88.7000000000,0.8000000000,156.0000000000,0.4000000000,2025-03-12 23:28:00.000,SocSon,"2",1432.8700000000,I
13334,22.8000000000,88.7000000000,1.6000000000,191.0000000000,0.4000000000,2025-03-12 23:27:00.000,SocSon,"2",1432.8700000000,I
13333,22.9000000000,88.7000000000,1.2000000000,169.0000000000,0.4000000000,2025-03-12 23:26:00.000,SocSon,"2",1432.8700000000,I
13332,22.9000000000,88.7000000000,1.4000000000,216.0000000000,0.4000000000,2025-03-12 23:25:00.000,SocSon,"2",1432.8700000000,I
13331,22.8000000000,88.7000000000,0.8000000000,160.0000000000,0.4000000000,2025-03-12 23:24:00.000,SocSon,"2",1432.8700000000,I
13330,22.9000000000,88.7000000000,1.2000000000,169.0000000000,0.4000000000,2025-03-12 23:23:00.000,SocSon,"2",1432.8700000000,I
13329,22.8000000000,88.6000000000,1.2000000000,145.0000000000,0.4000000000,2025-03-12 23:22:00.000,SocSon,"2",1432.8700000000,I
13328,22.8000000000,88.6000000000,1.7000000000,171.0000000000,0.4000000000,2025-03-12 23:21:00.000,SocSon,"2",1432.8700000000,I
13327,22.8000000000,88.7000000000,0.5000000000,169.0000000000,0.4000000000,2025-03-12 23:20:00.000,SocSon,"2",1432.8700000000,I
13326,22.9000000000,88.7000000000,1.4000000000,158.0000000000,0.4000000000,2025-03-12 23:19:00.000,SocSon,"2",1432.8700000000,I
13325,22.8000000000,88.6000000000,0.8000000000,169.0000000000,0.4000000000,2025-03-12 23:18:00.000,SocSon,"2",1432.8700000000,I
13324,22.8000000000,88.6000000000,1.2000000000,168.0000000000,0.4000000000,2025-03-12 23:17:00.000,SocSon,"2",1432.8700000000,I
13323,22.9000000000,88.6000000000,1.0000000000,169.0000000000,0.4000000000,2025-03-12 23:16:00.000,SocSon,"2",1432.8700000000,I
13322,22.8000000000,88.6000000000,0.8000000000,169.0000000000,0.4000000000,2025-03-12 23:15:00.000,SocSon,"2",1432.8700000000,I
13321,22.8000000000,88.6000000000,0.8000000000,188.0000000000,0.4000000000,2025-03-12 23:14:00.000,SocSon,"2",1432.8700000000,I
13320,22.8000000000,88.5000000000,0.4000000000,193.0000000000,0.4000000000,2025-03-12 23:13:00.000,SocSon,"2",1432.8700000000,I
13319,22.9000000000,88.5000000000,1.0000000000,201.0000000000,0.4000000000,2025-03-12 23:12:00.000,SocSon,"2",1432.8700000000,I
13318,22.9000000000,88.5000000000,0.6000000000,193.0000000000,0.4000000000,2025-03-12 23:11:00.000,SocSon,"2",1432.8700000000,I
13317,22.8000000000,88.5000000000,1.7000000000,121.0000000000,0.4000000000,2025-03-12 23:10:00.000,SocSon,"2",1432.8700000000,I
13316,22.8000000000,88.5000000000,1.4000000000,169.0000000000,0.4000000000,2025-03-12 23:09:00.000,SocSon,"2",1432.8700000000,I
13315,22.9000000000,88.5000000000,0.6000000000,169.0000000000,0.4000000000,2025-03-12 23:08:00.000,SocSon,"2",1432.8700000000,I
13314,22.9000000000,88.5000000000,0.4000000000,217.0000000000,0.4000000000,2025-03-12 23:07:00.000,SocSon,"2",1432.8700000000,I
13313,22.9000000000,88.5000000000,0.4000000000,172.0000000000,0.4000000000,2025-03-12 23:06:00.000,SocSon,"2",1432.8700000000,I
13312,22.8000000000,88.6000000000,0.6000000000,162.0000000000,0.4000000000,2025-03-12 23:05:00.000,SocSon,"2",1432.8700000000,I
13311,22.8000000000,88.6000000000,0.8000000000,141.0000000000,0.4000000000,2025-03-12 23:04:00.000,SocSon,"2",1432.8700000000,I
13310,22.8000000000,88.5000000000,0.8000000000,169.0000000000,0.4000000000,2025-03-12 23:03:00.000,SocSon,"2",1432.8700000000,I
13309,22.8000000000,88.5000000000,0.6000000000,193.0000000000,0.4000000000,2025-03-12 23:02:00.000,SocSon,"2",1432.8700000000,I
13308,22.8000000000,88.6000000000,0.4000000000,217.0000000000,0.4000000000,2025-03-12 23:01:00.000,SocSon,"2",1432.8700000000,I
13307,22.8000000000,88.6000000000,1.5000000000,145.0000000000,0.4000000000,2025-03-12 23:00:00.000,SocSon,"2",1432.8700000000,I
13306,22.8000000000,88.6000000000,0.4000000000,193.0000000000,0.4000000000,2025-03-12 22:59:00.000,SocSon,"2",1432.8700000000,I
13305,22.8000000000,88.6000000000,1.0000000000,169.0000000000,0.4000000000,2025-03-12 22:58:00.000,SocSon,"2",1432.8700000000,I
13304,22.8000000000,88.5000000000,1.2000000000,169.0000000000,0.4000000000,2025-03-12 22:57:00.000,SocSon,"2",1432.8700000000,I
13303,22.9000000000,88.5000000000,1.0000000000,169.0000000000,0.4000000000,2025-03-12 22:56:00.000,SocSon,"2",1432.8700000000,I
13302,22.8000000000,88.6000000000,1.0000000000,169.0000000000,0.4000000000,2025-03-12 22:55:00.000,SocSon,"2",1432.8700000000,I
13301,22.8000000000,88.6000000000,0.6000000000,171.0000000000,0.4000000000,2025-03-12 22:54:00.000,SocSon,"2",1432.8700000000,I
13300,22.8000000000,88.5000000000,1.7000000000,146.0000000000,0.4000000000,2025-03-12 22:53:00.000,SocSon,"2",1432.8700000000,I
13299,22.8000000000,88.5000000000,1.1000000000,187.0000000000,0.4000000000,2025-03-12 22:52:00.000,SocSon,"2",1432.8700000000,I
13298,22.8000000000,88.5000000000,1.0000000000,170.0000000000,0.4000000000,2025-03-12 22:51:00.000,SocSon,"2",1432.8700000000,I
13297,22.8000000000,88.5000000000,1.6000000000,177.0000000000,0.4000000000,2025-03-12 22:50:00.000,SocSon,"2",1432.8700000000,I
13296,22.9000000000,88.5000000000,1.0000000000,166.0000000000,0.4000000000,2025-03-12 22:49:00.000,SocSon,"2",1432.8700000000,I
13295,22.9000000000,88.5000000000,1.5000000000,169.0000000000,0.4000000000,2025-03-12 22:48:00.000,SocSon,"2",1432.8700000000,I
13294,22.9000000000,88.5000000000,0.8000000000,193.0000000000,0.4000000000,2025-03-12 22:47:00.000,SocSon,"2",1432.8700000000,I
13293,22.8000000000,88.5000000000,1.1000000000,169.0000000000,0.4000000000,2025-03-12 22:46:00.000,SocSon,"2",1432.8700000000,I
13292,22.8000000000,88.6000000000,0.9000000000,162.0000000000,0.4000000000,2025-03-12 22:45:00.000,SocSon,"2",1432.8700000000,I
13291,22.8000000000,88.5000000000,1.0000000000,145.0000000000,0.4000000000,2025-03-12 22:44:00.000,SocSon,"2",1432.8700000000,I
13290,22.8000000000,88.6000000000,0.7000000000,169.0000000000,0.4000000000,2025-03-12 22:43:00.000,SocSon,"2",1432.8700000000,I
13289,22.8000000000,88.5000000000,0.8000000000,217.0000000000,0.4000000000,2025-03-12 22:42:00.000,SocSon,"2",1432.8700000000,I
13288,22.8000000000,88.5000000000,0.8000000000,169.0000000000,0.4000000000,2025-03-12 22:41:00.000,SocSon,"2",1432.8700000000,I
13287,22.8000000000,88.5000000000,1.2000000000,165.0000000000,0.4000000000,2025-03-12 22:40:00.000,SocSon,"2",1432.8700000000,I
13286,22.8000000000,88.5000000000,2.1000000000,168.0000000000,0.4000000000,2025-03-12 22:39:00.000,SocSon,"2",1432.8700000000,I
13285,22.8000000000,88.5000000000,2.3000000000,169.0000000000,0.4000000000,2025-03-12 22:38:00.000,SocSon,"2",1432.8700000000,I
13284,22.9000000000,88.5000000000,1.9000000000,168.0000000000,0.4000000000,2025-03-12 22:37:00.000,SocSon,"2",1432.8700000000,I
13283,22.8000000000,88.5000000000,0.6000000000,169.0000000000,0.4000000000,2025-03-12 22:36:00.000,SocSon,"2",1432.8700000000,I
13282,22.8000000000,88.5000000000,0.6000000000,169.0000000000,0.4000000000,2025-03-12 22:35:00.000,SocSon,"2",1432.8700000000,I
13281,22.8000000000,88.5000000000,1.0000000000,193.0000000000,0.4000000000,2025-03-12 22:34:00.000,SocSon,"2",1432.8700000000,I
13280,22.8000000000,88.5000000000,1.3000000000,167.0000000000,0.4000000000,2025-03-12 22:33:00.000,SocSon,"2",1432.8700000000,I
13279,22.8000000000,88.5000000000,0.6000000000,184.0000000000,0.4000000000,2025-03-12 22:32:00.000,SocSon,"2",1432.8700000000,I
13278,22.8000000000,88.6000000000,1.2000000000,169.0000000000,0.4000000000,2025-03-12 22:31:00.000,SocSon,"2",1432.8700000000,I
13277,22.8000000000,88.5000000000,1.7000000000,145.0000000000,0.4000000000,2025-03-12 22:30:00.000,SocSon,"2",1432.8700000000,I
13276,22.8000000000,88.5000000000,2.4000000000,169.0000000000,0.4000000000,2025-03-12 22:29:00.000,SocSon,"2",1432.8700000000,I
13275,22.8000000000,88.4000000000,2.1000000000,169.0000000000,0.4000000000,2025-03-12 22:28:00.000,SocSon,"2",1432.8700000000,I
13274,22.8000000000,88.4000000000,1.5000000000,206.0000000000,0.4000000000,2025-03-12 22:27:00.000,SocSon,"2",1432.8700000000,I
13273,22.9000000000,88.4000000000,1.4000000000,178.0000000000,0.4000000000,2025-03-12 22:26:00.000,SocSon,"2",1432.8700000000,I
13272,22.8000000000,88.5000000000,1.2000000000,145.0000000000,0.4000000000,2025-03-12 22:25:00.000,SocSon,"2",1432.8700000000,I
13271,22.9000000000,88.5000000000,0.8000000000,188.0000000000,0.4000000000,2025-03-12 22:24:00.000,SocSon,"2",1432.8700000000,I
13270,22.8000000000,88.5000000000,0.4000000000,183.0000000000,0.4000000000,2025-03-12 22:23:00.000,SocSon,"2",1432.8700000000,I
13269,22.8000000000,88.4000000000,1.4000000000,169.0000000000,0.4000000000,2025-03-12 22:22:00.000,SocSon,"2",1432.8700000000,I
13268,22.9000000000,88.4000000000,1.4000000000,136.0000000000,0.4000000000,2025-03-12 22:21:00.000,SocSon,"2",1432.8700000000,I
13267,22.8000000000,88.4000000000,1.6000000000,121.0000000000,0.4000000000,2025-03-12 22:20:00.000,SocSon,"2",1432.8700000000,I
13266,22.9000000000,88.4000000000,1.7000000000,169.0000000000,0.4000000000,2025-03-12 22:19:00.000,SocSon,"2",1432.8700000000,I
13265,22.9000000000,88.4000000000,0.8000000000,169.0000000000,0.4000000000,2025-03-12 22:18:00.000,SocSon,"2",1432.8700000000,I
13264,22.9000000000,88.4000000000,0.8000000000,150.0000000000,0.4000000000,2025-03-12 22:17:00.000,SocSon,"2",1432.8700000000,I
13263,22.9000000000,88.4000000000,1.4000000000,165.0000000000,0.4000000000,2025-03-12 22:16:00.000,SocSon,"2",1432.8700000000,I
13262,22.9000000000,88.5000000000,1.0000000000,169.0000000000,0.4000000000,2025-03-12 22:15:00.000,SocSon,"2",1432.8700000000,I
13261,22.8000000000,88.5000000000,1.5000000000,121.0000000000,0.4000000000,2025-03-12 22:14:00.000,SocSon,"2",1432.8700000000,I
13260,22.9000000000,88.4000000000,1.2000000000,170.0000000000,0.4000000000,2025-03-12 22:13:00.000,SocSon,"2",1432.8700000000,I
13259,22.9000000000,88.4000000000,2.4000000000,168.0000000000,0.4000000000,2025-03-12 22:12:00.000,SocSon,"2",1432.8700000000,I
13258,22.9000000000,88.4000000000,1.9000000000,149.0000000000,0.4000000000,2025-03-12 22:11:00.000,SocSon,"2",1432.8700000000,I
13257,22.9000000000,88.4000000000,2.1000000000,100.0000000000,0.4000000000,2025-03-12 22:10:00.000,SocSon,"2",1432.8700000000,I
13256,22.9000000000,88.4000000000,1.7000000000,120.0000000000,0.4000000000,2025-03-12 22:09:00.000,SocSon,"2",1432.8700000000,I
13255,22.9000000000,88.4000000000,1.6000000000,144.0000000000,0.4000000000,2025-03-12 22:08:00.000,SocSon,"2",1432.8700000000,I
13254,22.9000000000,88.5000000000,1.4000000000,168.0000000000,0.4000000000,2025-03-12 22:07:00.000,SocSon,"2",1432.8700000000,I
13253,23.0000000000,88.5000000000,3.1000000000,102.0000000000,0.4000000000,2025-03-12 22:06:00.000,SocSon,"2",1432.8700000000,I
13252,22.9000000000,88.4000000000,1.2000000000,145.0000000000,0.4000000000,2025-03-12 22:05:00.000,SocSon,"2",1432.8700000000,I
13251,23.0000000000,88.4000000000,0.9000000000,135.0000000000,0.4000000000,2025-03-12 22:04:00.000,SocSon,"2",1432.8700000000,I
13250,23.0000000000,88.5000000000,1.0000000000,38.0000000000,0.4000000000,2025-03-12 22:03:00.000,SocSon,"2",1432.8700000000,I
13249,23.0000000000,88.5000000000,0.4000000000,169.0000000000,0.4000000000,2025-03-12 22:02:00.000,SocSon,"2",1432.8700000000,I
13248,22.9000000000,88.5000000000,0.4000000000,145.0000000000,0.4000000000,2025-03-12 22:01:00.000,SocSon,"2",1432.8700000000,I
13247,22.9000000000,88.6000000000,0.6000000000,148.0000000000,0.4000000000,2025-03-12 22:00:00.000,SocSon,"2",1432.8700000000,I
13246,22.9000000000,88.6000000000,0.4000000000,169.0000000000,0.4000000000,2025-03-12 21:59:00.000,SocSon,"2",1432.8700000000,I
13245,22.9000000000,88.6000000000,1.2000000000,152.0000000000,0.4000000000,2025-03-12 21:58:00.000,SocSon,"2",1432.8700000000,I
13244,22.9000000000,88.5000000000,1.5000000000,193.0000000000,0.4000000000,2025-03-12 21:57:00.000,SocSon,"2",1432.8700000000,I
13243,22.9000000000,88.6000000000,1.2000000000,169.0000000000,0.4000000000,2025-03-12 21:56:00.000,SocSon,"2",1432.8700000000,I
13242,22.9000000000,88.6000000000,0.6000000000,169.0000000000,0.4000000000,2025-03-12 21:55:00.000,SocSon,"2",1432.8700000000,I
13241,22.9000000000,88.5000000000,1.4000000000,170.0000000000,0.4000000000,2025-03-12 21:54:00.000,SocSon,"2",1432.8700000000,I
13240,22.9000000000,88.5000000000,0.6000000000,193.0000000000,0.4000000000,2025-03-12 21:53:00.000,SocSon,"2",1432.8700000000,I
13239,22.9000000000,88.6000000000,0.6000000000,192.0000000000,0.4000000000,2025-03-12 21:52:00.000,SocSon,"2",1432.8700000000,I
13238,22.9000000000,88.5000000000,1.4000000000,169.0000000000,0.4000000000,2025-03-12 21:51:00.000,SocSon,"2",1432.8700000000,I
13237,22.9000000000,88.5000000000,1.4000000000,169.0000000000,0.4000000000,2025-03-12 21:50:00.000,SocSon,"2",1432.8700000000,I
13236,22.9000000000,88.6000000000,1.8000000000,167.0000000000,0.4000000000,2025-03-12 21:49:00.000,SocSon,"2",1432.8700000000,I
13235,22.9000000000,88.6000000000,1.4000000000,129.0000000000,0.4000000000,2025-03-12 21:48:00.000,SocSon,"2",1432.8700000000,I
13234,22.9000000000,88.7000000000,1.0000000000,169.0000000000,0.4000000000,2025-03-12 21:47:00.000,SocSon,"2",1432.8700000000,I
13233,22.9000000000,88.7000000000,0.6000000000,169.0000000000,0.4000000000,2025-03-12 21:46:00.000,SocSon,"2",1432.8700000000,I
13232,22.9000000000,88.6000000000,1.8000000000,126.0000000000,0.4000000000,2025-03-12 21:45:00.000,SocSon,"2",1432.8700000000,I
13231,22.9000000000,88.6000000000,0.8000000000,205.0000000000,0.4000000000,2025-03-12 21:44:00.000,SocSon,"2",1432.8700000000,I
13230,22.9000000000,88.6000000000,1.0000000000,152.0000000000,0.4000000000,2025-03-12 21:43:00.000,SocSon,"2",1432.8700000000,I
13229,22.9000000000,88.7000000000,0.8000000000,168.0000000000,0.4000000000,2025-03-12 21:42:00.000,SocSon,"2",1432.8700000000,I
13228,22.9000000000,88.7000000000,1.2000000000,141.0000000000,0.4000000000,2025-03-12 21:41:00.000,SocSon,"2",1432.8700000000,I
13227,22.9000000000,88.6000000000,1.2000000000,121.0000000000,0.4000000000,2025-03-12 21:40:00.000,SocSon,"2",1432.8700000000,I
13226,22.9000000000,88.7000000000,1.0000000000,194.0000000000,0.4000000000,2025-03-12 21:39:00.000,SocSon,"2",1432.8700000000,I
13225,22.9000000000,88.7000000000,0.8000000000,166.0000000000,0.4000000000,2025-03-12 21:38:00.000,SocSon,"2",1432.8700000000,I
13224,22.9000000000,88.7000000000,1.0000000000,207.0000000000,0.4000000000,2025-03-12 21:37:00.000,SocSon,"2",1432.8700000000,I
13223,22.9000000000,88.8000000000,1.2000000000,168.0000000000,0.4000000000,2025-03-12 21:36:00.000,SocSon,"2",1432.8700000000,I
13222,22.9000000000,88.8000000000,1.3000000000,158.0000000000,0.4000000000,2025-03-12 21:35:00.000,SocSon,"2",1432.8700000000,I
13221,22.9000000000,88.8000000000,2.3000000000,167.0000000000,0.4000000000,2025-03-12 21:34:00.000,SocSon,"2",1432.8700000000,I
13220,22.9000000000,88.8000000000,1.2000000000,88.0000000000,0.4000000000,2025-03-12 21:33:00.000,SocSon,"2",1432.8700000000,I
13219,22.9000000000,88.8000000000,1.3000000000,171.0000000000,0.4000000000,2025-03-12 21:32:00.000,SocSon,"2",1432.8700000000,I
13218,22.9000000000,88.8000000000,1.9000000000,145.0000000000,0.4000000000,2025-03-12 21:31:00.000,SocSon,"2",1432.8700000000,I
13217,22.9000000000,88.8000000000,1.2000000000,98.0000000000,0.2000000000,2025-03-12 21:30:00.000,SocSon,"2",1432.8700000000,I
13216,23.0000000000,88.8000000000,1.2000000000,143.0000000000,0.2000000000,2025-03-12 21:29:00.000,SocSon,"2",1432.8700000000,I
13215,23.0000000000,88.8000000000,2.2000000000,163.0000000000,0.2000000000,2025-03-12 21:28:00.000,SocSon,"2",1432.8700000000,I
13214,23.0000000000,88.8000000000,1.5000000000,121.0000000000,0.2000000000,2025-03-12 21:27:00.000,SocSon,"2",1432.8700000000,I
13213,22.9000000000,88.9000000000,0.6000000000,128.0000000000,0.2000000000,2025-03-12 21:26:00.000,SocSon,"2",1432.8700000000,I
13212,22.9000000000,88.8000000000,1.0000000000,121.0000000000,0.2000000000,2025-03-12 21:25:00.000,SocSon,"2",1432.8700000000,I
13211,23.0000000000,88.8000000000,1.0000000000,169.0000000000,0.2000000000,2025-03-12 21:24:00.000,SocSon,"2",1432.8700000000,I
13210,23.0000000000,88.8000000000,2.1000000000,169.0000000000,0.2000000000,2025-03-12 21:23:00.000,SocSon,"2",1432.8700000000,I
13209,23.0000000000,88.8000000000,1.7000000000,168.0000000000,0.2000000000,2025-03-12 21:22:00.000,SocSon,"2",1432.8700000000,I
13208,23.0000000000,88.8000000000,1.2000000000,129.0000000000,0.2000000000,2025-03-12 21:21:00.000,SocSon,"2",1432.8700000000,I
13207,23.0000000000,88.7000000000,1.2000000000,185.0000000000,0.2000000000,2025-03-12 21:20:00.000,SocSon,"2",1432.8700000000,I
13206,23.0000000000,88.7000000000,3.3000000000,144.0000000000,0.2000000000,2025-03-12 21:19:00.000,SocSon,"2",1432.8700000000,I
13205,23.0000000000,88.7000000000,1.6000000000,145.0000000000,0.2000000000,2025-03-12 21:18:00.000,SocSon,"2",1432.8700000000,I
13204,23.0000000000,88.7000000000,2.3000000000,150.0000000000,0.2000000000,2025-03-12 21:17:00.000,SocSon,"2",1432.8700000000,I
13203,23.0000000000,88.7000000000,1.6000000000,121.0000000000,0.2000000000,2025-03-12 21:16:00.000,SocSon,"2",1432.8700000000,I
13202,23.0000000000,88.7000000000,1.0000000000,169.0000000000,0.2000000000,2025-03-12 21:15:00.000,SocSon,"2",1432.8700000000,I
13201,23.0000000000,88.7000000000,1.0000000000,155.0000000000,0.2000000000,2025-03-12 21:14:00.000,SocSon,"2",1432.8700000000,I
13200,23.0000000000,88.6000000000,0.7000000000,145.0000000000,0.2000000000,2025-03-12 21:13:00.000,SocSon,"2",1432.8700000000,I
13199,23.0000000000,88.7000000000,0.7000000000,145.0000000000,0.2000000000,2025-03-12 21:12:00.000,SocSon,"2",1432.8700000000,I
13198,23.0000000000,88.7000000000,0.6000000000,162.0000000000,0.2000000000,2025-03-12 21:11:00.000,SocSon,"2",1432.8700000000,I
13197,23.0000000000,88.7000000000,0.3000000000,145.0000000000,0.2000000000,2025-03-12 21:10:00.000,SocSon,"2",1432.8700000000,I
13196,23.0000000000,88.6000000000,1.2000000000,184.0000000000,0.2000000000,2025-03-12 21:09:00.000,SocSon,"2",1432.8700000000,I
13195,23.0000000000,88.6000000000,1.6000000000,207.0000000000,0.2000000000,2025-03-12 21:08:00.000,SocSon,"2",1432.8700000000,I
13194,23.0000000000,88.5000000000,1.0000000000,217.0000000000,0.2000000000,2025-03-12 21:07:00.000,SocSon,"2",1432.8700000000,I
13193,23.0000000000,88.5000000000,1.2000000000,147.0000000000,0.2000000000,2025-03-12 21:06:00.000,SocSon,"2",1432.8700000000,I
13192,23.0000000000,88.6000000000,0.8000000000,145.0000000000,0.2000000000,2025-03-12 21:05:00.000,SocSon,"2",1432.8700000000,I
13191,23.0000000000,88.6000000000,0.4000000000,142.0000000000,0.2000000000,2025-03-12 21:04:00.000,SocSon,"2",1432.8700000000,I
13190,23.1000000000,88.6000000000,1.4000000000,193.0000000000,0.2000000000,2025-03-12 21:03:00.000,SocSon,"2",1432.8700000000,I
13189,23.0000000000,88.6000000000,0.8000000000,175.0000000000,0.2000000000,2025-03-12 21:02:00.000,SocSon,"2",1432.8700000000,I
13188,23.0000000000,88.6000000000,1.2000000000,124.0000000000,0.2000000000,2025-03-12 21:01:00.000,SocSon,"2",1432.8700000000,I
13187,23.0000000000,88.6000000000,1.2000000000,169.0000000000,0.2000000000,2025-03-12 21:00:00.000,SocSon,"2",1432.8700000000,I
13186,23.0000000000,88.6000000000,0.8000000000,169.0000000000,0.2000000000,2025-03-12 20:59:00.000,SocSon,"2",1432.8700000000,I
13185,23.1000000000,88.5000000000,1.2000000000,169.0000000000,0.2000000000,2025-03-12 20:58:00.000,SocSon,"2",1432.8700000000,I
13184,23.1000000000,88.5000000000,2.1000000000,169.0000000000,0.2000000000,2025-03-12 20:57:00.000,SocSon,"2",1432.8700000000,I
13183,23.1000000000,88.6000000000,1.4000000000,156.0000000000,0.2000000000,2025-03-12 20:56:00.000,SocSon,"2",1432.8700000000,I
13182,23.0000000000,88.7000000000,0.4000000000,169.0000000000,0.2000000000,2025-03-12 20:55:00.000,SocSon,"2",1432.8700000000,I
13181,23.0000000000,88.6000000000,0.6000000000,121.0000000000,0.2000000000,2025-03-12 20:54:00.000,SocSon,"2",1432.8700000000,I
13180,23.0000000000,88.6000000000,0.8000000000,169.0000000000,0.2000000000,2025-03-12 20:53:00.000,SocSon,"2",1432.8700000000,I
13179,23.0000000000,88.6000000000,1.1000000000,143.0000000000,0.2000000000,2025-03-12 20:52:00.000,SocSon,"2",1432.8700000000,I
13178,23.0000000000,88.5000000000,1.6000000000,176.0000000000,0.2000000000,2025-03-12 20:51:00.000,SocSon,"2",1432.8700000000,I
13177,23.0000000000,88.4000000000,1.7000000000,126.0000000000,0.2000000000,2025-03-12 20:50:00.000,SocSon,"2",1432.8700000000,I
13176,23.1000000000,88.5000000000,0.8000000000,171.0000000000,0.2000000000,2025-03-12 20:49:00.000,SocSon,"2",1432.8700000000,I
13175,23.1000000000,88.5000000000,1.4000000000,121.0000000000,0.2000000000,2025-03-12 20:48:00.000,SocSon,"2",1432.8700000000,I
13174,23.1000000000,88.5000000000,2.1000000000,121.0000000000,0.2000000000,2025-03-12 20:47:00.000,SocSon,"2",1432.8700000000,I
13173,23.0000000000,88.5000000000,1.1000000000,143.0000000000,0.2000000000,2025-03-12 20:46:00.000,SocSon,"2",1432.8700000000,I
13172,23.0000000000,88.5000000000,0.6000000000,159.0000000000,0.0000000000,2025-03-12 20:45:00.000,SocSon,"2",1432.8700000000,I
13171,23.1000000000,88.5000000000,0.9000000000,145.0000000000,0.0000000000,2025-03-12 20:44:00.000,SocSon,"2",1432.8700000000,I
13170,23.1000000000,88.4000000000,1.6000000000,195.0000000000,0.0000000000,2025-03-12 20:43:00.000,SocSon,"2",1432.8700000000,I
13169,23.1000000000,88.4000000000,2.7000000000,132.0000000000,0.0000000000,2025-03-12 20:42:00.000,SocSon,"2",1432.8700000000,I
13168,23.1000000000,88.5000000000,0.8000000000,170.0000000000,0.0000000000,2025-03-12 20:41:00.000,SocSon,"2",1432.8700000000,I
13167,23.1000000000,88.5000000000,0.6000000000,154.0000000000,0.0000000000,2025-03-12 20:40:00.000,SocSon,"2",1432.8700000000,I
13166,23.1000000000,88.4000000000,0.4000000000,258.0000000000,0.0000000000,2025-03-12 20:39:00.000,SocSon,"2",1432.8700000000,I
13165,23.1000000000,88.5000000000,2.5000000000,165.0000000000,0.0000000000,2025-03-12 20:38:00.000,SocSon,"2",1432.8700000000,I
13164,23.1000000000,88.5000000000,1.6000000000,145.0000000000,0.0000000000,2025-03-12 20:37:00.000,SocSon,"2",1432.8700000000,I
13163,23.1000000000,88.5000000000,0.8000000000,145.0000000000,0.0000000000,2025-03-12 20:36:00.000,SocSon,"2",1432.8700000000,I
13162,23.1000000000,88.5000000000,2.0000000000,166.0000000000,0.0000000000,2025-03-12 20:35:00.000,SocSon,"2",1432.8700000000,I
13161,23.1000000000,88.5000000000,1.9000000000,148.0000000000,0.0000000000,2025-03-12 20:34:00.000,SocSon,"2",1432.8700000000,I
13160,23.1000000000,88.5000000000,1.4000000000,208.0000000000,0.0000000000,2025-03-12 20:33:00.000,SocSon,"2",1432.8700000000,I
13159,23.0000000000,88.5000000000,1.0000000000,181.0000000000,0.0000000000,2025-03-12 20:32:00.000,SocSon,"2",1432.8700000000,I
13158,23.1000000000,88.6000000000,0.6000000000,121.0000000000,0.0000000000,2025-03-12 20:31:00.000,SocSon,"2",1432.8700000000,I
13157,23.0000000000,88.5000000000,1.4000000000,157.0000000000,0.0000000000,2025-03-12 20:30:00.000,SocSon,"2",1432.8700000000,I
13156,23.1000000000,88.6000000000,1.2000000000,121.0000000000,0.0000000000,2025-03-12 20:29:00.000,SocSon,"2",1432.8700000000,I
13155,23.1000000000,88.6000000000,2.1000000000,128.0000000000,0.0000000000,2025-03-12 20:28:00.000,SocSon,"2",1432.8700000000,I
13154,23.1000000000,88.6000000000,2.1000000000,164.0000000000,0.0000000000,2025-03-12 20:27:00.000,SocSon,"2",1432.8700000000,I
13153,23.1000000000,88.5000000000,2.0000000000,168.0000000000,0.0000000000,2025-03-12 20:26:00.000,SocSon,"2",1432.8700000000,I
13152,23.1000000000,88.6000000000,1.9000000000,171.0000000000,0.0000000000,2025-03-12 20:25:00.000,SocSon,"2",1432.8700000000,I
13151,23.1000000000,88.5000000000,1.6000000000,174.0000000000,0.0000000000,2025-03-12 20:24:00.000,SocSon,"2",1432.8700000000,I
13150,23.1000000000,88.6000000000,2.3000000000,121.0000000000,0.0000000000,2025-03-12 20:23:00.000,SocSon,"2",1432.8700000000,I
13149,23.1000000000,88.5000000000,1.4000000000,157.0000000000,0.0000000000,2025-03-12 20:22:00.000,SocSon,"2",1432.8700000000,I
13148,23.1000000000,88.6000000000,2.1000000000,149.0000000000,0.0000000000,2025-03-12 20:21:00.000,SocSon,"2",1432.8700000000,I
13147,23.1000000000,88.5000000000,1.3000000000,167.0000000000,0.0000000000,2025-03-12 20:20:00.000,SocSon,"2",1432.8700000000,I
13146,23.1000000000,88.5000000000,1.4000000000,169.0000000000,0.0000000000,2025-03-12 20:19:00.000,SocSon,"2",1432.8700000000,I
13145,23.1000000000,88.6000000000,0.8000000000,121.0000000000,0.0000000000,2025-03-12 20:18:00.000,SocSon,"2",1432.8700000000,I
13144,23.1000000000,88.5000000000,2.5000000000,122.0000000000,0.0000000000,2025-03-12 20:17:00.000,SocSon,"2",1432.8700000000,I
13143,23.1000000000,88.5000000000,2.0000000000,78.0000000000,0.0000000000,2025-03-12 20:16:00.000,SocSon,"2",1432.8700000000,I
13142,23.1000000000,88.6000000000,1.4000000000,179.0000000000,0.0000000000,2025-03-12 20:15:00.000,SocSon,"2",1432.8700000000,I
13141,23.1000000000,88.6000000000,1.1000000000,121.0000000000,0.0000000000,2025-03-12 20:14:00.000,SocSon,"2",1432.8700000000,I
13140,23.1000000000,88.5000000000,1.3000000000,131.0000000000,0.0000000000,2025-03-12 20:13:00.000,SocSon,"2",1432.8700000000,I
13139,23.1000000000,88.4000000000,1.4000000000,156.0000000000,0.0000000000,2025-03-12 20:12:00.000,SocSon,"2",1432.8700000000,I
13138,23.1000000000,88.4000000000,1.4000000000,149.0000000000,0.0000000000,2025-03-12 20:11:00.000,SocSon,"2",1432.8700000000,I
13137,23.1000000000,88.4000000000,2.1000000000,137.0000000000,0.0000000000,2025-03-12 20:10:00.000,SocSon,"2",1432.8700000000,I
13136,23.1000000000,88.4000000000,2.5000000000,144.0000000000,0.0000000000,2025-03-12 20:09:00.000,SocSon,"2",1432.8700000000,I
13135,23.1000000000,88.5000000000,2.5000000000,166.0000000000,0.0000000000,2025-03-12 20:08:00.000,SocSon,"2",1432.8700000000,I
13134,23.1000000000,88.4000000000,1.0000000000,169.0000000000,0.0000000000,2025-03-12 20:07:00.000,SocSon,"2",1432.8700000000,I
13133,23.1000000000,88.4000000000,1.4000000000,126.0000000000,0.0000000000,2025-03-12 20:06:00.000,SocSon,"2",1432.8700000000,I
13132,23.1000000000,88.4000000000,1.5000000000,189.0000000000,0.0000000000,2025-03-12 20:05:00.000,SocSon,"2",1432.8700000000,I
13131,23.1000000000,88.5000000000,2.0000000000,170.0000000000,0.0000000000,2025-03-12 20:04:00.000,SocSon,"2",1432.8700000000,I
13130,23.1000000000,88.4000000000,0.4000000000,232.0000000000,0.0000000000,2025-03-12 20:03:00.000,SocSon,"2",1432.8700000000,I
13129,23.1000000000,88.4000000000,1.9000000000,164.0000000000,0.0000000000,2025-03-12 20:02:00.000,SocSon,"2",1432.8700000000,I
13128,23.1000000000,88.3000000000,1.6000000000,165.0000000000,0.0000000000,2025-03-12 20:01:00.000,SocSon,"2",1432.8700000000,I
13127,23.2000000000,88.3000000000,1.7000000000,161.0000000000,0.0000000000,2025-03-12 20:00:00.000,SocSon,"2",1432.8700000000,I
13126,23.1000000000,88.3000000000,0.8000000000,169.0000000000,0.0000000000,2025-03-12 19:59:00.000,SocSon,"2",1432.8700000000,I
13125,23.1000000000,88.2000000000,1.9000000000,121.0000000000,0.0000000000,2025-03-12 19:58:00.000,SocSon,"2",1432.8700000000,I
13124,23.1000000000,88.1000000000,2.5000000000,140.0000000000,0.0000000000,2025-03-12 19:57:00.000,SocSon,"2",1432.8700000000,I
13123,23.2000000000,88.1000000000,1.6000000000,135.0000000000,0.0000000000,2025-03-12 19:56:00.000,SocSon,"2",1432.8700000000,I
13122,23.2000000000,88.1000000000,1.4000000000,170.0000000000,0.0000000000,2025-03-12 19:55:00.000,SocSon,"2",1432.8700000000,I
13121,23.2000000000,88.0000000000,1.2000000000,127.0000000000,0.0000000000,2025-03-12 19:54:00.000,SocSon,"2",1432.8700000000,I
13120,23.2000000000,88.0000000000,2.7000000000,132.0000000000,0.0000000000,2025-03-12 19:53:00.000,SocSon,"2",1432.8700000000,I
13119,23.2000000000,87.9000000000,3.2000000000,167.0000000000,0.0000000000,2025-03-12 19:52:00.000,SocSon,"2",1432.8700000000,I
13118,23.2000000000,87.9000000000,0.8000000000,142.0000000000,0.0000000000,2025-03-12 19:51:00.000,SocSon,"2",1432.8700000000,I
13117,23.3000000000,87.9000000000,1.4000000000,169.0000000000,0.0000000000,2025-03-12 19:50:00.000,SocSon,"2",1432.8700000000,I
13116,23.2000000000,87.8000000000,2.1000000000,121.0000000000,0.0000000000,2025-03-12 19:49:00.000,SocSon,"2",1432.8700000000,I
13115,23.2000000000,87.7000000000,1.2000000000,205.0000000000,0.0000000000,2025-03-12 19:48:00.000,SocSon,"2",1432.8700000000,I
13114,23.3000000000,87.6000000000,1.4000000000,159.0000000000,0.0000000000,2025-03-12 19:47:00.000,SocSon,"2",1432.8700000000,I
13113,23.3000000000,87.6000000000,1.6000000000,169.0000000000,0.0000000000,2025-03-12 19:46:00.000,SocSon,"2",1432.8700000000,I
13112,23.3000000000,87.5000000000,1.9000000000,145.0000000000,0.0000000000,2025-03-12 19:45:00.000,SocSon,"2",1432.8700000000,I
13111,23.3000000000,87.5000000000,2.5000000000,192.0000000000,0.0000000000,2025-03-12 19:44:00.000,SocSon,"2",1432.8700000000,I
13110,23.3000000000,87.5000000000,1.6000000000,169.0000000000,0.0000000000,2025-03-12 19:43:00.000,SocSon,"2",1432.8700000000,I
13109,23.3000000000,87.5000000000,1.0000000000,121.0000000000,0.0000000000,2025-03-12 19:42:00.000,SocSon,"2",1432.8700000000,I
13108,23.3000000000,87.5000000000,1.2000000000,126.0000000000,0.0000000000,2025-03-12 19:41:00.000,SocSon,"2",1432.8700000000,I
13107,23.4000000000,87.4000000000,2.1000000000,166.0000000000,0.0000000000,2025-03-12 19:40:00.000,SocSon,"2",1432.8700000000,I
13106,23.3000000000,87.3000000000,1.1000000000,169.0000000000,0.0000000000,2025-03-12 19:39:00.000,SocSon,"2",1432.8700000000,I
13105,23.3000000000,87.3000000000,1.8000000000,151.0000000000,0.0000000000,2025-03-12 19:38:00.000,SocSon,"2",1432.8700000000,I
13104,23.3000000000,87.2000000000,2.6000000000,169.0000000000,0.0000000000,2025-03-12 19:36:00.000,SocSon,"2",1432.8700000000,I
13103,23.4000000000,87.2000000000,0.6000000000,170.0000000000,0.0000000000,2025-03-12 19:35:00.000,SocSon,"2",1432.8700000000,I
13102,23.4000000000,87.2000000000,1.2000000000,166.0000000000,0.0000000000,2025-03-12 19:34:00.000,SocSon,"2",1432.8700000000,I
13101,23.4000000000,87.3000000000,0.8000000000,169.0000000000,0.0000000000,2025-03-12 19:33:00.000,SocSon,"2",1432.8700000000,I
13100,23.4000000000,87.2000000000,1.7000000000,142.0000000000,0.0000000000,2025-03-12 19:32:00.000,SocSon,"2",1432.8700000000,I
13099,23.4000000000,87.2000000000,2.3000000000,159.0000000000,0.0000000000,2025-03-12 19:31:00.000,SocSon,"2",1432.8700000000,I
13098,23.4000000000,87.2000000000,1.9000000000,137.0000000000,0.0000000000,2025-03-12 19:30:00.000,SocSon,"2",1432.8700000000,I
13097,23.4000000000,87.2000000000,1.7000000000,182.0000000000,0.0000000000,2025-03-12 19:29:00.000,SocSon,"2",1432.8700000000,I
13096,23.4000000000,87.2000000000,1.8000000000,124.0000000000,0.0000000000,2025-03-12 19:28:00.000,SocSon,"2",1432.8700000000,I
13095,23.4000000000,87.2000000000,1.0000000000,122.0000000000,0.0000000000,2025-03-12 19:27:00.000,SocSon,"2",1432.8700000000,I
13094,23.4000000000,87.1000000000,1.4000000000,170.0000000000,0.0000000000,2025-03-12 19:26:00.000,SocSon,"2",1432.8700000000,I
13093,23.4000000000,87.1000000000,2.2000000000,142.0000000000,0.0000000000,2025-03-12 19:25:00.000,SocSon,"2",1432.8700000000,I
13092,23.4000000000,87.1000000000,1.4000000000,120.0000000000,0.0000000000,2025-03-12 19:24:00.000,SocSon,"2",1432.8700000000,I
13091,23.5000000000,87.2000000000,1.0000000000,170.0000000000,0.0000000000,2025-03-12 19:23:00.000,SocSon,"2",1432.8700000000,I
13090,23.4000000000,87.2000000000,0.8000000000,121.0000000000,0.0000000000,2025-03-12 19:22:00.000,SocSon,"2",1432.8700000000,I
13089,23.4000000000,87.3000000000,0.9000000000,85.0000000000,0.0000000000,2025-03-12 19:21:00.000,SocSon,"2",1432.8700000000,I
13088,23.4000000000,87.3000000000,1.2000000000,204.0000000000,0.0000000000,2025-03-12 19:20:00.000,SocSon,"2",1432.8700000000,I
13087,23.4000000000,87.2000000000,1.3000000000,171.0000000000,0.0000000000,2025-03-12 19:19:00.000,SocSon,"2",1432.8700000000,I
13086,23.4000000000,87.2000000000,1.0000000000,145.0000000000,0.0000000000,2025-03-12 19:18:00.000,SocSon,"2",1432.8700000000,I
13085,23.4000000000,87.2000000000,1.4000000000,102.0000000000,0.0000000000,2025-03-12 19:17:00.000,SocSon,"2",1432.8700000000,I
13084,23.4000000000,87.2000000000,0.8000000000,334.0000000000,0.0000000000,2025-03-12 19:16:00.000,SocSon,"2",1432.8700000000,I
13083,23.4000000000,87.1000000000,1.9000000000,163.0000000000,0.0000000000,2025-03-12 19:15:00.000,SocSon,"2",1432.8700000000,I
13082,23.5000000000,87.0000000000,1.9000000000,122.0000000000,0.0000000000,2025-03-12 19:14:00.000,SocSon,"2",1432.8700000000,I
13081,23.5000000000,86.8000000000,2.4000000000,166.0000000000,0.0000000000,2025-03-12 19:13:00.000,SocSon,"2",1432.8700000000,I
13080,23.5000000000,86.7000000000,2.4000000000,133.0000000000,0.0000000000,2025-03-12 19:12:00.000,SocSon,"2",1432.8700000000,I
13079,23.6000000000,86.6000000000,1.1000000000,163.0000000000,0.0000000000,2025-03-12 19:11:00.000,SocSon,"2",1432.8700000000,I
13078,23.6000000000,86.6000000000,2.3000000000,121.0000000000,0.0000000000,2025-03-12 19:10:00.000,SocSon,"2",1432.8700000000,I
13077,23.7000000000,86.6000000000,1.6000000000,121.0000000000,0.0000000000,2025-03-12 19:09:00.000,SocSon,"2",1432.8700000000,I
13076,23.7000000000,86.6000000000,1.2000000000,73.0000000000,0.0000000000,2025-03-12 19:08:00.000,SocSon,"2",1432.8700000000,I
13075,23.7000000000,86.6000000000,1.4000000000,145.0000000000,0.0000000000,2025-03-12 19:07:00.000,SocSon,"2",1432.8700000000,I
13074,23.7000000000,86.6000000000,1.2000000000,137.0000000000,0.0000000000,2025-03-12 19:06:00.000,SocSon,"2",1432.8700000000,I
13073,23.7000000000,86.6000000000,0.4000000000,313.0000000000,0.0000000000,2025-03-12 19:05:00.000,SocSon,"2",1432.8700000000,I
13072,23.7000000000,86.6000000000,0.8000000000,128.0000000000,0.0000000000,2025-03-12 19:04:00.000,SocSon,"2",1432.8700000000,I
13071,23.7000000000,86.5000000000,0.6000000000,145.0000000000,0.0000000000,2025-03-12 19:03:00.000,SocSon,"2",1432.8700000000,I
13070,23.7000000000,86.5000000000,0.8000000000,169.0000000000,0.0000000000,2025-03-12 19:02:00.000,SocSon,"2",1432.8700000000,I
13069,23.7000000000,86.5000000000,0.6000000000,150.0000000000,0.0000000000,2025-03-12 19:01:00.000,SocSon,"2",1432.8700000000,I
13068,23.7000000000,86.5000000000,0.8000000000,169.0000000000,0.0000000000,2025-03-12 19:00:00.000,SocSon,"2",1432.8700000000,I
13067,23.6000000000,86.6000000000,1.0000000000,125.0000000000,0.0000000000,2025-03-12 18:59:00.000,SocSon,"2",1432.8700000000,I
13066,23.6000000000,86.5000000000,1.4000000000,158.0000000000,0.0000000000,2025-03-12 18:58:00.000,SocSon,"2",1432.8700000000,I
13065,23.6000000000,86.5000000000,1.7000000000,145.0000000000,0.0000000000,2025-03-12 18:57:00.000,SocSon,"2",1432.8700000000,I
13064,23.6000000000,86.4000000000,1.2000000000,140.0000000000,0.0000000000,2025-03-12 18:56:00.000,SocSon,"2",1432.8700000000,I
13063,23.7000000000,86.5000000000,2.9000000000,234.0000000000,0.0000000000,2025-03-12 18:55:00.000,SocSon,"2",1432.8700000000,I
13062,23.7000000000,86.5000000000,2.0000000000,172.0000000000,0.0000000000,2025-03-12 18:54:00.000,SocSon,"2",1432.8700000000,I
13061,23.7000000000,86.4000000000,1.9000000000,128.0000000000,0.0000000000,2025-03-12 18:53:00.000,SocSon,"2",1432.8700000000,I
13060,23.7000000000,86.5000000000,1.4000000000,171.0000000000,0.0000000000,2025-03-12 18:52:00.000,SocSon,"2",1432.8700000000,I
13059,23.7000000000,86.4000000000,1.2000000000,167.0000000000,0.0000000000,2025-03-12 18:51:00.000,SocSon,"2",1432.8700000000,I
13058,23.7000000000,86.4000000000,1.5000000000,154.0000000000,0.0000000000,2025-03-12 18:50:00.000,SocSon,"2",1432.8700000000,I
13057,23.7000000000,86.5000000000,1.9000000000,140.0000000000,0.0000000000,2025-03-12 18:49:00.000,SocSon,"2",1432.8700000000,I
13056,23.7000000000,86.5000000000,1.6000000000,169.0000000000,0.0000000000,2025-03-12 18:48:00.000,SocSon,"2",1432.8700000000,I
13055,23.7000000000,86.4000000000,1.5000000000,122.0000000000,0.0000000000,2025-03-12 18:47:00.000,SocSon,"2",1432.8700000000,I
13054,23.7000000000,86.4000000000,1.8000000000,121.0000000000,0.0000000000,2025-03-12 18:46:00.000,SocSon,"2",1432.8700000000,I
13053,23.7000000000,86.4000000000,0.8000000000,145.0000000000,0.0000000000,2025-03-12 18:45:00.000,SocSon,"2",1432.8700000000,I
13052,23.7000000000,86.4000000000,1.0000000000,185.0000000000,0.0000000000,2025-03-12 18:44:00.000,SocSon,"2",1432.8700000000,I
13051,23.7000000000,86.4000000000,1.1000000000,186.0000000000,0.0000000000,2025-03-12 18:43:00.000,SocSon,"2",1432.8700000000,I
13050,23.7000000000,86.4000000000,0.8000000000,169.0000000000,0.0000000000,2025-03-12 18:42:00.000,SocSon,"2",1432.8700000000,I
13049,23.6000000000,86.4000000000,0.7000000000,169.0000000000,0.0000000000,2025-03-12 18:41:00.000,SocSon,"2",1432.8700000000,I
13048,23.7000000000,86.4000000000,1.4000000000,181.0000000000,0.0000000000,2025-03-12 18:40:00.000,SocSon,"2",1432.8700000000,I
13047,23.7000000000,86.4000000000,1.2000000000,172.0000000000,0.0000000000,2025-03-12 18:39:00.000,SocSon,"2",1432.8700000000,I
13046,23.6000000000,86.5000000000,1.6000000000,159.0000000000,0.0000000000,2025-03-12 18:38:00.000,SocSon,"2",1432.8700000000,I
13045,23.6000000000,86.4000000000,0.8000000000,193.0000000000,0.0000000000,2025-03-12 18:37:00.000,SocSon,"2",1432.8700000000,I
13044,23.7000000000,86.5000000000,1.8000000000,168.0000000000,0.0000000000,2025-03-12 18:36:00.000,SocSon,"2",1432.8700000000,I
13043,23.7000000000,86.5000000000,0.9000000000,146.0000000000,0.0000000000,2025-03-12 18:35:00.000,SocSon,"2",1432.8700000000,I
13042,23.7000000000,86.5000000000,1.7000000000,161.0000000000,0.0000000000,2025-03-12 18:34:00.000,SocSon,"2",1432.8700000000,I
13041,23.6000000000,86.4000000000,1.4000000000,120.0000000000,0.0000000000,2025-03-12 18:33:00.000,SocSon,"2",1432.8700000000,I
13040,23.7000000000,86.5000000000,2.5000000000,169.0000000000,0.0000000000,2025-03-12 18:32:00.000,SocSon,"2",1432.8700000000,I
13039,23.7000000000,86.5000000000,1.4000000000,122.0000000000,0.0000000000,2025-03-12 18:31:00.000,SocSon,"2",1432.8700000000,I
13038,23.7000000000,86.4000000000,1.2000000000,144.0000000000,0.0000000000,2025-03-12 18:30:00.000,SocSon,"2",1432.8700000000,I
13037,23.7000000000,86.5000000000,3.3000000000,172.0000000000,0.0000000000,2025-03-12 18:29:00.000,SocSon,"2",1432.8700000000,I
13036,23.7000000000,86.5000000000,2.0000000000,156.0000000000,0.0000000000,2025-03-12 18:28:00.000,SocSon,"2",1432.8700000000,I
13035,23.7000000000,86.5000000000,1.0000000000,146.0000000000,0.0000000000,2025-03-12 18:27:00.000,SocSon,"2",1432.8700000000,I
13034,23.7000000000,86.6000000000,1.2000000000,112.0000000000,0.0000000000,2025-03-12 18:26:00.000,SocSon,"2",1432.8700000000,I
13033,23.8000000000,86.6000000000,0.8000000000,140.0000000000,0.0000000000,2025-03-12 18:25:00.000,SocSon,"2",1432.8700000000,I
13032,23.8000000000,86.7000000000,0.8000000000,120.0000000000,0.0000000000,2025-03-12 18:24:00.000,SocSon,"2",1432.8700000000,I
13031,23.7000000000,86.7000000000,1.9000000000,145.0000000000,0.0000000000,2025-03-12 18:23:00.000,SocSon,"2",1432.8700000000,I
13030,23.7000000000,86.7000000000,1.6000000000,113.0000000000,0.0000000000,2025-03-12 18:22:00.000,SocSon,"2",1432.8700000000,I
13029,23.8000000000,86.6000000000,1.6000000000,169.0000000000,0.0000000000,2025-03-12 18:21:00.000,SocSon,"2",1432.8700000000,I
13028,23.8000000000,86.6000000000,1.3000000000,122.0000000000,0.0000000000,2025-03-12 18:20:00.000,SocSon,"2",1432.8700000000,I
13027,23.8000000000,86.6000000000,0.8000000000,169.0000000000,0.0000000000,2025-03-12 18:19:00.000,SocSon,"2",1432.8700000000,I
13026,23.8000000000,86.5000000000,1.1000000000,190.0000000000,0.0000000000,2025-03-12 18:18:00.000,SocSon,"2",1432.8700000000,I
13025,23.8000000000,86.4000000000,1.6000000000,183.0000000000,0.0000000000,2025-03-12 18:17:00.000,SocSon,"2",1432.8700000000,I
13024,23.8000000000,86.4000000000,0.7000000000,145.0000000000,0.0000000000,2025-03-12 18:16:00.000,SocSon,"2",1432.8700000000,I
13023,23.8000000000,86.3000000000,1.0000000000,121.0000000000,0.0000000000,2025-03-12 18:15:00.000,SocSon,"2",1432.8700000000,I
13022,23.8000000000,86.1000000000,1.2000000000,146.0000000000,0.0000000000,2025-03-12 18:14:00.000,SocSon,"2",1432.8700000000,I
13021,23.8000000000,86.0000000000,1.2000000000,205.0000000000,0.0000000000,2025-03-12 18:13:00.000,SocSon,"2",1432.8700000000,I
13020,23.9000000000,85.9000000000,1.7000000000,189.0000000000,0.0000000000,2025-03-12 18:12:00.000,SocSon,"2",1432.8700000000,I
13019,23.9000000000,85.7000000000,1.2000000000,241.0000000000,0.0000000000,2025-03-12 18:11:00.000,SocSon,"2",1432.8700000000,I
13018,23.9000000000,85.5000000000,0.8000000000,193.0000000000,0.0000000000,2025-03-12 18:10:00.000,SocSon,"2",1432.8700000000,I
13017,24.0000000000,85.4000000000,1.4000000000,174.0000000000,0.0000000000,2025-03-12 18:09:00.000,SocSon,"2",1432.8700000000,I
13016,24.0000000000,85.3000000000,1.3000000000,121.0000000000,0.0000000000,2025-03-12 18:08:00.000,SocSon,"2",1432.8700000000,I
13015,24.0000000000,85.1000000000,2.1000000000,145.0000000000,0.0000000000,2025-03-12 18:07:00.000,SocSon,"2",1432.8700000000,I
13014,24.1000000000,84.8000000000,2.2000000000,169.0000000000,0.0000000000,2025-03-12 18:06:00.000,SocSon,"2",1432.8700000000,I
13013,24.1000000000,84.6000000000,1.4000000000,169.0000000000,0.0000000000,2025-03-12 18:05:00.000,SocSon,"2",1432.8700000000,I
13012,24.2000000000,84.4000000000,1.9000000000,145.0000000000,0.0000000000,2025-03-12 18:04:00.000,SocSon,"2",1432.8700000000,I
13011,24.2000000000,84.0000000000,1.2000000000,169.0000000000,0.0000000000,2025-03-12 18:03:00.000,SocSon,"2",1432.8700000000,I
13010,24.3000000000,83.7000000000,1.1000000000,169.0000000000,0.0000000000,2025-03-12 18:02:00.000,SocSon,"2",1432.8700000000,I
13009,24.4000000000,83.4000000000,0.6000000000,169.0000000000,0.0000000000,2025-03-12 18:01:00.000,SocSon,"2",1432.8700000000,I
13008,24.4000000000,83.4000000000,0.0000000000,145.0000000000,0.0000000000,2025-03-12 18:00:00.000,SocSon,"2",1432.8700000000,I
13007,24.4000000000,83.5000000000,0.0000000000,145.0000000000,0.0000000000,2025-03-12 17:59:00.000,SocSon,"2",1432.8700000000,I
13006,24.3000000000,83.6000000000,0.0000000000,145.0000000000,0.0000000000,2025-03-12 17:58:00.000,SocSon,"2",1432.8700000000,I
13005,24.3000000000,83.7000000000,0.0000000000,145.0000000000,0.0000000000,2025-03-12 17:57:00.000,SocSon,"2",1432.8700000000,I
13004,24.3000000000,83.7000000000,0.6000000000,145.0000000000,0.0000000000,2025-03-12 17:56:00.000,SocSon,"2",1432.8700000000,I
13003,24.2000000000,83.7000000000,1.4000000000,143.0000000000,0.0000000000,2025-03-12 17:55:00.000,SocSon,"2",1432.8700000000,I
13002,24.2000000000,83.7000000000,0.4000000000,169.0000000000,0.0000000000,2025-03-12 17:54:00.000,SocSon,"2",1432.8700000000,I
13001,24.2000000000,83.7000000000,0.6000000000,211.0000000000,0.0000000000,2025-03-12 17:53:00.000,SocSon,"2",1432.8700000000,I
13000,24.2000000000,83.6000000000,1.7000000000,142.0000000000,0.0000000000,2025-03-12 17:52:00.000,SocSon,"2",1432.8700000000,I
12999,24.2000000000,83.6000000000,0.4000000000,181.0000000000,0.0000000000,2025-03-12 17:51:00.000,SocSon,"2",1432.8700000000,I
12998,24.3000000000,83.4000000000,1.4000000000,138.0000000000,0.0000000000,2025-03-12 17:50:00.000,SocSon,"2",1432.8700000000,I
12997,24.3000000000,83.3000000000,2.6000000000,141.0000000000,0.0000000000,2025-03-12 17:49:00.000,SocSon,"2",1432.8700000000,I
12996,24.3000000000,83.3000000000,2.8000000000,144.0000000000,0.0000000000,2025-03-12 17:48:00.000,SocSon,"2",1432.8700000000,I
12995,24.3000000000,83.2000000000,1.4000000000,137.0000000000,0.0000000000,2025-03-12 17:47:00.000,SocSon,"2",1432.8700000000,I
12994,24.3000000000,83.1000000000,2.0000000000,134.0000000000,0.0000000000,2025-03-12 17:46:00.000,SocSon,"2",1432.8700000000,I
12993,24.3000000000,83.1000000000,1.6000000000,133.0000000000,0.0000000000,2025-03-12 17:45:00.000,SocSon,"2",1432.8700000000,I
12992,24.4000000000,82.9000000000,1.6000000000,169.0000000000,0.0000000000,2025-03-12 17:44:00.000,SocSon,"2",1432.8700000000,I
12991,24.4000000000,82.7000000000,2.1000000000,138.0000000000,0.0000000000,2025-03-12 17:43:00.000,SocSon,"2",1432.8700000000,I
12990,24.4000000000,82.4000000000,1.8000000000,169.0000000000,0.0000000000,2025-03-12 17:42:00.000,SocSon,"2",1432.8700000000,I
12989,24.5000000000,82.3000000000,2.2000000000,160.0000000000,0.0000000000,2025-03-12 17:41:00.000,SocSon,"2",1432.8700000000,I
12988,24.6000000000,82.1000000000,1.7000000000,166.0000000000,0.0000000000,2025-03-12 17:40:00.000,SocSon,"2",1432.8700000000,I
12987,24.6000000000,81.9000000000,1.9000000000,140.0000000000,0.0000000000,2025-03-12 17:39:00.000,SocSon,"2",1432.8700000000,I
12986,24.6000000000,81.9000000000,1.0000000000,127.0000000000,0.0000000000,2025-03-12 17:38:00.000,SocSon,"2",1432.8700000000,I
12985,24.6000000000,81.6000000000,0.6000000000,134.0000000000,0.0000000000,2025-03-12 17:37:00.000,SocSon,"2",1432.8700000000,I
12984,24.6000000000,82.0000000000,0.2000000000,121.0000000000,0.0000000000,2025-03-12 17:36:00.000,SocSon,"2",1432.8700000000,I
12983,24.6000000000,82.1000000000,0.0000000000,48.0000000000,0.0000000000,2025-03-12 17:35:00.000,SocSon,"2",1432.8700000000,I
12982,24.6000000000,82.1000000000,0.0000000000,259.0000000000,0.0000000000,2025-03-12 17:34:00.000,SocSon,"2",1432.8700000000,I
12981,24.6000000000,82.1000000000,0.0000000000,217.0000000000,0.0000000000,2025-03-12 17:33:00.000,SocSon,"2",1432.8700000000,I
12980,24.6000000000,82.2000000000,0.5000000000,167.0000000000,0.0000000000,2025-03-12 17:32:00.000,SocSon,"2",1432.8700000000,I
12979,24.5000000000,82.2000000000,0.2000000000,239.0000000000,0.0000000000,2025-03-12 17:31:00.000,SocSon,"2",1432.8700000000,I
12978,24.5000000000,82.2000000000,0.3000000000,217.0000000000,0.0000000000,2025-03-12 17:30:00.000,SocSon,"2",1432.8700000000,I
12977,24.6000000000,82.0000000000,1.2000000000,184.0000000000,0.0000000000,2025-03-12 17:29:00.000,SocSon,"2",1432.8700000000,I
12976,24.6000000000,82.0000000000,1.1000000000,74.0000000000,0.0000000000,2025-03-12 17:28:00.000,SocSon,"2",1432.8700000000,I
12975,24.5000000000,82.1000000000,0.5000000000,169.0000000000,0.0000000000,2025-03-12 17:27:00.000,SocSon,"2",1432.8700000000,I
12974,24.6000000000,82.0000000000,0.4000000000,145.0000000000,0.0000000000,2025-03-12 17:26:00.000,SocSon,"2",1432.8700000000,I
12973,24.6000000000,82.1000000000,2.1000000000,119.0000000000,0.0000000000,2025-03-12 17:25:00.000,SocSon,"2",1432.8700000000,I
12972,24.6000000000,81.9000000000,1.4000000000,121.0000000000,0.0000000000,2025-03-12 17:24:00.000,SocSon,"2",1432.8700000000,I
12971,24.5000000000,81.9000000000,0.8000000000,121.0000000000,0.0000000000,2025-03-12 17:23:00.000,SocSon,"2",1432.8700000000,I
12970,24.5000000000,81.8000000000,1.0000000000,169.0000000000,0.0000000000,2025-03-12 17:22:00.000,SocSon,"2",1432.8700000000,I
12969,24.6000000000,81.7000000000,1.4000000000,121.0000000000,0.0000000000,2025-03-12 17:21:00.000,SocSon,"2",1432.8700000000,I
12968,24.5000000000,81.7000000000,1.3000000000,141.0000000000,0.0000000000,2025-03-12 17:20:00.000,SocSon,"2",1432.8700000000,I
12967,24.6000000000,81.5000000000,1.0000000000,122.0000000000,0.0000000000,2025-03-12 17:19:00.000,SocSon,"2",1432.8700000000,I
12966,24.5000000000,81.6000000000,1.2000000000,169.0000000000,0.0000000000,2025-03-12 17:18:00.000,SocSon,"2",1432.8700000000,I
12965,24.6000000000,81.4000000000,1.0000000000,169.0000000000,0.0000000000,2025-03-12 17:17:00.000,SocSon,"2",1432.8700000000,I
12964,24.6000000000,81.4000000000,0.9000000000,192.0000000000,0.0000000000,2025-03-12 17:16:00.000,SocSon,"2",1432.8700000000,I
12963,24.6000000000,81.2000000000,1.4000000000,161.0000000000,0.0000000000,2025-03-12 17:15:00.000,SocSon,"2",1432.8700000000,I
12962,24.7000000000,81.4000000000,0.6000000000,169.0000000000,0.0000000000,2025-03-12 17:14:00.000,SocSon,"2",1432.8700000000,I
12961,24.7000000000,81.3000000000,1.2000000000,193.0000000000,0.0000000000,2025-03-12 17:13:00.000,SocSon,"2",1432.8700000000,I
12960,24.7000000000,81.1000000000,1.6000000000,136.0000000000,0.0000000000,2025-03-12 17:12:00.000,SocSon,"2",1432.8700000000,I
12959,24.7000000000,80.9000000000,2.3000000000,132.0000000000,0.0000000000,2025-03-12 17:11:00.000,SocSon,"2",1432.8700000000,I
12958,24.7000000000,80.9000000000,1.8000000000,152.0000000000,0.0000000000,2025-03-12 17:10:00.000,SocSon,"2",1432.8700000000,I
12957,24.7000000000,81.3000000000,2.5000000000,157.0000000000,0.0000000000,2025-03-12 17:09:00.000,SocSon,"2",1432.8700000000,I
12956,24.7000000000,81.5000000000,0.8000000000,145.0000000000,0.0000000000,2025-03-12 17:08:00.000,SocSon,"2",1432.8700000000,I
12955,24.7000000000,81.5000000000,0.6000000000,193.0000000000,0.0000000000,2025-03-12 17:07:00.000,SocSon,"2",1432.8700000000,I
12954,24.7000000000,81.2000000000,1.0000000000,169.0000000000,0.0000000000,2025-03-12 17:06:00.000,SocSon,"2",1432.8700000000,I
12953,24.7000000000,81.2000000000,1.4000000000,169.0000000000,0.0000000000,2025-03-12 17:05:00.000,SocSon,"2",1432.8700000000,I
12952,24.7000000000,81.4000000000,1.6000000000,169.0000000000,0.0000000000,2025-03-12 17:04:00.000,SocSon,"2",1432.8700000000,I
12951,24.7000000000,81.3000000000,2.2000000000,150.0000000000,0.0000000000,2025-03-12 17:03:00.000,SocSon,"2",1432.8700000000,I
12950,24.7000000000,81.2000000000,1.1000000000,121.0000000000,0.0000000000,2025-03-12 17:02:00.000,SocSon,"2",1432.8700000000,I
12949,24.8000000000,81.2000000000,1.8000000000,146.0000000000,0.0000000000,2025-03-12 17:01:00.000,SocSon,"2",1432.8700000000,I
12948,24.7000000000,81.2000000000,1.4000000000,112.0000000000,0.0000000000,2025-03-12 17:00:00.000,SocSon,"2",1432.8700000000,I
12947,24.8000000000,81.0000000000,1.4000000000,124.0000000000,0.0000000000,2025-03-12 16:59:00.000,SocSon,"2",1432.8700000000,I
12946,24.8000000000,80.9000000000,1.6000000000,194.0000000000,0.0000000000,2025-03-12 16:58:00.000,SocSon,"2",1432.8700000000,I
12945,24.9000000000,80.5000000000,2.2000000000,147.0000000000,0.0000000000,2025-03-12 16:57:00.000,SocSon,"2",1432.8700000000,I
12944,24.9000000000,80.8000000000,0.8000000000,131.0000000000,0.0000000000,2025-03-12 16:56:00.000,SocSon,"2",1432.8700000000,I
12943,24.9000000000,80.7000000000,1.0000000000,169.0000000000,0.0000000000,2025-03-12 16:55:00.000,SocSon,"2",1432.8700000000,I
12942,24.9000000000,80.6000000000,1.0000000000,242.0000000000,0.0000000000,2025-03-12 16:54:00.000,SocSon,"2",1432.8700000000,I
12941,25.0000000000,80.5000000000,1.6000000000,121.0000000000,0.0000000000,2025-03-12 16:53:00.000,SocSon,"2",1432.8700000000,I
12940,25.0000000000,80.3000000000,2.0000000000,145.0000000000,0.0000000000,2025-03-12 16:52:00.000,SocSon,"2",1432.8700000000,I
12939,25.1000000000,80.2000000000,2.0000000000,130.0000000000,0.0000000000,2025-03-12 16:51:00.000,SocSon,"2",1432.8700000000,I
12938,25.1000000000,80.3000000000,2.0000000000,156.0000000000,0.0000000000,2025-03-12 16:50:00.000,SocSon,"2",1432.8700000000,I
12937,25.1000000000,80.4000000000,1.1000000000,123.0000000000,0.0000000000,2025-03-12 16:49:00.000,SocSon,"2",1432.8700000000,I
12936,25.1000000000,80.1000000000,0.5000000000,145.0000000000,0.0000000000,2025-03-12 16:48:00.000,SocSon,"2",1432.8700000000,I
12935,25.1000000000,79.9000000000,1.6000000000,144.0000000000,0.0000000000,2025-03-12 16:47:00.000,SocSon,"2",1432.8700000000,I
12934,25.1000000000,80.2000000000,1.5000000000,84.0000000000,0.0000000000,2025-03-12 16:46:00.000,SocSon,"2",1432.8700000000,I
12933,25.1000000000,80.4000000000,1.2000000000,146.0000000000,0.0000000000,2025-03-12 16:45:00.000,SocSon,"2",1432.8700000000,I
12932,25.1000000000,80.7000000000,1.7000000000,155.0000000000,0.0000000000,2025-03-12 16:44:00.000,SocSon,"2",1432.8700000000,I
12931,25.1000000000,80.5000000000,0.8000000000,121.0000000000,0.0000000000,2025-03-12 16:43:00.000,SocSon,"2",1432.8700000000,I
12930,25.1000000000,80.3000000000,0.8000000000,145.0000000000,0.0000000000,2025-03-12 16:42:00.000,SocSon,"2",1432.8700000000,I
12929,25.1000000000,80.2000000000,1.7000000000,189.0000000000,0.0000000000,2025-03-12 16:41:00.000,SocSon,"2",1432.8700000000,I
12928,25.1000000000,80.2000000000,1.7000000000,80.0000000000,0.0000000000,2025-03-12 16:40:00.000,SocSon,"2",1432.8700000000,I
12927,25.1000000000,80.5000000000,1.0000000000,148.0000000000,0.0000000000,2025-03-12 16:39:00.000,SocSon,"2",1432.8700000000,I
12926,25.0000000000,80.1000000000,0.8000000000,145.0000000000,0.0000000000,2025-03-12 16:38:00.000,SocSon,"2",1432.8700000000,I
12925,25.0000000000,80.2000000000,0.8000000000,169.0000000000,0.0000000000,2025-03-12 16:37:00.000,SocSon,"2",1432.8700000000,I
12924,25.0000000000,80.0000000000,1.5000000000,163.0000000000,0.0000000000,2025-03-12 16:36:00.000,SocSon,"2",1432.8700000000,I
12923,25.0000000000,80.7000000000,1.0000000000,121.0000000000,0.0000000000,2025-03-12 16:35:00.000,SocSon,"2",1432.8700000000,I
12922,24.9000000000,80.6000000000,1.2000000000,123.0000000000,0.0000000000,2025-03-12 16:34:00.000,SocSon,"2",1432.8700000000,I
12921,24.9000000000,80.0000000000,2.2000000000,222.0000000000,0.0000000000,2025-03-12 16:33:00.000,SocSon,"2",1432.8700000000,I
12920,24.9000000000,80.3000000000,1.0000000000,97.0000000000,0.0000000000,2025-03-12 16:32:00.000,SocSon,"2",1432.8700000000,I
12919,24.9000000000,80.1000000000,1.0000000000,127.0000000000,0.0000000000,2025-03-12 16:31:00.000,SocSon,"2",1432.8700000000,I
12918,24.9000000000,79.9000000000,2.0000000000,169.0000000000,0.0000000000,2025-03-12 16:30:00.000,SocSon,"2",1432.8700000000,I
12917,25.0000000000,79.9000000000,1.7000000000,151.0000000000,0.0000000000,2025-03-12 16:29:00.000,SocSon,"2",1432.8700000000,I
12916,25.0000000000,79.5000000000,3.4000000000,109.0000000000,0.0000000000,2025-03-12 16:28:00.000,SocSon,"2",1432.8700000000,I
12915,25.0000000000,80.0000000000,3.2000000000,132.0000000000,0.0000000000,2025-03-12 16:27:00.000,SocSon,"2",1432.8700000000,I
12914,25.0000000000,80.2000000000,2.2000000000,127.0000000000,0.0000000000,2025-03-12 16:26:00.000,SocSon,"2",1432.8700000000,I
12913,25.0000000000,79.6000000000,2.3000000000,147.0000000000,0.0000000000,2025-03-12 16:25:00.000,SocSon,"2",1432.8700000000,I
12912,25.0000000000,80.1000000000,1.4000000000,160.0000000000,0.0000000000,2025-03-12 16:24:00.000,SocSon,"2",1432.8700000000,I
12911,25.0000000000,80.1000000000,2.3000000000,144.0000000000,0.0000000000,2025-03-12 16:23:00.000,SocSon,"2",1432.8700000000,I
12910,25.0000000000,80.0000000000,2.0000000000,122.0000000000,0.0000000000,2025-03-12 16:22:00.000,SocSon,"2",1432.8700000000,I
12909,24.9000000000,80.0000000000,1.2000000000,169.0000000000,0.0000000000,2025-03-12 16:21:00.000,SocSon,"2",1432.8700000000,I
12908,24.9000000000,80.3000000000,0.8000000000,120.0000000000,0.0000000000,2025-03-12 16:20:00.000,SocSon,"2",1432.8700000000,I
12907,24.8000000000,80.0000000000,1.0000000000,125.0000000000,0.0000000000,2025-03-12 16:19:00.000,SocSon,"2",1432.8700000000,I
12906,24.8000000000,80.2000000000,1.2000000000,122.0000000000,0.0000000000,2025-03-12 16:18:00.000,SocSon,"2",1432.8700000000,I
12905,24.8000000000,80.5000000000,1.6000000000,154.0000000000,0.0000000000,2025-03-12 16:17:00.000,SocSon,"2",1432.8700000000,I
12904,24.9000000000,80.4000000000,1.4000000000,166.0000000000,0.0000000000,2025-03-12 16:16:00.000,SocSon,"2",1432.8700000000,I
12903,24.8000000000,80.3000000000,2.0000000000,126.0000000000,0.0000000000,2025-03-12 16:15:00.000,SocSon,"2",1432.8700000000,I
12902,24.9000000000,80.3000000000,0.8000000000,122.0000000000,0.0000000000,2025-03-12 16:14:00.000,SocSon,"2",1432.8700000000,I
12901,24.8000000000,80.3000000000,1.3000000000,116.0000000000,0.0000000000,2025-03-12 16:13:00.000,SocSon,"2",1432.8700000000,I
12900,24.8000000000,80.1000000000,1.6000000000,178.0000000000,0.0000000000,2025-03-12 16:12:00.000,SocSon,"2",1432.8700000000,I
12899,24.9000000000,80.5000000000,2.0000000000,121.0000000000,0.0000000000,2025-03-12 16:11:00.000,SocSon,"2",1432.8700000000,I
12898,24.8000000000,80.7000000000,0.7000000000,125.0000000000,0.0000000000,2025-03-12 16:10:00.000,SocSon,"2",1432.8700000000,I
12897,24.8000000000,80.2000000000,0.9000000000,190.0000000000,0.0000000000,2025-03-12 16:09:00.000,SocSon,"2",1432.8700000000,I
12896,24.9000000000,80.3000000000,1.2000000000,169.0000000000,0.0000000000,2025-03-12 16:08:00.000,SocSon,"2",1432.8700000000,I
12895,24.9000000000,80.6000000000,1.4000000000,193.0000000000,0.0000000000,2025-03-12 16:07:00.000,SocSon,"2",1432.8700000000,I
12894,24.9000000000,81.0000000000,1.0000000000,180.0000000000,0.0000000000,2025-03-12 16:06:00.000,SocSon,"2",1432.8700000000,I
12893,24.8000000000,81.3000000000,0.6000000000,121.0000000000,0.0000000000,2025-03-12 16:05:00.000,SocSon,"2",1432.8700000000,I
12892,24.8000000000,81.2000000000,0.6000000000,169.0000000000,0.0000000000,2025-03-12 16:04:00.000,SocSon,"2",1432.8700000000,I
12891,24.7000000000,81.3000000000,0.6000000000,145.0000000000,0.0000000000,2025-03-12 16:03:00.000,SocSon,"2",1432.8700000000,I
12890,24.7000000000,81.3000000000,1.0000000000,208.0000000000,0.0000000000,2025-03-12 16:02:00.000,SocSon,"2",1432.8700000000,I
12889,24.6000000000,81.4000000000,1.4000000000,141.0000000000,0.0000000000,2025-03-12 16:01:00.000,SocSon,"2",1432.8700000000,I
12888,25.0000000000,80.4000000000,0.6000000000,76.0000000000,0.0000000000,2025-03-12 15:47:00.000,SocSon,"2",1432.8700000000,I
12887,25.0000000000,79.7000000000,1.4000000000,189.0000000000,0.0000000000,2025-03-12 15:46:00.000,SocSon,"2",1432.8700000000,I
12886,25.1000000000,79.9000000000,2.5000000000,159.0000000000,0.0000000000,2025-03-12 15:45:00.000,SocSon,"2",1432.8700000000,I
12885,25.1000000000,79.9000000000,1.6000000000,145.0000000000,0.0000000000,2025-03-12 15:44:00.000,SocSon,"2",1432.8700000000,I
12884,25.1000000000,80.3000000000,2.0000000000,145.0000000000,0.0000000000,2025-03-12 15:43:00.000,SocSon,"2",1432.8700000000,I
12883,25.1000000000,80.1000000000,1.6000000000,159.0000000000,0.0000000000,2025-03-12 15:42:00.000,SocSon,"2",1432.8700000000,I
12882,25.1000000000,80.3000000000,2.2000000000,168.0000000000,0.0000000000,2025-03-12 15:41:00.000,SocSon,"2",1432.8700000000,I
12881,25.1000000000,80.5000000000,1.6000000000,162.0000000000,0.0000000000,2025-03-12 15:40:00.000,SocSon,"2",1432.8700000000,I
12880,25.1000000000,80.3000000000,1.9000000000,168.0000000000,0.0000000000,2025-03-12 15:39:00.000,SocSon,"2",1432.8700000000,I
12879,25.1000000000,80.2000000000,4.4000000000,167.0000000000,0.0000000000,2025-03-12 15:38:00.000,SocSon,"2",1432.8700000000,I
12878,25.1000000000,80.6000000000,2.9000000000,101.0000000000,0.0000000000,2025-03-12 15:37:00.000,SocSon,"2",1432.8700000000,I
12877,25.1000000000,80.8000000000,1.0000000000,217.0000000000,0.0000000000,2025-03-12 15:36:00.000,SocSon,"2",1432.8700000000,I
12876,25.1000000000,80.0000000000,1.8000000000,167.0000000000,0.0000000000,2025-03-12 15:35:00.000,SocSon,"2",1432.8700000000,I
12875,25.2000000000,79.9000000000,2.0000000000,154.0000000000,0.0000000000,2025-03-12 15:34:00.000,SocSon,"2",1432.8700000000,I
12874,25.2000000000,80.1000000000,1.8000000000,172.0000000000,0.0000000000,2025-03-12 15:33:00.000,SocSon,"2",1432.8700000000,I
12873,25.2000000000,79.4000000000,1.2000000000,169.0000000000,0.0000000000,2025-03-12 15:32:00.000,SocSon,"2",1432.8700000000,I
12872,25.3000000000,79.8000000000,3.2000000000,169.0000000000,0.0000000000,2025-03-12 15:31:00.000,SocSon,"2",1432.8700000000,I
12871,25.3000000000,79.9000000000,2.5000000000,133.0000000000,0.0000000000,2025-03-12 15:30:00.000,SocSon,"2",1432.8700000000,I
12870,25.3000000000,79.3000000000,1.8000000000,192.0000000000,0.0000000000,2025-03-12 15:29:00.000,SocSon,"2",1432.8700000000,I
12869,25.4000000000,79.2000000000,1.8000000000,190.0000000000,0.0000000000,2025-03-12 15:28:00.000,SocSon,"2",1432.8700000000,I
12868,25.5000000000,79.5000000000,1.4000000000,215.0000000000,0.0000000000,2025-03-12 15:27:00.000,SocSon,"2",1432.8700000000,I
12867,25.5000000000,81.0000000000,0.8000000000,169.0000000000,0.0000000000,2025-03-12 15:26:00.000,SocSon,"2",1432.8700000000,I
12866,25.3000000000,80.4000000000,0.8000000000,217.0000000000,0.0000000000,2025-03-12 15:25:00.000,SocSon,"2",1432.8700000000,I
12865,25.3000000000,80.5000000000,2.2000000000,121.0000000000,0.0000000000,2025-03-12 15:24:00.000,SocSon,"2",1432.8700000000,I
12864,25.2000000000,81.0000000000,0.6000000000,217.0000000000,0.0000000000,2025-03-12 15:23:00.000,SocSon,"2",1432.8700000000,I
12863,25.2000000000,80.7000000000,1.0000000000,126.0000000000,0.0000000000,2025-03-12 15:22:00.000,SocSon,"2",1432.8700000000,I
12862,25.1000000000,80.8000000000,1.0000000000,156.0000000000,0.0000000000,2025-03-12 15:21:00.000,SocSon,"2",1432.8700000000,I
12861,25.1000000000,80.6000000000,1.4000000000,169.0000000000,0.0000000000,2025-03-12 15:20:00.000,SocSon,"2",1432.8700000000,I
12860,25.1000000000,80.4000000000,2.4000000000,121.0000000000,0.0000000000,2025-03-12 15:19:00.000,SocSon,"2",1432.8700000000,I
12859,25.1000000000,80.9000000000,1.8000000000,134.0000000000,0.0000000000,2025-03-12 15:18:00.000,SocSon,"2",1432.8700000000,I
12858,25.1000000000,80.4000000000,1.8000000000,167.0000000000,0.0000000000,2025-03-12 15:17:00.000,SocSon,"2",1432.8700000000,I
12857,25.0000000000,80.6000000000,2.2000000000,144.0000000000,0.0000000000,2025-03-12 15:16:00.000,SocSon,"2",1432.8700000000,I
12856,25.0000000000,81.2000000000,0.8000000000,200.0000000000,0.0000000000,2025-03-12 15:15:00.000,SocSon,"2",1432.8700000000,I
12855,24.9000000000,81.2000000000,1.4000000000,169.0000000000,0.0000000000,2025-03-12 15:14:00.000,SocSon,"2",1432.8700000000,I
12854,24.9000000000,81.4000000000,1.2000000000,169.0000000000,0.0000000000,2025-03-12 15:13:00.000,SocSon,"2",1432.8700000000,I
12853,24.8000000000,81.2000000000,2.4000000000,124.0000000000,0.0000000000,2025-03-12 15:12:00.000,SocSon,"2",1432.8700000000,I
12852,24.7000000000,81.2000000000,2.2000000000,156.0000000000,0.0000000000,2025-03-12 15:11:00.000,SocSon,"2",1432.8700000000,I
12851,24.7000000000,81.0000000000,1.8000000000,185.0000000000,0.0000000000,2025-03-12 15:10:00.000,SocSon,"2",1432.8700000000,I
12850,24.7000000000,80.9000000000,3.7000000000,168.0000000000,0.0000000000,2025-03-12 15:09:00.000,SocSon,"2",1432.8700000000,I
12849,24.7000000000,81.8000000000,2.7000000000,127.0000000000,0.0000000000,2025-03-12 15:08:00.000,SocSon,"2",1432.8700000000,I
12848,24.7000000000,82.0000000000,0.8000000000,265.0000000000,0.0000000000,2025-03-12 15:07:00.000,SocSon,"2",1432.8700000000,I
12847,24.6000000000,82.1000000000,1.6000000000,123.0000000000,0.0000000000,2025-03-12 15:06:00.000,SocSon,"2",1432.8700000000,I
12846,24.6000000000,81.6000000000,2.3000000000,90.0000000000,0.0000000000,2025-03-12 15:05:00.000,SocSon,"2",1432.8700000000,I
12845,24.6000000000,81.3000000000,3.3000000000,153.0000000000,0.0000000000,2025-03-12 15:04:00.000,SocSon,"2",1432.8700000000,I
12844,24.7000000000,81.3000000000,3.2000000000,170.0000000000,0.0000000000,2025-03-12 15:03:00.000,SocSon,"2",1432.8700000000,I
12843,24.7000000000,81.3000000000,1.7000000000,138.0000000000,0.0000000000,2025-03-12 15:02:00.000,SocSon,"2",1432.8700000000,I
12842,24.8000000000,80.3000000000,2.8000000000,128.0000000000,0.0000000000,2025-03-12 15:01:00.000,SocSon,"2",1432.8700000000,I
12841,24.9000000000,80.2000000000,2.7000000000,189.0000000000,0.0000000000,2025-03-12 15:00:00.000,SocSon,"2",1432.8700000000,I
12840,25.0000000000,80.5000000000,2.2000000000,180.0000000000,0.0000000000,2025-03-12 14:59:00.000,SocSon,"2",1432.8700000000,I
12839,25.0000000000,80.5000000000,2.2000000000,141.0000000000,0.0000000000,2025-03-12 14:58:00.000,SocSon,"2",1432.8700000000,I
12838,25.0000000000,80.1000000000,1.0000000000,169.0000000000,0.0000000000,2025-03-12 14:57:00.000,SocSon,"2",1432.8700000000,I
12837,25.2000000000,79.2000000000,3.3000000000,162.0000000000,0.0000000000,2025-03-12 14:56:00.000,SocSon,"2",1432.8700000000,I
12836,25.2000000000,79.6000000000,0.8000000000,102.0000000000,0.0000000000,2025-03-12 14:55:00.000,SocSon,"2",1432.8700000000,I
12835,25.2000000000,79.1000000000,2.0000000000,169.0000000000,0.0000000000,2025-03-12 14:54:00.000,SocSon,"2",1432.8700000000,I
12834,25.3000000000,78.3000000000,2.6000000000,121.0000000000,0.0000000000,2025-03-12 14:53:00.000,SocSon,"2",1432.8700000000,I
12833,25.4000000000,78.8000000000,1.4000000000,189.0000000000,0.0000000000,2025-03-12 14:52:00.000,SocSon,"2",1432.8700000000,I
12832,25.4000000000,78.5000000000,1.9000000000,131.0000000000,0.0000000000,2025-03-12 14:51:00.000,SocSon,"2",1432.8700000000,I
12831,25.5000000000,78.3000000000,2.1000000000,135.0000000000,0.0000000000,2025-03-12 14:50:00.000,SocSon,"2",1432.8700000000,I
12830,25.6000000000,77.5000000000,2.0000000000,145.0000000000,0.0000000000,2025-03-12 14:49:00.000,SocSon,"2",1432.8700000000,I
12829,25.6000000000,77.6000000000,3.4000000000,139.0000000000,0.0000000000,2025-03-12 14:48:00.000,SocSon,"2",1432.8700000000,I
12828,25.6000000000,77.9000000000,1.4000000000,78.0000000000,0.0000000000,2025-03-12 14:47:00.000,SocSon,"2",1432.8700000000,I
12827,25.7000000000,77.4000000000,1.2000000000,167.0000000000,0.0000000000,2025-03-12 14:46:00.000,SocSon,"2",1432.8700000000,I
12826,25.7000000000,77.1000000000,2.7000000000,124.0000000000,0.0000000000,2025-03-12 14:45:00.000,SocSon,"2",1432.8700000000,I
12825,25.8000000000,77.1000000000,2.1000000000,166.0000000000,0.0000000000,2025-03-12 14:44:00.000,SocSon,"2",1432.8700000000,I
12824,25.8000000000,76.9000000000,2.1000000000,154.0000000000,0.0000000000,2025-03-12 14:43:00.000,SocSon,"2",1432.8700000000,I
12823,25.9000000000,76.5000000000,2.3000000000,168.0000000000,0.0000000000,2025-03-12 14:42:00.000,SocSon,"2",1432.8700000000,I
12822,25.9000000000,77.6000000000,1.1000000000,121.0000000000,0.0000000000,2025-03-12 14:41:00.000,SocSon,"2",1432.8700000000,I
12821,25.9000000000,77.6000000000,1.6000000000,121.0000000000,0.0000000000,2025-03-12 14:40:00.000,SocSon,"2",1432.8700000000,I
12820,26.0000000000,77.3000000000,2.9000000000,139.0000000000,0.0000000000,2025-03-12 14:39:00.000,SocSon,"2",1432.8700000000,I
12819,26.0000000000,77.4000000000,1.4000000000,128.0000000000,0.0000000000,2025-03-12 14:38:00.000,SocSon,"2",1432.8700000000,I
12818,26.1000000000,76.9000000000,1.2000000000,64.0000000000,0.0000000000,2025-03-12 14:37:00.000,SocSon,"2",1432.8700000000,I
12817,26.1000000000,76.5000000000,2.8000000000,115.0000000000,0.0000000000,2025-03-12 14:36:00.000,SocSon,"2",1432.8700000000,I
12816,26.2000000000,76.0000000000,2.6000000000,94.0000000000,0.0000000000,2025-03-12 14:35:00.000,SocSon,"2",1432.8700000000,I
12815,26.3000000000,76.6000000000,3.1000000000,121.0000000000,0.0000000000,2025-03-12 14:34:00.000,SocSon,"2",1432.8700000000,I
12814,26.3000000000,76.7000000000,1.2000000000,148.0000000000,0.0000000000,2025-03-12 14:33:00.000,SocSon,"2",1432.8700000000,I
12813,26.3000000000,77.1000000000,2.0000000000,122.0000000000,0.0000000000,2025-03-12 14:32:00.000,SocSon,"2",1432.8700000000,I
12812,26.3000000000,77.4000000000,1.8000000000,122.0000000000,0.0000000000,2025-03-12 14:31:00.000,SocSon,"2",1432.8700000000,I
12811,26.3000000000,77.7000000000,0.8000000000,97.0000000000,0.0000000000,2025-03-12 14:30:00.000,SocSon,"2",1432.8700000000,I
12810,26.2000000000,78.4000000000,0.8000000000,164.0000000000,0.0000000000,2025-03-12 14:29:00.000,SocSon,"2",1432.8700000000,I
12809,26.2000000000,77.2000000000,1.4000000000,145.0000000000,0.0000000000,2025-03-12 14:28:00.000,SocSon,"2",1432.8700000000,I
12808,26.2000000000,77.7000000000,1.2000000000,121.0000000000,0.0000000000,2025-03-12 14:27:00.000,SocSon,"2",1432.8700000000,I
12807,26.2000000000,77.2000000000,2.0000000000,118.0000000000,0.0000000000,2025-03-12 14:26:00.000,SocSon,"2",1432.8700000000,I
12806,26.1000000000,77.4000000000,3.2000000000,118.0000000000,0.0000000000,2025-03-12 14:25:00.000,SocSon,"2",1432.8700000000,I
12805,26.1000000000,78.5000000000,0.9000000000,120.0000000000,0.0000000000,2025-03-12 14:24:00.000,SocSon,"2",1432.8700000000,I
12804,26.1000000000,77.7000000000,2.5000000000,121.0000000000,0.0000000000,2025-03-12 14:23:00.000,SocSon,"2",1432.8700000000,I
12803,26.1000000000,77.5000000000,2.9000000000,133.0000000000,0.0000000000,2025-03-12 14:22:00.000,SocSon,"2",1432.8700000000,I
12802,26.1000000000,76.9000000000,2.8000000000,114.0000000000,0.0000000000,2025-03-12 14:21:00.000,SocSon,"2",1432.8700000000,I
12801,26.2000000000,77.3000000000,2.7000000000,132.0000000000,0.0000000000,2025-03-12 14:20:00.000,SocSon,"2",1432.8700000000,I
12800,26.2000000000,77.3000000000,1.4000000000,170.0000000000,0.0000000000,2025-03-12 14:19:00.000,SocSon,"2",1432.8700000000,I
12799,26.1000000000,77.0000000000,1.6000000000,135.0000000000,0.0000000000,2025-03-12 14:18:00.000,SocSon,"2",1432.8700000000,I
12798,26.1000000000,76.4000000000,2.5000000000,98.0000000000,0.0000000000,2025-03-12 14:17:00.000,SocSon,"2",1432.8700000000,I
12797,26.1000000000,77.2000000000,2.5000000000,121.0000000000,0.0000000000,2025-03-12 14:16:00.000,SocSon,"2",1432.8700000000,I
12796,26.0000000000,77.9000000000,2.2000000000,121.0000000000,0.0000000000,2025-03-12 14:15:00.000,SocSon,"2",1432.8700000000,I
12795,25.9000000000,77.8000000000,1.2000000000,155.0000000000,0.0000000000,2025-03-12 14:14:00.000,SocSon,"2",1432.8700000000,I
12794,25.9000000000,78.3000000000,0.6000000000,121.0000000000,0.0000000000,2025-03-12 14:13:00.000,SocSon,"2",1432.8700000000,I
12793,25.8000000000,76.9000000000,1.8000000000,75.0000000000,0.0000000000,2025-03-12 14:12:00.000,SocSon,"2",1432.8700000000,I
12792,25.9000000000,76.6000000000,3.1000000000,178.0000000000,0.0000000000,2025-03-12 14:11:00.000,SocSon,"2",1432.8700000000,I
12791,25.9000000000,76.0000000000,2.3000000000,147.0000000000,0.0000000000,2025-03-12 14:10:00.000,SocSon,"2",1432.8700000000,I
12790,25.9000000000,77.0000000000,2.0000000000,138.0000000000,0.0000000000,2025-03-12 14:09:00.000,SocSon,"2",1432.8700000000,I
12789,25.8000000000,76.7000000000,1.0000000000,210.0000000000,0.0000000000,2025-03-12 14:08:00.000,SocSon,"2",1432.8700000000,I
12788,25.9000000000,76.0000000000,1.4000000000,217.0000000000,0.0000000000,2025-03-12 14:07:00.000,SocSon,"2",1432.8700000000,I
12787,25.8000000000,76.9000000000,1.6000000000,180.0000000000,0.0000000000,2025-03-12 14:06:00.000,SocSon,"2",1432.8700000000,I
12786,25.7000000000,78.1000000000,1.8000000000,138.0000000000,0.0000000000,2025-03-12 14:05:00.000,SocSon,"2",1432.8700000000,I
12785,24.5000000000,75.8000000000,0.7000000000,318.0000000000,0.0000000000,2025-03-11 15:28:00.000,SocSon,"2",1432.8700000000,I
12784,22.5000000000,76.8000000000,0.0000000000,300.0000000000,0.0000000000,2025-03-11 15:27:00.000,SocSon,"2",1432.8700000000,I
12723,19.4000000000,85.8000000000,0.0000000000,337.0000000000,0.0000000000,2025-03-10 04:00:00.000,SocSon,"2",1432.8700000000,I
12663,19.3000000000,85.3000000000,0.0000000000,337.0000000000,0.0000000000,2025-03-10 03:00:00.000,SocSon,"2",1432.8700000000,I
12604,19.7000000000,83.5000000000,0.0000000000,337.0000000000,0.0000000000,2025-03-10 02:00:00.000,SocSon,"2",1432.8700000000,I
12544,19.8000000000,81.8000000000,0.2000000000,193.0000000000,0.0000000000,2025-03-10 01:00:00.000,SocSon,"2",1432.8700000000,I
12484,20.3000000000,79.1000000000,0.0000000000,0.0000000000,0.0000000000,2025-03-10 00:00:00.000,SocSon,"2",1432.8700000000,I
12424,20.0000000000,79.2000000000,0.0000000000,0.0000000000,0.0000000000,2025-03-09 23:00:00.000,SocSon,"2",1432.8700000000,I
12364,19.8000000000,77.5000000000,0.0000000000,313.0000000000,0.0000000000,2025-03-09 22:00:00.000,SocSon,"2",1432.8700000000,I
12305,19.9000000000,77.3000000000,0.8000000000,0.0000000000,0.0000000000,2025-03-09 21:00:00.000,SocSon,"2",1432.8700000000,I
12245,20.0000000000,75.1000000000,1.4000000000,337.0000000000,0.0000000000,2025-03-09 20:00:00.000,SocSon,"2",1432.8700000000,I
12185,20.1000000000,76.0000000000,0.8000000000,1.0000000000,0.0000000000,2025-03-09 19:00:00.000,SocSon,"2",1432.8700000000,I
12125,20.4000000000,75.2000000000,0.0000000000,289.0000000000,0.0000000000,2025-03-09 18:00:00.000,SocSon,"2",1432.8700000000,I
12065,21.1000000000,70.6000000000,0.4000000000,0.0000000000,0.0000000000,2025-03-09 17:00:00.000,SocSon,"2",1432.8700000000,I
12005,21.6000000000,67.8000000000,0.0000000000,24.0000000000,0.0000000000,2025-03-09 16:00:00.000,SocSon,"2",1432.8700000000,I
11945,21.5000000000,68.4000000000,1.2000000000,21.0000000000,0.0000000000,2025-03-09 15:00:00.000,SocSon,"2",1432.8700000000,I
11885,21.4000000000,68.8000000000,1.0000000000,24.0000000000,0.0000000000,2025-03-09 14:00:00.000,SocSon,"2",1432.8700000000,I
11825,20.9000000000,70.8000000000,0.4000000000,49.0000000000,0.0000000000,2025-03-09 13:00:00.000,SocSon,"2",1432.8700000000,I
11765,19.1000000000,76.2000000000,3.2000000000,328.0000000000,0.0000000000,2025-03-09 12:00:00.000,SocSon,"2",1284.4800000000,I
11705,18.7000000000,77.1000000000,0.2000000000,142.0000000000,0.0000000000,2025-03-09 11:00:00.000,SocSon,"2",1284.4800000000,I
11645,17.8000000000,80.0000000000,1.0000000000,217.0000000000,0.0000000000,2025-03-09 10:00:00.000,SocSon,"2",1284.4800000000,I
11585,17.5000000000,83.3000000000,1.2000000000,336.0000000000,0.0000000000,2025-03-09 09:00:00.000,SocSon,"2",1284.4800000000,I
11526,17.0000000000,84.0000000000,1.0000000000,0.0000000000,0.0000000000,2025-03-09 08:00:00.000,SocSon,"2",1284.4800000000,I
11466,16.8000000000,84.5000000000,0.6000000000,0.0000000000,0.0000000000,2025-03-09 07:00:00.000,SocSon,"2",1284.4800000000,I
11406,16.7000000000,83.9000000000,0.4000000000,337.0000000000,0.0000000000,2025-03-09 06:00:00.000,SocSon,"2",1284.4800000000,I
11346,17.0000000000,82.1000000000,0.0000000000,0.0000000000,0.0000000000,2025-03-09 05:00:00.000,SocSon,"2",1284.4800000000,I
11286,17.5000000000,79.7000000000,0.0000000000,121.0000000000,0.0000000000,2025-03-09 04:00:00.000,SocSon,"2",1284.4800000000,I
11226,17.4000000000,79.1000000000,0.4000000000,169.0000000000,0.0000000000,2025-03-09 03:00:00.000,SocSon,"2",1284.4800000000,I
11166,17.4000000000,79.0000000000,1.2000000000,145.0000000000,0.0000000000,2025-03-09 02:00:00.000,SocSon,"2",1284.4800000000,I
11108,17.2000000000,79.3000000000,0.0000000000,241.0000000000,0.0000000000,2025-03-09 01:00:00.000,SocSon,"2",1284.4800000000,I
11059,17.1000000000,78.4000000000,0.0000000000,0.0000000000,0.0000000000,2025-03-08 23:00:00.000,SocSon,"2",1284.4800000000,I
10999,17.5000000000,77.7000000000,0.0000000000,0.0000000000,0.0000000000,2025-03-08 22:00:00.000,SocSon,"2",1284.4800000000,I
10939,16.7000000000,78.1000000000,0.8000000000,0.0000000000,0.0000000000,2025-03-08 21:00:00.000,SocSon,"2",1284.4800000000,I
10879,16.5000000000,78.4000000000,0.0000000000,313.0000000000,0.0000000000,2025-03-08 20:00:00.000,SocSon,"2",1284.4800000000,I
10819,16.9000000000,76.2000000000,0.0000000000,313.0000000000,0.0000000000,2025-03-08 19:00:00.000,SocSon,"2",1284.4800000000,I
10760,17.6000000000,72.6000000000,0.0000000000,313.0000000000,0.0000000000,2025-03-08 18:00:00.000,SocSon,"2",1284.4800000000,I
10700,17.8000000000,68.9000000000,1.2000000000,313.0000000000,0.0000000000,2025-03-08 17:00:00.000,SocSon,"2",1284.4800000000,I
10640,17.9000000000,67.2000000000,3.2000000000,359.0000000000,0.0000000000,2025-03-08 16:00:00.000,SocSon,"2",1284.4800000000,I
10580,17.3000000000,71.1000000000,1.4000000000,313.0000000000,0.0000000000,2025-03-08 15:00:00.000,SocSon,"2",1284.4800000000,I
10520,16.2000000000,77.0000000000,1.3000000000,145.0000000000,0.0000000000,2025-03-08 14:00:00.000,SocSon,"2",1284.4800000000,I
10460,17.6000000000,68.4000000000,1.0000000000,337.0000000000,0.0000000000,2025-03-08 13:00:00.000,SocSon,"2",1284.4800000000,I
10400,17.7000000000,67.7000000000,2.0000000000,313.0000000000,0.0000000000,2025-03-08 12:00:00.000,SocSon,"2",1171.8400000000,I
10340,17.3000000000,67.7000000000,2.3000000000,340.0000000000,0.0000000000,2025-03-08 11:00:00.000,SocSon,"2",1171.8400000000,I
10280,16.7000000000,68.3000000000,0.6000000000,337.0000000000,0.0000000000,2025-03-08 10:00:00.000,SocSon,"2",1171.8400000000,I
10220,16.2000000000,69.5000000000,1.4000000000,228.0000000000,0.0000000000,2025-03-08 09:00:00.000,SocSon,"2",1171.8400000000,I
10160,16.3000000000,69.4000000000,0.2000000000,126.0000000000,0.0000000000,2025-03-08 08:00:00.000,SocSon,"2",1171.8400000000,I
10100,16.2000000000,69.6000000000,0.4000000000,164.0000000000,0.0000000000,2025-03-08 07:00:00.000,SocSon,"2",1171.8400000000,I
10040,16.3000000000,67.2000000000,0.4000000000,0.0000000000,0.0000000000,2025-03-08 06:00:00.000,SocSon,"2",1171.8400000000,I
9981,16.2000000000,68.3000000000,0.6000000000,313.0000000000,0.0000000000,2025-03-08 05:00:00.000,SocSon,"2",1171.8400000000,I
9921,16.2000000000,66.6000000000,0.8000000000,337.0000000000,0.0000000000,2025-03-08 04:00:00.000,SocSon,"2",1171.8400000000,I
9861,16.5000000000,66.5000000000,0.0000000000,49.0000000000,0.0000000000,2025-03-08 03:00:00.000,SocSon,"2",1171.8400000000,I
9801,16.6000000000,64.6000000000,1.0000000000,313.0000000000,0.0000000000,2025-03-08 02:00:00.000,SocSon,"2",1171.8400000000,I
9741,16.6000000000,64.0000000000,0.8000000000,241.0000000000,0.0000000000,2025-03-08 01:00:00.000,SocSon,"2",1171.8400000000,I
9681,17.1000000000,61.6000000000,1.0000000000,172.0000000000,0.0000000000,2025-03-08 00:00:00.000,SocSon,"2",1171.8400000000,I
9621,17.4000000000,59.7000000000,0.0000000000,241.0000000000,0.0000000000,2025-03-07 23:00:00.000,SocSon,"2",1171.8400000000,I
9561,17.6000000000,60.4000000000,1.4000000000,148.0000000000,0.0000000000,2025-03-07 22:00:00.000,SocSon,"2",1171.8400000000,I
9501,17.6000000000,65.3000000000,0.0000000000,145.0000000000,0.0000000000,2025-03-07 21:00:00.000,SocSon,"2",1171.8400000000,I
9441,17.2000000000,68.6000000000,0.1000000000,0.0000000000,0.0000000000,2025-03-07 20:00:00.000,SocSon,"2",1171.8400000000,I
9382,17.3000000000,69.7000000000,0.0000000000,337.0000000000,0.0000000000,2025-03-07 19:00:00.000,SocSon,"2",1171.8400000000,I
9322,17.9000000000,64.7000000000,0.0000000000,337.0000000000,0.0000000000,2025-03-07 18:00:00.000,SocSon,"2",1171.8400000000,I
9262,19.3000000000,53.3000000000,0.8000000000,25.0000000000,0.0000000000,2025-03-07 17:00:00.000,SocSon,"2",1171.8400000000,I
9202,20.2000000000,50.7000000000,1.6000000000,277.0000000000,0.0000000000,2025-03-07 16:00:00.000,SocSon,"2",1171.8400000000,I
9142,19.3000000000,50.8000000000,2.9000000000,328.0000000000,0.0000000000,2025-03-07 15:00:00.000,SocSon,"2",1171.8400000000,I
9082,19.3000000000,49.1000000000,0.8000000000,51.0000000000,0.0000000000,2025-03-07 14:00:00.000,SocSon,"2",1171.8400000000,I
9022,18.9000000000,50.5000000000,2.5000000000,330.0000000000,0.0000000000,2025-03-07 13:00:00.000,SocSon,"2",1171.8400000000,I
8962,18.6000000000,52.0000000000,6.0000000000,349.0000000000,0.0000000000,2025-03-07 12:00:00.000,SocSon,"2",967.7200000000,I
8902,16.9000000000,58.0000000000,2.2000000000,1.0000000000,0.0000000000,2025-03-07 11:00:00.000,SocSon,"2",967.7200000000,I
8842,17.1000000000,57.8000000000,2.3000000000,59.0000000000,0.0000000000,2025-03-07 10:00:00.000,SocSon,"2",967.7200000000,I
8782,16.7000000000,61.7000000000,1.0000000000,24.0000000000,0.0000000000,2025-03-07 09:00:00.000,SocSon,"2",967.7200000000,I
8722,16.3000000000,62.6000000000,0.8000000000,73.0000000000,0.0000000000,2025-03-07 08:00:00.000,SocSon,"2",967.7200000000,I
8662,15.7000000000,62.8000000000,1.8000000000,26.0000000000,0.0000000000,2025-03-07 07:00:00.000,SocSon,"2",967.7200000000,I
8603,15.7000000000,61.5000000000,4.5000000000,344.0000000000,0.0000000000,2025-03-07 06:00:00.000,SocSon,"2",967.7200000000,I
8543,15.8000000000,62.1000000000,1.4000000000,96.0000000000,0.0000000000,2025-03-07 05:00:00.000,SocSon,"2",967.7200000000,I
8483,15.8000000000,62.4000000000,1.2000000000,265.0000000000,0.0000000000,2025-03-07 04:00:00.000,SocSon,"2",967.7200000000,I
8423,16.0000000000,61.8000000000,1.5000000000,0.0000000000,0.0000000000,2025-03-07 03:00:00.000,SocSon,"2",967.7200000000,I
8363,16.2000000000,60.5000000000,2.0000000000,58.0000000000,0.0000000000,2025-03-07 02:00:00.000,SocSon,"2",967.7200000000,I
8303,16.3000000000,63.9000000000,1.7000000000,0.0000000000,0.0000000000,2025-03-07 01:00:00.000,SocSon,"2",967.7200000000,I
8243,16.1000000000,63.3000000000,2.1000000000,300.0000000000,0.0000000000,2025-03-07 00:00:00.000,SocSon,"2",967.7200000000,I
8209,16.2000000000,66.4000000000,1.1000000000,179.0000000000,0.0000000000,2025-03-06 22:00:00.000,SocSon,"2",967.7200000000,I
8149,16.5000000000,65.5000000000,1.4000000000,150.0000000000,0.0000000000,2025-03-06 21:00:00.000,SocSon,"2",967.7200000000,I
8089,16.4000000000,66.4000000000,2.1000000000,171.0000000000,0.0000000000,2025-03-06 20:00:00.000,SocSon,"2",967.7200000000,I
8029,16.5000000000,66.9000000000,0.4000000000,73.0000000000,0.0000000000,2025-03-06 19:00:00.000,SocSon,"2",967.7200000000,I
7969,16.9000000000,67.3000000000,1.6000000000,169.0000000000,0.0000000000,2025-03-06 18:00:00.000,SocSon,"2",967.7200000000,I
7909,17.5000000000,65.3000000000,1.4000000000,24.0000000000,0.0000000000,2025-03-06 17:00:00.000,SocSon,"2",967.7200000000,I
7850,18.7000000000,58.6000000000,1.0000000000,16.0000000000,0.0000000000,2025-03-06 16:00:00.000,SocSon,"2",967.7200000000,I
7790,18.8000000000,56.3000000000,3.1000000000,299.0000000000,0.0000000000,2025-03-06 15:00:00.000,SocSon,"2",967.7200000000,I
7730,19.1000000000,55.4000000000,2.3000000000,114.0000000000,0.0000000000,2025-03-06 14:00:00.000,SocSon,"2",967.7200000000,I
7670,19.3000000000,58.7000000000,1.0000000000,46.0000000000,0.0000000000,2025-03-06 13:00:00.000,SocSon,"2",967.7200000000,I
7610,18.8000000000,61.3000000000,3.5000000000,143.0000000000,0.0000000000,2025-03-06 12:00:00.000,SocSon,"2",793.3600000000,I
7553,18.1000000000,60.7000000000,1.2000000000,159.0000000000,0.0000000000,2025-03-06 11:00:00.000,SocSon,"2",793.3600000000,I
7493,18.0000000000,63.3000000000,3.3000000000,338.0000000000,0.0000000000,2025-03-06 10:00:00.000,SocSon,"2",793.3600000000,I
7433,18.0000000000,60.0000000000,0.8000000000,24.0000000000,0.0000000000,2025-03-06 09:00:00.000,SocSon,"2",793.3600000000,I
7373,17.7000000000,62.9000000000,0.4000000000,179.0000000000,0.0000000000,2025-03-06 08:00:00.000,SocSon,"2",793.3600000000,I
7313,17.5000000000,67.0000000000,1.6000000000,79.0000000000,0.0000000000,2025-03-06 07:00:00.000,SocSon,"2",793.3600000000,I
7253,17.0000000000,72.6000000000,3.3000000000,258.0000000000,0.2000000000,2025-03-06 06:00:00.000,SocSon,"2",793.3600000000,I
7193,16.9000000000,75.9000000000,1.7000000000,345.0000000000,0.0000000000,2025-03-06 05:00:00.000,SocSon,"2",816.6900000000,I
7133,17.9000000000,74.6000000000,4.6000000000,14.0000000000,0.0000000000,2025-03-06 04:00:00.000,SocSon,"2",816.6900000000,I
7073,18.5000000000,74.4000000000,1.7000000000,63.0000000000,0.0000000000,2025-03-06 03:00:00.000,SocSon,"2",816.6900000000,I
7013,19.0000000000,71.8000000000,2.8000000000,317.0000000000,0.0000000000,2025-03-06 02:00:00.000,SocSon,"2",816.6900000000,I
6953,19.2000000000,76.8000000000,6.0000000000,50.0000000000,0.0000000000,2025-03-06 01:00:00.000,SocSon,"2",816.6900000000,I
6894,20.5000000000,74.8000000000,4.9000000000,31.0000000000,0.0000000000,2025-03-06 00:00:00.000,SocSon,"2",816.6900000000,I
6834,21.4000000000,72.5000000000,3.7000000000,36.0000000000,0.0000000000,2025-03-05 23:00:00.000,SocSon,"2",816.6900000000,I
6774,22.2000000000,71.5000000000,0.5000000000,102.0000000000,0.0000000000,2025-03-05 22:00:00.000,SocSon,"2",816.6900000000,I
6714,22.9000000000,69.8000000000,3.5000000000,0.0000000000,0.0000000000,2025-03-05 21:00:00.000,SocSon,"2",816.6900000000,I
6654,23.7000000000,68.0000000000,1.6000000000,8.0000000000,0.0000000000,2025-03-05 20:00:00.000,SocSon,"2",816.6900000000,I
6594,24.6000000000,68.1000000000,1.2000000000,121.0000000000,0.0000000000,2025-03-05 19:00:00.000,SocSon,"2",816.6900000000,I
6534,25.7000000000,68.0000000000,0.4000000000,193.0000000000,0.0000000000,2025-03-05 18:00:00.000,SocSon,"2",816.6900000000,I
5519,27.3000000000,74.4000000000,1.2000000000,169.0000000000,0.0000000000,2025-03-05 16:00:00.000,SocSon,"2",816.6900000000,I
4427,24.4000000000,86.5000000000,0.4000000000,217.0000000000,0.0000000000,2025-03-05 09:00:00.000,SocSon,"2",816.6900000000,I
4368,23.7000000000,88.5000000000,1.4000000000,124.0000000000,0.0000000000,2025-03-05 08:00:00.000,SocSon,"2",816.6900000000,I
4308,23.6000000000,88.0000000000,1.7000000000,148.0000000000,0.0000000000,2025-03-05 07:00:00.000,SocSon,"2",816.6900000000,I
4248,23.9000000000,88.2000000000,2.0000000000,172.0000000000,0.0000000000,2025-03-05 06:00:00.000,SocSon,"2",816.6900000000,I
4188,24.0000000000,88.0000000000,1.0000000000,168.0000000000,0.0000000000,2025-03-05 05:00:00.000,SocSon,"2",816.6900000000,I
4128,24.0000000000,88.1000000000,0.6000000000,216.0000000000,0.0000000000,2025-03-05 04:00:00.000,SocSon,"2",816.6900000000,I
4068,23.9000000000,88.2000000000,0.6000000000,169.0000000000,0.0000000000,2025-03-05 03:00:00.000,SocSon,"2",816.6900000000,I
4008,24.0000000000,87.9000000000,0.5000000000,193.0000000000,0.0000000000,2025-03-05 02:00:00.000,SocSon,"2",816.6900000000,I
3948,24.0000000000,87.7000000000,3.9000000000,153.0000000000,0.0000000000,2025-03-05 01:00:00.000,SocSon,"2",816.6900000000,I
3888,24.8000000000,83.7000000000,2.0000000000,126.0000000000,0.0000000000,2025-03-05 00:00:00.000,SocSon,"2",816.6900000000,I
3829,25.1000000000,83.0000000000,1.0000000000,121.0000000000,0.0000000000,2025-03-04 23:00:00.000,SocSon,"2",816.6900000000,I
3769,25.3000000000,82.4000000000,2.2000000000,133.0000000000,0.0000000000,2025-03-04 22:00:00.000,SocSon,"2",816.6900000000,I
3709,25.6000000000,81.1000000000,1.3000000000,121.0000000000,0.0000000000,2025-03-04 21:00:00.000,SocSon,"2",816.6900000000,I
3649,26.1000000000,79.2000000000,0.8000000000,193.0000000000,0.0000000000,2025-03-04 20:00:00.000,SocSon,"2",816.6900000000,I
3589,26.3000000000,77.9000000000,1.5000000000,94.0000000000,0.0000000000,2025-03-04 19:00:00.000,SocSon,"2",816.6900000000,I
3529,27.1000000000,74.1000000000,1.4000000000,122.0000000000,0.0000000000,2025-03-04 18:00:00.000,SocSon,"2",816.6900000000,I
3474,27.8000000000,72.0000000000,3.3000000000,129.0000000000,0.0000000000,2025-03-04 17:00:00.000,SocSon,"2",816.6900000000,I
3414,28.4000000000,67.9000000000,2.1000000000,149.0000000000,0.0000000000,2025-03-04 16:00:00.000,SocSon,"2",816.6900000000,I
3359,28.6000000000,68.4000000000,2.6000000000,151.0000000000,0.0000000000,2025-03-04 15:00:00.000,SocSon,"2",816.6900000000,I
3299,29.2000000000,65.8000000000,2.5000000000,159.0000000000,0.0000000000,2025-03-04 14:00:00.000,SocSon,"2",816.6900000000,I
3239,28.8000000000,66.5000000000,1.4000000000,120.0000000000,0.0000000000,2025-03-04 13:00:00.000,SocSon,"2",816.6900000000,I
3179,26.7000000000,75.0000000000,4.0000000000,153.0000000000,0.0000000000,2025-03-04 12:00:00.000,SocSon,"2",430.7700000000,I
3119,25.4000000000,81.3000000000,0.9000000000,121.0000000000,0.0000000000,2025-03-04 11:00:00.000,SocSon,"2",430.7700000000,I
3059,25.3000000000,82.7000000000,1.3000000000,145.0000000000,0.0000000000,2025-03-04 10:00:00.000,SocSon,"2",430.7700000000,I
3000,24.7000000000,84.1000000000,1.6000000000,151.0000000000,0.0000000000,2025-03-04 09:00:00.000,SocSon,"2",430.7700000000,I
2940,24.2000000000,87.0000000000,0.8000000000,169.0000000000,0.0000000000,2025-03-04 08:00:00.000,SocSon,"2",430.7700000000,I
2880,23.8000000000,87.7000000000,0.0000000000,265.0000000000,0.0000000000,2025-03-04 07:00:00.000,SocSon,"2",430.7700000000,I
2820,23.4000000000,88.4000000000,0.6000000000,169.0000000000,0.0000000000,2025-03-04 06:00:00.000,SocSon,"2",430.7700000000,I
2760,23.8000000000,87.3000000000,0.0000000000,169.0000000000,0.0000000000,2025-03-04 05:00:00.000,SocSon,"2",430.7700000000,I
2700,23.5000000000,88.0000000000,0.4000000000,193.0000000000,0.0000000000,2025-03-04 04:00:00.000,SocSon,"2",430.7700000000,I
2640,23.6000000000,87.8000000000,0.0000000000,217.0000000000,0.0000000000,2025-03-04 03:00:00.000,SocSon,"2",430.7700000000,I
2581,23.7000000000,87.6000000000,0.4000000000,194.0000000000,0.0000000000,2025-03-04 02:00:00.000,SocSon,"2",430.7700000000,I
2521,23.8000000000,87.4000000000,0.6000000000,121.0000000000,0.0000000000,2025-03-04 01:00:00.000,SocSon,"2",430.7700000000,I
2461,23.8000000000,87.6000000000,0.0000000000,306.0000000000,0.0000000000,2025-03-04 00:00:00.000,SocSon,"2",430.7700000000,I
2401,23.8000000000,88.0000000000,1.7000000000,137.0000000000,0.0000000000,2025-03-03 23:00:00.000,SocSon,"2",430.7700000000,I
2341,24.2000000000,88.4000000000,1.4000000000,121.0000000000,0.0000000000,2025-03-03 22:00:00.000,SocSon,"2",430.7700000000,I
2281,24.7000000000,85.8000000000,0.0000000000,145.0000000000,0.0000000000,2025-03-03 21:00:00.000,SocSon,"2",430.7700000000,I
2221,24.7000000000,85.2000000000,0.4000000000,193.0000000000,0.0000000000,2025-03-03 20:00:00.000,SocSon,"2",430.7700000000,I
2165,26.6000000000,75.9000000000,1.9000000000,168.0000000000,0.2000000000,2025-03-03 16:00:00.000,SocSon,"2",430.7700000000,I
2145,23.5000000000,72.4000000000,1.8000000000,120.0000000000,0.0000000000,2025-02-28 14:00:00.000,SocSon,"2",430.7700000000,I
2086,21.3000000000,81.4000000000,0.8000000000,168.0000000000,0.0000000000,2025-02-28 10:00:00.000,SocSon,"2",430.7700000000,I
1274,21.4000000000,55.5000000000,2.1000000000,25.0000000000,0.0000000000,2024-12-26 09:00:00.000,SocSon,"2",430.7700000000,I
1214,20.3000000000,61.7000000000,0.6000000000,324.0000000000,0.0000000000,2024-12-26 08:00:00.000,SocSon,"2",430.7700000000,I
1154,19.0000000000,69.0000000000,2.0000000000,329.0000000000,0.0000000000,2024-12-26 07:00:00.000,SocSon,"2",430.7700000000,I
1095,19.0000000000,68.9000000000,1.0000000000,315.0000000000,0.0000000000,2024-12-26 06:00:00.000,SocSon,"2",430.7700000000,I
1035,18.8000000000,71.3000000000,1.5000000000,337.0000000000,0.0000000000,2024-12-26 05:00:00.000,SocSon,"2",430.7700000000,I
975,18.9000000000,71.6000000000,1.1000000000,0.0000000000,0.0000000000,2024-12-26 04:00:00.000,SocSon,"2",430.7700000000,I
915,19.3000000000,68.7000000000,1.2000000000,0.0000000000,0.0000000000,2024-12-26 03:00:00.000,SocSon,"2",430.7700000000,I
855,19.1000000000,71.4000000000,0.0000000000,0.0000000000,0.0000000000,2024-12-26 02:00:00.000,SocSon,"2",430.7700000000,I
795,18.6000000000,73.0000000000,0.0000000000,313.0000000000,0.0000000000,2024-12-26 01:00:00.000,SocSon,"2",430.7700000000,I
735,17.5000000000,73.7000000000,0.0000000000,0.0000000000,0.0000000000,2024-12-26 00:00:00.000,SocSon,"2",430.7700000000,I
675,19.7000000000,67.7000000000,0.0000000000,217.0000000000,0.0000000000,2024-12-25 23:00:00.000,SocSon,"2",430.7700000000,I
615,20.3000000000,62.9000000000,0.6000000000,169.0000000000,0.0000000000,2024-12-25 22:00:00.000,SocSon,"2",430.7700000000,I
555,20.5000000000,64.4000000000,0.8000000000,169.0000000000,0.0000000000,2024-12-25 21:00:00.000,SocSon,"2",430.7700000000,I
495,19.6000000000,66.1000000000,0.0000000000,0.0000000000,0.0000000000,2024-12-25 20:00:00.000,SocSon,"2",430.7700000000,I
436,17.8000000000,71.1000000000,0.0000000000,313.0000000000,0.0000000000,2024-12-25 19:00:00.000,SocSon,"2",430.7700000000,I
376,18.8000000000,68.3000000000,0.0000000000,313.0000000000,0.0000000000,2024-12-25 18:00:00.000,SocSon,"2",430.7700000000,I
316,23.0000000000,58.7000000000,0.0000000000,265.0000000000,0.0000000000,2024-12-25 17:00:00.000,SocSon,"2",430.7700000000,I
256,24.3000000000,50.9000000000,0.6000000000,24.0000000000,0.0000000000,2024-12-25 16:00:00.000,SocSon,"2",430.7700000000,I
196,25.0000000000,46.8000000000,1.6000000000,98.0000000000,0.0000000000,2024-12-25 15:00:00.000,SocSon,"2",430.7700000000,I
136,25.7000000000,44.6000000000,2.8000000000,120.0000000000,0.0000000000,2024-12-25 14:00:00.000,SocSon,"2",430.7700000000,I
75,24.9000000000,44.9000000000,1.2000000000,26.0000000000,0.0000000000,2024-12-25 13:00:00.000,SocSon,"2",430.7700000000,I
15,23.9000000000,46.3000000000,1.7000000000,117.0000000000,0.0000000000,2024-12-25 12:00:00.000,SocSon,"2",0.0000000000,I
1,25.7000000000,78.1000000000,1.8000000000,138.0000000000,0.0000000000,2025-03-12 13:00:00.000,SocSon,"2",1432.8700000000,I
